OrderID,CustomerID,StoreID,OrderDate,OrderStatus,PaymentID
ORD0000875,CUST00143,STORE0001,2026-01-01,Completed,PAY0000875
ORD0000929,CUST00146,STORE0015,2026-01-01,Completed,PAY0000929
ORD0000946,CUST00057,STORE0014,2026-01-01,Completed,PAY0000946
ORD0001160,CUST00096,STORE0016,2026-01-01,Cancelled,PAY0001160
ORD0001439,CUST00124,STORE0005,2026-01-01,Completed,PAY0001439
ORD0001789,CUST00018,STORE0006,2026-01-01,Completed,PAY0001789
ORD0001821,CUST00041,STORE0018,2026-01-01,Completed,PAY0001821
ORD0002087,CUST00101,STORE0004,2026-01-01,Completed,PAY0002087
ORD0002165,CUST00089,STORE0008,2026-01-01,Completed,PAY0002165
ORD0002392,CUST00064,STORE0008,2026-01-01,Completed,PAY0002392
ORD0002648,CUST00053,STORE0015,2026-01-01,Cancelled,PAY0002648
ORD0002905,CUST00045,STORE0003,2026-01-01,Completed,PAY0002905
ORD0003132,CUST00086,STORE0015,2026-01-01,Completed,PAY0003132
ORD0003284,CUST00017,STORE0013,2026-01-01,Completed,PAY0003284
ORD0003561,CUST00067,STORE0009,2026-01-01,Completed,PAY0003561
ORD0003641,CUST00148,STORE0002,2026-01-01,Completed,PAY0003641
ORD0004096,CUST00063,STORE0007,2026-01-01,Completed,PAY0004096
ORD0000316,CUST00129,STORE0017,2026-01-02,Completed,PAY0000316
ORD0000350,CUST00020,STORE0010,2026-01-02,Completed,PAY0000350
ORD0000441,CUST00093,STORE0015,2026-01-02,Completed,PAY0000441
ORD0000702,CUST00132,STORE0010,2026-01-02,Completed,PAY0000702
ORD0001089,CUST00012,STORE0009,2026-01-02,Completed,PAY0001089
ORD0001143,CUST00077,STORE0005,2026-01-02,Completed,PAY0001143
ORD0001312,CUST00118,STORE0002,2026-01-02,Completed,PAY0001312
ORD0001446,CUST00091,STORE0018,2026-01-02,Completed,PAY0001446
ORD0001896,CUST00116,STORE0001,2026-01-02,Completed,PAY0001896
ORD0002133,CUST00014,STORE0010,2026-01-02,Completed,PAY0002133
ORD0002215,CUST00111,STORE0005,2026-01-02,Completed,PAY0002215
ORD0002286,CUST00121,STORE0017,2026-01-02,Completed,PAY0002286
ORD0002349,CUST00076,STORE0017,2026-01-02,Completed,PAY0002349
ORD0002403,CUST00104,STORE0004,2026-01-02,Completed,PAY0002403
ORD0002540,CUST00126,STORE0003,2026-01-02,Completed,PAY0002540
ORD0002594,CUST00033,STORE0005,2026-01-02,Completed,PAY0002594
ORD0002611,CUST00030,STORE0011,2026-01-02,Completed,PAY0002611
ORD0002698,CUST00124,STORE0002,2026-01-02,Completed,PAY0002698
ORD0002962,CUST00145,STORE0007,2026-01-02,Completed,PAY0002962
ORD0003225,CUST00080,STORE0015,2026-01-02,Completed,PAY0003225
ORD0003676,CUST00087,STORE0005,2026-01-02,Completed,PAY0003676
ORD0003722,CUST00072,STORE0005,2026-01-02,Completed,PAY0003722
ORD0003851,CUST00006,STORE0003,2026-01-02,Completed,PAY0003851
ORD0004181,CUST00061,STORE0008,2026-01-02,Completed,PAY0004181
ORD0000658,CUST00073,STORE0001,2026-01-03,Completed,PAY0000658
ORD0000982,CUST00101,STORE0002,2026-01-03,Completed,PAY0000982
ORD0001001,CUST00131,STORE0005,2026-01-03,Completed,PAY0001001
ORD0001057,CUST00100,STORE0013,2026-01-03,Completed,PAY0001057
ORD0001514,CUST00027,STORE0001,2026-01-03,Completed,PAY0001514
ORD0001682,CUST00138,STORE0002,2026-01-03,Completed,PAY0001682
ORD0001700,CUST00027,STORE0002,2026-01-03,Completed,PAY0001700
ORD0001952,CUST00068,STORE0002,2026-01-03,Completed,PAY0001952
ORD0002047,CUST00091,STORE0017,2026-01-03,Completed,PAY0002047
ORD0002493,CUST00010,STORE0007,2026-01-03,Completed,PAY0002493
ORD0003101,CUST00043,STORE0004,2026-01-03,Completed,PAY0003101
ORD0003316,CUST00014,STORE0001,2026-01-03,Completed,PAY0003316
ORD0003841,CUST00064,STORE0005,2026-01-03,Completed,PAY0003841
ORD0000247,CUST00040,STORE0010,2026-01-04,Completed,PAY0000247
ORD0000408,CUST00128,STORE0002,2026-01-04,Completed,PAY0000408
ORD0000510,CUST00118,STORE0007,2026-01-04,Completed,PAY0000510
ORD0000778,CUST00020,STORE0005,2026-01-04,Completed,PAY0000778
ORD0001190,CUST00059,STORE0003,2026-01-04,Completed,PAY0001190
ORD0001355,CUST00098,STORE0011,2026-01-04,Completed,PAY0001355
ORD0001678,CUST00073,STORE0008,2026-01-04,Completed,PAY0001678
ORD0002793,CUST00019,STORE0010,2026-01-04,Cancelled,PAY0002793
ORD0002901,CUST00099,STORE0016,2026-01-04,Completed,PAY0002901
ORD0002995,CUST00025,STORE0001,2026-01-04,Completed,PAY0002995
ORD0003323,CUST00021,STORE0006,2026-01-04,Cancelled,PAY0003323
ORD0000309,CUST00113,STORE0010,2026-01-05,Completed,PAY0000309
ORD0000428,CUST00145,STORE0018,2026-01-05,Completed,PAY0000428
ORD0001267,CUST00076,STORE0012,2026-01-05,Completed,PAY0001267
ORD0001302,CUST00087,STORE0016,2026-01-05,Completed,PAY0001302
ORD0001573,CUST00101,STORE0009,2026-01-05,Completed,PAY0001573
ORD0001814,CUST00097,STORE0018,2026-01-05,Completed,PAY0001814
ORD0001885,CUST00148,STORE0013,2026-01-05,Cancelled,PAY0001885
ORD0002005,CUST00107,STORE0010,2026-01-05,Completed,PAY0002005
ORD0002162,CUST00040,STORE0003,2026-01-05,Completed,PAY0002162
ORD0002415,CUST00064,STORE0017,2026-01-05,Completed,PAY0002415
ORD0002451,CUST00115,STORE0015,2026-01-05,Completed,PAY0002451
ORD0002596,CUST00090,STORE0014,2026-01-05,Completed,PAY0002596
ORD0002617,CUST00013,STORE0004,2026-01-05,Completed,PAY0002617
ORD0002980,CUST00024,STORE0001,2026-01-05,Completed,PAY0002980
ORD0003004,CUST00109,STORE0005,2026-01-05,Completed,PAY0003004
ORD0003189,CUST00146,STORE0010,2026-01-05,Completed,PAY0003189
ORD0003193,CUST00122,STORE0017,2026-01-05,Completed,PAY0003193
ORD0003245,CUST00124,STORE0011,2026-01-05,Completed,PAY0003245
ORD0003436,CUST00010,STORE0002,2026-01-05,Completed,PAY0003436
ORD0003500,CUST00118,STORE0009,2026-01-05,Completed,PAY0003500
ORD0003697,CUST00143,STORE0002,2026-01-05,Completed,PAY0003697
ORD0003706,CUST00012,STORE0006,2026-01-05,Completed,PAY0003706
ORD0004008,CUST00049,STORE0005,2026-01-05,Completed,PAY0004008
ORD0000126,CUST00059,STORE0011,2026-01-06,Completed,PAY0000126
ORD0001340,CUST00094,STORE0003,2026-01-06,Completed,PAY0001340
ORD0001629,CUST00016,STORE0001,2026-01-06,Completed,PAY0001629
ORD0001824,CUST00148,STORE0018,2026-01-06,Completed,PAY0001824
ORD0002180,CUST00113,STORE0017,2026-01-06,Completed,PAY0002180
ORD0002256,CUST00013,STORE0012,2026-01-06,Completed,PAY0002256
ORD0002309,CUST00058,STORE0016,2026-01-06,Completed,PAY0002309
ORD0002484,CUST00127,STORE0005,2026-01-06,Completed,PAY0002484
ORD0002564,CUST00110,STORE0004,2026-01-06,Completed,PAY0002564
ORD0002933,CUST00008,STORE0009,2026-01-06,Completed,PAY0002933
ORD0000019,CUST00040,STORE0007,2026-01-07,Completed,PAY0000019
ORD0000064,CUST00150,STORE0012,2026-01-07,Completed,PAY0000064
ORD0000117,CUST00015,STORE0008,2026-01-07,Completed,PAY0000117
ORD0000433,CUST00109,STORE0003,2026-01-07,Completed,PAY0000433
ORD0000686,CUST00142,STORE0009,2026-01-07,Completed,PAY0000686
ORD0000843,CUST00110,STORE0010,2026-01-07,Cancelled,PAY0000843
ORD0000927,CUST00054,STORE0013,2026-01-07,Completed,PAY0000927
ORD0001583,CUST00090,STORE0005,2026-01-07,Completed,PAY0001583
ORD0002048,CUST00099,STORE0016,2026-01-07,Completed,PAY0002048
ORD0002929,CUST00140,STORE0012,2026-01-07,Cancelled,PAY0002929
ORD0003987,CUST00076,STORE0002,2026-01-07,Completed,PAY0003987
ORD0000207,CUST00111,STORE0009,2026-01-08,Completed,PAY0000207
ORD0000281,CUST00063,STORE0012,2026-01-08,Completed,PAY0000281
ORD0000703,CUST00088,STORE0016,2026-01-08,Completed,PAY0000703
ORD0000932,CUST00066,STORE0017,2026-01-08,Completed,PAY0000932
ORD0002018,CUST00057,STORE0013,2026-01-08,Completed,PAY0002018
ORD0002486,CUST00065,STORE0016,2026-01-08,Completed,PAY0002486
ORD0003279,CUST00109,STORE0004,2026-01-08,Completed,PAY0003279
ORD0003288,CUST00112,STORE0014,2026-01-08,Completed,PAY0003288
ORD0003376,CUST00057,STORE0005,2026-01-08,Completed,PAY0003376
ORD0003601,CUST00078,STORE0008,2026-01-08,Completed,PAY0003601
ORD0003835,CUST00098,STORE0016,2026-01-08,Completed,PAY0003835
ORD0004182,CUST00088,STORE0004,2026-01-08,Completed,PAY0004182
ORD0000002,CUST00100,STORE0014,2026-01-09,Completed,PAY0000002
ORD0000024,CUST00038,STORE0010,2026-01-09,Completed,PAY0000024
ORD0000389,CUST00028,STORE0008,2026-01-09,Completed,PAY0000389
ORD0000641,CUST00111,STORE0015,2026-01-09,Completed,PAY0000641
ORD0000731,CUST00119,STORE0015,2026-01-09,Completed,PAY0000731
ORD0001170,CUST00073,STORE0014,2026-01-09,Completed,PAY0001170
ORD0001234,CUST00053,STORE0018,2026-01-09,Completed,PAY0001234
ORD0001246,CUST00147,STORE0018,2026-01-09,Completed,PAY0001246
ORD0001388,CUST00119,STORE0009,2026-01-09,Completed,PAY0001388
ORD0001490,CUST00039,STORE0011,2026-01-09,Completed,PAY0001490
ORD0001568,CUST00042,STORE0002,2026-01-09,Completed,PAY0001568
ORD0001853,CUST00062,STORE0016,2026-01-09,Completed,PAY0001853
ORD0002110,CUST00028,STORE0009,2026-01-09,Completed,PAY0002110
ORD0002364,CUST00091,STORE0005,2026-01-09,Completed,PAY0002364
ORD0002379,CUST00094,STORE0017,2026-01-09,Completed,PAY0002379
ORD0002421,CUST00137,STORE0017,2026-01-09,Completed,PAY0002421
ORD0002703,CUST00021,STORE0014,2026-01-09,Completed,PAY0002703
ORD0003457,CUST00024,STORE0011,2026-01-09,Completed,PAY0003457
ORD0003739,CUST00086,STORE0005,2026-01-09,Completed,PAY0003739
ORD0003849,CUST00103,STORE0003,2026-01-09,Completed,PAY0003849
ORD0003971,CUST00033,STORE0014,2026-01-09,Cancelled,PAY0003971
ORD0004138,CUST00049,STORE0005,2026-01-09,Completed,PAY0004138
ORD0000571,CUST00028,STORE0007,2026-01-10,Completed,PAY0000571
ORD0000741,CUST00137,STORE0018,2026-01-10,Completed,PAY0000741
ORD0000747,CUST00063,STORE0013,2026-01-10,Completed,PAY0000747
ORD0000914,CUST00019,STORE0011,2026-01-10,Completed,PAY0000914
ORD0001650,CUST00015,STORE0002,2026-01-10,Completed,PAY0001650
ORD0001953,CUST00076,STORE0004,2026-01-10,Completed,PAY0001953
ORD0002230,CUST00124,STORE0018,2026-01-10,Completed,PAY0002230
ORD0002401,CUST00068,STORE0004,2026-01-10,Completed,PAY0002401
ORD0002457,CUST00129,STORE0012,2026-01-10,Completed,PAY0002457
ORD0002476,CUST00034,STORE0015,2026-01-10,Cancelled,PAY0002476
ORD0003262,CUST00078,STORE0006,2026-01-10,Completed,PAY0003262
ORD0003320,CUST00084,STORE0012,2026-01-10,Completed,PAY0003320
ORD0003466,CUST00007,STORE0014,2026-01-10,Completed,PAY0003466
ORD0003472,CUST00120,STORE0007,2026-01-10,Completed,PAY0003472
ORD0003477,CUST00073,STORE0010,2026-01-10,Completed,PAY0003477
ORD0003564,CUST00134,STORE0005,2026-01-10,Completed,PAY0003564
ORD0003606,CUST00093,STORE0018,2026-01-10,Completed,PAY0003606
ORD0003861,CUST00072,STORE0015,2026-01-10,Completed,PAY0003861
ORD0000541,CUST00105,STORE0004,2026-01-11,Completed,PAY0000541
ORD0000764,CUST00017,STORE0014,2026-01-11,Completed,PAY0000764
ORD0000853,CUST00038,STORE0012,2026-01-11,Cancelled,PAY0000853
ORD0001015,CUST00064,STORE0007,2026-01-11,Completed,PAY0001015
ORD0001616,CUST00137,STORE0005,2026-01-11,Completed,PAY0001616
ORD0001809,CUST00006,STORE0016,2026-01-11,Completed,PAY0001809
ORD0001858,CUST00094,STORE0009,2026-01-11,Completed,PAY0001858
ORD0001960,CUST00112,STORE0005,2026-01-11,Completed,PAY0001960
ORD0002370,CUST00150,STORE0018,2026-01-11,Completed,PAY0002370
ORD0002422,CUST00092,STORE0014,2026-01-11,Completed,PAY0002422
ORD0002544,CUST00105,STORE0011,2026-01-11,Completed,PAY0002544
ORD0002979,CUST00098,STORE0005,2026-01-11,Completed,PAY0002979
ORD0003302,CUST00119,STORE0001,2026-01-11,Completed,PAY0003302
ORD0003933,CUST00135,STORE0016,2026-01-11,Completed,PAY0003933
ORD0004094,CUST00034,STORE0008,2026-01-11,Completed,PAY0004094
ORD0000066,CUST00103,STORE0017,2026-01-12,Completed,PAY0000066
ORD0000093,CUST00069,STORE0016,2026-01-12,Completed,PAY0000093
ORD0000266,CUST00116,STORE0013,2026-01-12,Completed,PAY0000266
ORD0000269,CUST00101,STORE0018,2026-01-12,Completed,PAY0000269
ORD0000351,CUST00083,STORE0016,2026-01-12,Completed,PAY0000351
ORD0000855,CUST00123,STORE0009,2026-01-12,Completed,PAY0000855
ORD0000969,CUST00133,STORE0018,2026-01-12,Completed,PAY0000969
ORD0001207,CUST00130,STORE0008,2026-01-12,Completed,PAY0001207
ORD0001662,CUST00049,STORE0018,2026-01-12,Completed,PAY0001662
ORD0002112,CUST00137,STORE0014,2026-01-12,Completed,PAY0002112
ORD0002130,CUST00063,STORE0001,2026-01-12,Completed,PAY0002130
ORD0002354,CUST00113,STORE0003,2026-01-12,Completed,PAY0002354
ORD0002775,CUST00048,STORE0004,2026-01-12,Completed,PAY0002775
ORD0002959,CUST00056,STORE0008,2026-01-12,Completed,PAY0002959
ORD0003109,CUST00111,STORE0015,2026-01-12,Completed,PAY0003109
ORD0003110,CUST00066,STORE0014,2026-01-12,Completed,PAY0003110
ORD0003265,CUST00078,STORE0009,2026-01-12,Completed,PAY0003265
ORD0003832,CUST00070,STORE0012,2026-01-12,Completed,PAY0003832
ORD0004031,CUST00104,STORE0001,2026-01-12,Completed,PAY0004031
ORD0000060,CUST00061,STORE0015,2026-01-13,Cancelled,PAY0000060
ORD0000376,CUST00110,STORE0006,2026-01-13,Completed,PAY0000376
ORD0000726,CUST00010,STORE0007,2026-01-13,Completed,PAY0000726
ORD0001091,CUST00051,STORE0013,2026-01-13,Completed,PAY0001091
ORD0001139,CUST00094,STORE0011,2026-01-13,Completed,PAY0001139
ORD0001799,CUST00107,STORE0001,2026-01-13,Completed,PAY0001799
ORD0002067,CUST00082,STORE0014,2026-01-13,Completed,PAY0002067
ORD0002141,CUST00040,STORE0005,2026-01-13,Completed,PAY0002141
ORD0002343,CUST00051,STORE0016,2026-01-13,Completed,PAY0002343
ORD0002360,CUST00144,STORE0016,2026-01-13,Completed,PAY0002360
ORD0002389,CUST00137,STORE0006,2026-01-13,Completed,PAY0002389
ORD0002503,CUST00011,STORE0009,2026-01-13,Completed,PAY0002503
ORD0002656,CUST00114,STORE0001,2026-01-13,Completed,PAY0002656
ORD0003025,CUST00146,STORE0009,2026-01-13,Completed,PAY0003025
ORD0003276,CUST00001,STORE0009,2026-01-13,Completed,PAY0003276
ORD0003591,CUST00015,STORE0012,2026-01-13,Completed,PAY0003591
ORD0003815,CUST00115,STORE0002,2026-01-13,Completed,PAY0003815
ORD0000048,CUST00025,STORE0005,2026-01-14,Completed,PAY0000048
ORD0000152,CUST00022,STORE0003,2026-01-14,Completed,PAY0000152
ORD0000708,CUST00127,STORE0018,2026-01-14,Completed,PAY0000708
ORD0000837,CUST00145,STORE0003,2026-01-14,Completed,PAY0000837
ORD0001020,CUST00009,STORE0012,2026-01-14,Completed,PAY0001020
ORD0001259,CUST00019,STORE0017,2026-01-14,Cancelled,PAY0001259
ORD0001282,CUST00035,STORE0016,2026-01-14,Completed,PAY0001282
ORD0002061,CUST00089,STORE0002,2026-01-14,Completed,PAY0002061
ORD0002584,CUST00131,STORE0011,2026-01-14,Completed,PAY0002584
ORD0002777,CUST00027,STORE0018,2026-01-14,Completed,PAY0002777
ORD0002819,CUST00127,STORE0003,2026-01-14,Cancelled,PAY0002819
ORD0002925,CUST00132,STORE0017,2026-01-14,Completed,PAY0002925
ORD0003024,CUST00010,STORE0002,2026-01-14,Completed,PAY0003024
ORD0003441,CUST00064,STORE0008,2026-01-14,Completed,PAY0003441
ORD0000028,CUST00046,STORE0008,2026-01-15,Completed,PAY0000028
ORD0000100,CUST00077,STORE0004,2026-01-15,Completed,PAY0000100
ORD0000257,CUST00051,STORE0006,2026-01-15,Completed,PAY0000257
ORD0000430,CUST00096,STORE0007,2026-01-15,Completed,PAY0000430
ORD0000665,CUST00114,STORE0002,2026-01-15,Completed,PAY0000665
ORD0000668,CUST00044,STORE0015,2026-01-15,Completed,PAY0000668
ORD0001024,CUST00002,STORE0005,2026-01-15,Completed,PAY0001024
ORD0001407,CUST00146,STORE0010,2026-01-15,Completed,PAY0001407
ORD0001611,CUST00096,STORE0001,2026-01-15,Completed,PAY0001611
ORD0001816,CUST00144,STORE0004,2026-01-15,Completed,PAY0001816
ORD0001840,CUST00018,STORE0001,2026-01-15,Completed,PAY0001840
ORD0002254,CUST00006,STORE0014,2026-01-15,Completed,PAY0002254
ORD0002271,CUST00132,STORE0012,2026-01-15,Completed,PAY0002271
ORD0002917,CUST00126,STORE0008,2026-01-15,Completed,PAY0002917
ORD0002941,CUST00045,STORE0016,2026-01-15,Completed,PAY0002941
ORD0003124,CUST00122,STORE0016,2026-01-15,Cancelled,PAY0003124
ORD0003681,CUST00057,STORE0005,2026-01-15,Completed,PAY0003681
ORD0004020,CUST00119,STORE0015,2026-01-15,Completed,PAY0004020
ORD0004060,CUST00125,STORE0015,2026-01-15,Completed,PAY0004060
ORD0000170,CUST00057,STORE0009,2026-01-16,Completed,PAY0000170
ORD0000287,CUST00150,STORE0006,2026-01-16,Completed,PAY0000287
ORD0000643,CUST00091,STORE0015,2026-01-16,Completed,PAY0000643
ORD0000674,CUST00080,STORE0001,2026-01-16,Completed,PAY0000674
ORD0000742,CUST00085,STORE0004,2026-01-16,Completed,PAY0000742
ORD0000841,CUST00066,STORE0001,2026-01-16,Completed,PAY0000841
ORD0001328,CUST00123,STORE0004,2026-01-16,Completed,PAY0001328
ORD0001420,CUST00114,STORE0012,2026-01-16,Completed,PAY0001420
ORD0001670,CUST00110,STORE0009,2026-01-16,Completed,PAY0001670
ORD0001919,CUST00104,STORE0002,2026-01-16,Completed,PAY0001919
ORD0001974,CUST00042,STORE0009,2026-01-16,Completed,PAY0001974
ORD0002054,CUST00018,STORE0009,2026-01-16,Completed,PAY0002054
ORD0002526,CUST00113,STORE0007,2026-01-16,Completed,PAY0002526
ORD0002626,CUST00062,STORE0016,2026-01-16,Completed,PAY0002626
ORD0003064,CUST00027,STORE0007,2026-01-16,Completed,PAY0003064
ORD0003570,CUST00110,STORE0009,2026-01-16,Completed,PAY0003570
ORD0003586,CUST00035,STORE0012,2026-01-16,Completed,PAY0003586
ORD0003648,CUST00002,STORE0011,2026-01-16,Completed,PAY0003648
ORD0003818,CUST00094,STORE0009,2026-01-16,Completed,PAY0003818
ORD0003913,CUST00064,STORE0013,2026-01-16,Completed,PAY0003913
ORD0003958,CUST00106,STORE0009,2026-01-16,Completed,PAY0003958
ORD0004047,CUST00132,STORE0014,2026-01-16,Completed,PAY0004047
ORD0000359,CUST00081,STORE0017,2026-01-17,Completed,PAY0000359
ORD0000402,CUST00101,STORE0004,2026-01-17,Completed,PAY0000402
ORD0000533,CUST00057,STORE0018,2026-01-17,Cancelled,PAY0000533
ORD0000656,CUST00037,STORE0010,2026-01-17,Completed,PAY0000656
ORD0000757,CUST00140,STORE0008,2026-01-17,Cancelled,PAY0000757
ORD0001323,CUST00018,STORE0008,2026-01-17,Completed,PAY0001323
ORD0001623,CUST00125,STORE0007,2026-01-17,Completed,PAY0001623
ORD0001639,CUST00089,STORE0009,2026-01-17,Completed,PAY0001639
ORD0002306,CUST00140,STORE0009,2026-01-17,Completed,PAY0002306
ORD0002469,CUST00071,STORE0005,2026-01-17,Completed,PAY0002469
ORD0002887,CUST00017,STORE0006,2026-01-17,Completed,PAY0002887
ORD0003019,CUST00079,STORE0008,2026-01-17,Completed,PAY0003019
ORD0003396,CUST00010,STORE0014,2026-01-17,Completed,PAY0003396
ORD0003552,CUST00043,STORE0008,2026-01-17,Completed,PAY0003552
ORD0003577,CUST00017,STORE0010,2026-01-17,Completed,PAY0003577
ORD0003604,CUST00145,STORE0005,2026-01-17,Completed,PAY0003604
ORD0003886,CUST00090,STORE0008,2026-01-17,Completed,PAY0003886
ORD0000092,CUST00098,STORE0006,2026-01-18,Completed,PAY0000092
ORD0000315,CUST00073,STORE0007,2026-01-18,Cancelled,PAY0000315
ORD0000365,CUST00009,STORE0006,2026-01-18,Completed,PAY0000365
ORD0000459,CUST00004,STORE0014,2026-01-18,Completed,PAY0000459
ORD0000781,CUST00148,STORE0018,2026-01-18,Completed,PAY0000781
ORD0001021,CUST00143,STORE0016,2026-01-18,Completed,PAY0001021
ORD0001133,CUST00039,STORE0015,2026-01-18,Completed,PAY0001133
ORD0001189,CUST00033,STORE0007,2026-01-18,Cancelled,PAY0001189
ORD0001252,CUST00008,STORE0013,2026-01-18,Completed,PAY0001252
ORD0001310,CUST00035,STORE0002,2026-01-18,Completed,PAY0001310
ORD0001367,CUST00132,STORE0003,2026-01-18,Completed,PAY0001367
ORD0001487,CUST00088,STORE0006,2026-01-18,Completed,PAY0001487
ORD0001645,CUST00045,STORE0016,2026-01-18,Completed,PAY0001645
ORD0002502,CUST00126,STORE0008,2026-01-18,Completed,PAY0002502
ORD0002595,CUST00006,STORE0002,2026-01-18,Completed,PAY0002595
ORD0003280,CUST00105,STORE0012,2026-01-18,Completed,PAY0003280
ORD0003364,CUST00022,STORE0008,2026-01-18,Completed,PAY0003364
ORD0003718,CUST00072,STORE0016,2026-01-18,Completed,PAY0003718
ORD0003848,CUST00073,STORE0011,2026-01-18,Cancelled,PAY0003848
ORD0004045,CUST00145,STORE0014,2026-01-18,Completed,PAY0004045
ORD0000076,CUST00094,STORE0014,2026-01-19,Completed,PAY0000076
ORD0000277,CUST00109,STORE0015,2026-01-19,Completed,PAY0000277
ORD0000312,CUST00068,STORE0007,2026-01-19,Completed,PAY0000312
ORD0000400,CUST00130,STORE0003,2026-01-19,Completed,PAY0000400
ORD0000424,CUST00143,STORE0015,2026-01-19,Completed,PAY0000424
ORD0000454,CUST00131,STORE0017,2026-01-19,Completed,PAY0000454
ORD0000587,CUST00112,STORE0016,2026-01-19,Completed,PAY0000587
ORD0000679,CUST00101,STORE0009,2026-01-19,Completed,PAY0000679
ORD0001029,CUST00110,STORE0013,2026-01-19,Completed,PAY0001029
ORD0001083,CUST00004,STORE0006,2026-01-19,Completed,PAY0001083
ORD0001293,CUST00101,STORE0015,2026-01-19,Completed,PAY0001293
ORD0001435,CUST00133,STORE0004,2026-01-19,Completed,PAY0001435
ORD0001460,CUST00089,STORE0001,2026-01-19,Completed,PAY0001460
ORD0001716,CUST00133,STORE0016,2026-01-19,Completed,PAY0001716
ORD0002099,CUST00096,STORE0008,2026-01-19,Completed,PAY0002099
ORD0002431,CUST00079,STORE0014,2026-01-19,Completed,PAY0002431
ORD0002504,CUST00021,STORE0006,2026-01-19,Completed,PAY0002504
ORD0002585,CUST00080,STORE0009,2026-01-19,Completed,PAY0002585
ORD0002745,CUST00069,STORE0015,2026-01-19,Completed,PAY0002745
ORD0002969,CUST00053,STORE0012,2026-01-19,Completed,PAY0002969
ORD0002988,CUST00147,STORE0007,2026-01-19,Completed,PAY0002988
ORD0003618,CUST00031,STORE0018,2026-01-19,Cancelled,PAY0003618
ORD0003820,CUST00134,STORE0014,2026-01-19,Completed,PAY0003820
ORD0004018,CUST00022,STORE0003,2026-01-19,Completed,PAY0004018
ORD0004027,CUST00047,STORE0008,2026-01-19,Completed,PAY0004027
ORD0004058,CUST00097,STORE0014,2026-01-19,Completed,PAY0004058
ORD0000116,CUST00007,STORE0001,2026-01-20,Completed,PAY0000116
ORD0000515,CUST00045,STORE0012,2026-01-20,Completed,PAY0000515
ORD0000550,CUST00149,STORE0003,2026-01-20,Completed,PAY0000550
ORD0000580,CUST00102,STORE0001,2026-01-20,Completed,PAY0000580
ORD0001056,CUST00085,STORE0003,2026-01-20,Completed,PAY0001056
ORD0001080,CUST00054,STORE0008,2026-01-20,Completed,PAY0001080
ORD0001153,CUST00147,STORE0017,2026-01-20,Completed,PAY0001153
ORD0001217,CUST00036,STORE0006,2026-01-20,Completed,PAY0001217
ORD0001366,CUST00002,STORE0013,2026-01-20,Completed,PAY0001366
ORD0001552,CUST00078,STORE0009,2026-01-20,Completed,PAY0001552
ORD0001666,CUST00031,STORE0010,2026-01-20,Completed,PAY0001666
ORD0002023,CUST00090,STORE0010,2026-01-20,Completed,PAY0002023
ORD0002081,CUST00129,STORE0002,2026-01-20,Completed,PAY0002081
ORD0002241,CUST00028,STORE0011,2026-01-20,Completed,PAY0002241
ORD0002768,CUST00092,STORE0015,2026-01-20,Completed,PAY0002768
ORD0002860,CUST00130,STORE0011,2026-01-20,Cancelled,PAY0002860
ORD0002916,CUST00101,STORE0006,2026-01-20,Completed,PAY0002916
ORD0003556,CUST00091,STORE0006,2026-01-20,Completed,PAY0003556
ORD0003959,CUST00069,STORE0017,2026-01-20,Completed,PAY0003959
ORD0004124,CUST00086,STORE0007,2026-01-20,Cancelled,PAY0004124
ORD0000213,CUST00029,STORE0017,2026-01-21,Completed,PAY0000213
ORD0000711,CUST00082,STORE0004,2026-01-21,Completed,PAY0000711
ORD0000748,CUST00102,STORE0017,2026-01-21,Completed,PAY0000748
ORD0000787,CUST00037,STORE0008,2026-01-21,Completed,PAY0000787
ORD0000970,CUST00088,STORE0014,2026-01-21,Completed,PAY0000970
ORD0001018,CUST00099,STORE0018,2026-01-21,Completed,PAY0001018
ORD0001054,CUST00115,STORE0012,2026-01-21,Completed,PAY0001054
ORD0001168,CUST00118,STORE0012,2026-01-21,Completed,PAY0001168
ORD0001179,CUST00125,STORE0009,2026-01-21,Completed,PAY0001179
ORD0001205,CUST00064,STORE0018,2026-01-21,Completed,PAY0001205
ORD0001308,CUST00148,STORE0012,2026-01-21,Completed,PAY0001308
ORD0001585,CUST00042,STORE0003,2026-01-21,Completed,PAY0001585
ORD0001801,CUST00005,STORE0014,2026-01-21,Completed,PAY0001801
ORD0001804,CUST00013,STORE0002,2026-01-21,Completed,PAY0001804
ORD0002123,CUST00075,STORE0016,2026-01-21,Cancelled,PAY0002123
ORD0002742,CUST00146,STORE0011,2026-01-21,Completed,PAY0002742
ORD0003111,CUST00046,STORE0009,2026-01-21,Completed,PAY0003111
ORD0003123,CUST00080,STORE0016,2026-01-21,Completed,PAY0003123
ORD0003215,CUST00001,STORE0016,2026-01-21,Completed,PAY0003215
ORD0003672,CUST00129,STORE0010,2026-01-21,Completed,PAY0003672
ORD0003868,CUST00030,STORE0009,2026-01-21,Completed,PAY0003868
ORD0003973,CUST00097,STORE0005,2026-01-21,Completed,PAY0003973
ORD0004055,CUST00035,STORE0015,2026-01-21,Completed,PAY0004055
ORD0004143,CUST00138,STORE0004,2026-01-21,Completed,PAY0004143
ORD0000672,CUST00134,STORE0008,2026-01-22,Completed,PAY0000672
ORD0000870,CUST00008,STORE0001,2026-01-22,Completed,PAY0000870
ORD0001114,CUST00031,STORE0004,2026-01-22,Completed,PAY0001114
ORD0001846,CUST00022,STORE0003,2026-01-22,Completed,PAY0001846
ORD0001994,CUST00052,STORE0002,2026-01-22,Completed,PAY0001994
ORD0002348,CUST00038,STORE0008,2026-01-22,Completed,PAY0002348
ORD0002371,CUST00110,STORE0012,2026-01-22,Completed,PAY0002371
ORD0002419,CUST00119,STORE0012,2026-01-22,Completed,PAY0002419
ORD0002705,CUST00089,STORE0014,2026-01-22,Completed,PAY0002705
ORD0003447,CUST00036,STORE0012,2026-01-22,Completed,PAY0003447
ORD0003533,CUST00046,STORE0006,2026-01-22,Completed,PAY0003533
ORD0003656,CUST00136,STORE0014,2026-01-22,Completed,PAY0003656
ORD0000001,CUST00123,STORE0004,2026-01-23,Completed,PAY0000001
ORD0000889,CUST00030,STORE0016,2026-01-23,Completed,PAY0000889
ORD0001546,CUST00077,STORE0002,2026-01-23,Completed,PAY0001546
ORD0001879,CUST00102,STORE0013,2026-01-23,Completed,PAY0001879
ORD0001977,CUST00013,STORE0007,2026-01-23,Completed,PAY0001977
ORD0001984,CUST00042,STORE0012,2026-01-23,Completed,PAY0001984
ORD0002037,CUST00138,STORE0006,2026-01-23,Completed,PAY0002037
ORD0002473,CUST00093,STORE0014,2026-01-23,Completed,PAY0002473
ORD0002864,CUST00127,STORE0007,2026-01-23,Completed,PAY0002864
ORD0002991,CUST00074,STORE0004,2026-01-23,Completed,PAY0002991
ORD0003002,CUST00141,STORE0004,2026-01-23,Completed,PAY0003002
ORD0003118,CUST00147,STORE0017,2026-01-23,Completed,PAY0003118
ORD0003312,CUST00038,STORE0018,2026-01-23,Completed,PAY0003312
ORD0003487,CUST00063,STORE0006,2026-01-23,Completed,PAY0003487
ORD0003509,CUST00112,STORE0013,2026-01-23,Completed,PAY0003509
ORD0003732,CUST00134,STORE0012,2026-01-23,Completed,PAY0003732
ORD0003897,CUST00061,STORE0017,2026-01-23,Completed,PAY0003897
ORD0004163,CUST00143,STORE0014,2026-01-23,Completed,PAY0004163
ORD0000219,CUST00115,STORE0003,2026-01-24,Completed,PAY0000219
ORD0001136,CUST00065,STORE0006,2026-01-24,Completed,PAY0001136
ORD0001343,CUST00020,STORE0009,2026-01-24,Completed,PAY0001343
ORD0001969,CUST00096,STORE0004,2026-01-24,Completed,PAY0001969
ORD0002124,CUST00030,STORE0017,2026-01-24,Completed,PAY0002124
ORD0003009,CUST00004,STORE0016,2026-01-24,Completed,PAY0003009
ORD0003067,CUST00085,STORE0014,2026-01-24,Completed,PAY0003067
ORD0003361,CUST00003,STORE0018,2026-01-24,Completed,PAY0003361
ORD0003529,CUST00047,STORE0002,2026-01-24,Completed,PAY0003529
ORD0003858,CUST00034,STORE0009,2026-01-24,Completed,PAY0003858
ORD0003881,CUST00132,STORE0006,2026-01-24,Completed,PAY0003881
ORD0000054,CUST00124,STORE0004,2026-01-25,Completed,PAY0000054
ORD0000130,CUST00067,STORE0012,2026-01-25,Completed,PAY0000130
ORD0000155,CUST00057,STORE0007,2026-01-25,Completed,PAY0000155
ORD0000305,CUST00079,STORE0003,2026-01-25,Completed,PAY0000305
ORD0000799,CUST00115,STORE0005,2026-01-25,Completed,PAY0000799
ORD0001262,CUST00013,STORE0002,2026-01-25,Completed,PAY0001262
ORD0002007,CUST00120,STORE0001,2026-01-25,Completed,PAY0002007
ORD0002189,CUST00021,STORE0011,2026-01-25,Completed,PAY0002189
ORD0002192,CUST00009,STORE0017,2026-01-25,Completed,PAY0002192
ORD0002221,CUST00099,STORE0008,2026-01-25,Cancelled,PAY0002221
ORD0003187,CUST00003,STORE0014,2026-01-25,Completed,PAY0003187
ORD0003338,CUST00022,STORE0017,2026-01-25,Completed,PAY0003338
ORD0004043,CUST00083,STORE0009,2026-01-25,Completed,PAY0004043
ORD0000125,CUST00100,STORE0006,2026-01-26,Completed,PAY0000125
ORD0000127,CUST00103,STORE0015,2026-01-26,Completed,PAY0000127
ORD0001102,CUST00083,STORE0008,2026-01-26,Completed,PAY0001102
ORD0001334,CUST00066,STORE0015,2026-01-26,Completed,PAY0001334
ORD0001742,CUST00031,STORE0017,2026-01-26,Completed,PAY0001742
ORD0001808,CUST00014,STORE0005,2026-01-26,Completed,PAY0001808
ORD0001876,CUST00052,STORE0010,2026-01-26,Completed,PAY0001876
ORD0001905,CUST00094,STORE0013,2026-01-26,Completed,PAY0001905
ORD0002173,CUST00031,STORE0018,2026-01-26,Completed,PAY0002173
ORD0002243,CUST00021,STORE0014,2026-01-26,Completed,PAY0002243
ORD0002365,CUST00124,STORE0009,2026-01-26,Completed,PAY0002365
ORD0002565,CUST00144,STORE0003,2026-01-26,Completed,PAY0002565
ORD0002891,CUST00109,STORE0006,2026-01-26,Completed,PAY0002891
ORD0002926,CUST00117,STORE0004,2026-01-26,Completed,PAY0002926
ORD0003304,CUST00073,STORE0014,2026-01-26,Completed,PAY0003304
ORD0003677,CUST00054,STORE0011,2026-01-26,Completed,PAY0003677
ORD0003845,CUST00100,STORE0010,2026-01-26,Completed,PAY0003845
ORD0003864,CUST00085,STORE0013,2026-01-26,Completed,PAY0003864
ORD0000030,CUST00068,STORE0018,2026-01-27,Completed,PAY0000030
ORD0000506,CUST00067,STORE0008,2026-01-27,Completed,PAY0000506
ORD0000737,CUST00039,STORE0005,2026-01-27,Completed,PAY0000737
ORD0000753,CUST00044,STORE0002,2026-01-27,Completed,PAY0000753
ORD0000852,CUST00100,STORE0018,2026-01-27,Completed,PAY0000852
ORD0001069,CUST00075,STORE0006,2026-01-27,Completed,PAY0001069
ORD0001254,CUST00069,STORE0005,2026-01-27,Completed,PAY0001254
ORD0001753,CUST00046,STORE0016,2026-01-27,Completed,PAY0001753
ORD0001831,CUST00095,STORE0018,2026-01-27,Completed,PAY0001831
ORD0001979,CUST00026,STORE0011,2026-01-27,Completed,PAY0001979
ORD0002447,CUST00061,STORE0015,2026-01-27,Completed,PAY0002447
ORD0002635,CUST00100,STORE0013,2026-01-27,Completed,PAY0002635
ORD0002662,CUST00114,STORE0009,2026-01-27,Completed,PAY0002662
ORD0002702,CUST00014,STORE0008,2026-01-27,Completed,PAY0002702
ORD0003093,CUST00084,STORE0013,2026-01-27,Completed,PAY0003093
ORD0003146,CUST00147,STORE0007,2026-01-27,Completed,PAY0003146
ORD0003621,CUST00072,STORE0004,2026-01-27,Completed,PAY0003621
ORD0003692,CUST00117,STORE0012,2026-01-27,Completed,PAY0003692
ORD0003710,CUST00016,STORE0005,2026-01-27,Completed,PAY0003710
ORD0004029,CUST00100,STORE0015,2026-01-27,Completed,PAY0004029
ORD0004072,CUST00024,STORE0017,2026-01-27,Completed,PAY0004072
ORD0000236,CUST00149,STORE0011,2026-01-28,Completed,PAY0000236
ORD0000437,CUST00029,STORE0018,2026-01-28,Completed,PAY0000437
ORD0000745,CUST00105,STORE0017,2026-01-28,Completed,PAY0000745
ORD0001007,CUST00098,STORE0018,2026-01-28,Completed,PAY0001007
ORD0001158,CUST00069,STORE0018,2026-01-28,Completed,PAY0001158
ORD0001211,CUST00073,STORE0004,2026-01-28,Completed,PAY0001211
ORD0001674,CUST00023,STORE0011,2026-01-28,Completed,PAY0001674
ORD0001721,CUST00045,STORE0005,2026-01-28,Completed,PAY0001721
ORD0001886,CUST00081,STORE0017,2026-01-28,Completed,PAY0001886
ORD0002409,CUST00043,STORE0007,2026-01-28,Completed,PAY0002409
ORD0002549,CUST00062,STORE0002,2026-01-28,Completed,PAY0002549
ORD0002558,CUST00013,STORE0013,2026-01-28,Completed,PAY0002558
ORD0002809,CUST00087,STORE0006,2026-01-28,Completed,PAY0002809
ORD0003662,CUST00027,STORE0016,2026-01-28,Completed,PAY0003662
ORD0003683,CUST00100,STORE0017,2026-01-28,Completed,PAY0003683
ORD0003839,CUST00125,STORE0003,2026-01-28,Completed,PAY0003839
ORD0004097,CUST00051,STORE0005,2026-01-28,Completed,PAY0004097
ORD0000082,CUST00147,STORE0014,2026-01-29,Completed,PAY0000082
ORD0000198,CUST00094,STORE0018,2026-01-29,Completed,PAY0000198
ORD0000395,CUST00123,STORE0013,2026-01-29,Completed,PAY0000395
ORD0000704,CUST00109,STORE0006,2026-01-29,Completed,PAY0000704
ORD0000743,CUST00148,STORE0015,2026-01-29,Completed,PAY0000743
ORD0000907,CUST00008,STORE0002,2026-01-29,Completed,PAY0000907
ORD0000988,CUST00123,STORE0006,2026-01-29,Completed,PAY0000988
ORD0000999,CUST00035,STORE0004,2026-01-29,Cancelled,PAY0000999
ORD0001305,CUST00010,STORE0001,2026-01-29,Completed,PAY0001305
ORD0001414,CUST00004,STORE0009,2026-01-29,Completed,PAY0001414
ORD0001897,CUST00125,STORE0008,2026-01-29,Completed,PAY0001897
ORD0002155,CUST00049,STORE0010,2026-01-29,Completed,PAY0002155
ORD0002289,CUST00041,STORE0014,2026-01-29,Completed,PAY0002289
ORD0002463,CUST00150,STORE0006,2026-01-29,Completed,PAY0002463
ORD0002694,CUST00027,STORE0009,2026-01-29,Completed,PAY0002694
ORD0002897,CUST00073,STORE0016,2026-01-29,Completed,PAY0002897
ORD0003031,CUST00013,STORE0009,2026-01-29,Completed,PAY0003031
ORD0003389,CUST00081,STORE0003,2026-01-29,Completed,PAY0003389
ORD0003639,CUST00117,STORE0013,2026-01-29,Completed,PAY0003639
ORD0004040,CUST00140,STORE0004,2026-01-29,Completed,PAY0004040
ORD0004184,CUST00114,STORE0013,2026-01-29,Completed,PAY0004184
ORD0000033,CUST00101,STORE0003,2026-01-30,Completed,PAY0000033
ORD0000171,CUST00026,STORE0011,2026-01-30,Completed,PAY0000171
ORD0000172,CUST00010,STORE0013,2026-01-30,Completed,PAY0000172
ORD0000220,CUST00010,STORE0011,2026-01-30,Completed,PAY0000220
ORD0000713,CUST00052,STORE0013,2026-01-30,Completed,PAY0000713
ORD0001146,CUST00040,STORE0010,2026-01-30,Cancelled,PAY0001146
ORD0001167,CUST00145,STORE0003,2026-01-30,Completed,PAY0001167
ORD0001438,CUST00096,STORE0001,2026-01-30,Completed,PAY0001438
ORD0001456,CUST00099,STORE0002,2026-01-30,Completed,PAY0001456
ORD0001730,CUST00022,STORE0004,2026-01-30,Completed,PAY0001730
ORD0002050,CUST00042,STORE0003,2026-01-30,Completed,PAY0002050
ORD0002138,CUST00030,STORE0008,2026-01-30,Completed,PAY0002138
ORD0002158,CUST00082,STORE0017,2026-01-30,Completed,PAY0002158
ORD0002226,CUST00064,STORE0015,2026-01-30,Completed,PAY0002226
ORD0002320,CUST00062,STORE0011,2026-01-30,Completed,PAY0002320
ORD0002439,CUST00106,STORE0008,2026-01-30,Completed,PAY0002439
ORD0002970,CUST00043,STORE0003,2026-01-30,Completed,PAY0002970
ORD0003151,CUST00116,STORE0011,2026-01-30,Completed,PAY0003151
ORD0003450,CUST00140,STORE0003,2026-01-30,Completed,PAY0003450
ORD0003904,CUST00118,STORE0014,2026-01-30,Completed,PAY0003904
ORD0003980,CUST00127,STORE0012,2026-01-30,Completed,PAY0003980
ORD0004196,CUST00039,STORE0003,2026-01-30,Completed,PAY0004196
ORD0000300,CUST00150,STORE0003,2026-01-31,Cancelled,PAY0000300
ORD0000524,CUST00008,STORE0013,2026-01-31,Cancelled,PAY0000524
ORD0000847,CUST00069,STORE0016,2026-01-31,Completed,PAY0000847
ORD0001382,CUST00134,STORE0003,2026-01-31,Completed,PAY0001382
ORD0001473,CUST00011,STORE0004,2026-01-31,Completed,PAY0001473
ORD0001482,CUST00126,STORE0018,2026-01-31,Completed,PAY0001482
ORD0001837,CUST00068,STORE0018,2026-01-31,Completed,PAY0001837
ORD0001851,CUST00050,STORE0008,2026-01-31,Completed,PAY0001851
ORD0002314,CUST00034,STORE0001,2026-01-31,Completed,PAY0002314
ORD0002442,CUST00064,STORE0018,2026-01-31,Completed,PAY0002442
ORD0002721,CUST00043,STORE0012,2026-01-31,Completed,PAY0002721
ORD0003129,CUST00050,STORE0004,2026-01-31,Completed,PAY0003129
ORD0003326,CUST00025,STORE0016,2026-01-31,Cancelled,PAY0003326
ORD0003437,CUST00062,STORE0008,2026-01-31,Completed,PAY0003437
ORD0003490,CUST00040,STORE0004,2026-01-31,Completed,PAY0003490
ORD0003554,CUST00122,STORE0006,2026-01-31,Completed,PAY0003554
ORD0003960,CUST00064,STORE0018,2026-01-31,Completed,PAY0003960
ORD0004082,CUST00046,STORE0003,2026-01-31,Completed,PAY0004082
ORD0004136,CUST00009,STORE0007,2026-01-31,Completed,PAY0004136
ORD0000612,CUST00029,STORE0002,2026-02-01,Completed,PAY0000612
ORD0000739,CUST00087,STORE0014,2026-02-01,Completed,PAY0000739
ORD0000796,CUST00020,STORE0009,2026-02-01,Completed,PAY0000796
ORD0000912,CUST00019,STORE0004,2026-02-01,Completed,PAY0000912
ORD0000955,CUST00003,STORE0018,2026-02-01,Completed,PAY0000955
ORD0001200,CUST00018,STORE0002,2026-02-01,Completed,PAY0001200
ORD0001219,CUST00150,STORE0014,2026-02-01,Completed,PAY0001219
ORD0001251,CUST00069,STORE0008,2026-02-01,Completed,PAY0001251
ORD0001767,CUST00138,STORE0012,2026-02-01,Completed,PAY0001767
ORD0002319,CUST00122,STORE0010,2026-02-01,Completed,PAY0002319
ORD0002380,CUST00146,STORE0014,2026-02-01,Completed,PAY0002380
ORD0003096,CUST00018,STORE0002,2026-02-01,Completed,PAY0003096
ORD0003499,CUST00080,STORE0008,2026-02-01,Completed,PAY0003499
ORD0003521,CUST00148,STORE0006,2026-02-01,Completed,PAY0003521
ORD0003779,CUST00035,STORE0013,2026-02-01,Completed,PAY0003779
ORD0003809,CUST00042,STORE0012,2026-02-01,Completed,PAY0003809
ORD0004111,CUST00143,STORE0009,2026-02-01,Completed,PAY0004111
ORD0000294,CUST00035,STORE0013,2026-02-02,Completed,PAY0000294
ORD0000338,CUST00042,STORE0002,2026-02-02,Completed,PAY0000338
ORD0000638,CUST00076,STORE0017,2026-02-02,Completed,PAY0000638
ORD0000917,CUST00112,STORE0009,2026-02-02,Completed,PAY0000917
ORD0001156,CUST00068,STORE0007,2026-02-02,Completed,PAY0001156
ORD0001796,CUST00060,STORE0008,2026-02-02,Completed,PAY0001796
ORD0002879,CUST00021,STORE0017,2026-02-02,Completed,PAY0002879
ORD0002921,CUST00137,STORE0015,2026-02-02,Completed,PAY0002921
ORD0002975,CUST00095,STORE0011,2026-02-02,Completed,PAY0002975
ORD0003363,CUST00107,STORE0006,2026-02-02,Completed,PAY0003363
ORD0003834,CUST00014,STORE0015,2026-02-02,Cancelled,PAY0003834
ORD0003866,CUST00036,STORE0015,2026-02-02,Completed,PAY0003866
ORD0003942,CUST00140,STORE0015,2026-02-02,Completed,PAY0003942
ORD0004088,CUST00004,STORE0007,2026-02-02,Completed,PAY0004088
ORD0004118,CUST00062,STORE0002,2026-02-02,Completed,PAY0004118
ORD0000046,CUST00048,STORE0009,2026-02-03,Completed,PAY0000046
ORD0000129,CUST00101,STORE0006,2026-02-03,Completed,PAY0000129
ORD0000197,CUST00136,STORE0014,2026-02-03,Completed,PAY0000197
ORD0000438,CUST00146,STORE0006,2026-02-03,Completed,PAY0000438
ORD0000844,CUST00011,STORE0010,2026-02-03,Completed,PAY0000844
ORD0001019,CUST00130,STORE0009,2026-02-03,Completed,PAY0001019
ORD0001063,CUST00022,STORE0018,2026-02-03,Completed,PAY0001063
ORD0001484,CUST00123,STORE0012,2026-02-03,Completed,PAY0001484
ORD0001630,CUST00020,STORE0004,2026-02-03,Completed,PAY0001630
ORD0001658,CUST00106,STORE0014,2026-02-03,Completed,PAY0001658
ORD0001893,CUST00139,STORE0015,2026-02-03,Completed,PAY0001893
ORD0002195,CUST00112,STORE0018,2026-02-03,Completed,PAY0002195
ORD0002553,CUST00054,STORE0012,2026-02-03,Completed,PAY0002553
ORD0003144,CUST00140,STORE0006,2026-02-03,Completed,PAY0003144
ORD0003905,CUST00060,STORE0008,2026-02-03,Completed,PAY0003905
ORD0000061,CUST00040,STORE0003,2026-02-04,Completed,PAY0000061
ORD0000089,CUST00118,STORE0006,2026-02-04,Completed,PAY0000089
ORD0000301,CUST00047,STORE0009,2026-02-04,Completed,PAY0000301
ORD0000793,CUST00084,STORE0014,2026-02-04,Completed,PAY0000793
ORD0001042,CUST00025,STORE0009,2026-02-04,Completed,PAY0001042
ORD0001231,CUST00023,STORE0016,2026-02-04,Completed,PAY0001231
ORD0001565,CUST00147,STORE0005,2026-02-04,Completed,PAY0001565
ORD0001991,CUST00096,STORE0006,2026-02-04,Cancelled,PAY0001991
ORD0002039,CUST00086,STORE0017,2026-02-04,Completed,PAY0002039
ORD0002468,CUST00034,STORE0002,2026-02-04,Completed,PAY0002468
ORD0002532,CUST00029,STORE0013,2026-02-04,Completed,PAY0002532
ORD0002724,CUST00133,STORE0003,2026-02-04,Completed,PAY0002724
ORD0003077,CUST00083,STORE0015,2026-02-04,Completed,PAY0003077
ORD0003549,CUST00054,STORE0014,2026-02-04,Completed,PAY0003549
ORD0003579,CUST00061,STORE0006,2026-02-04,Completed,PAY0003579
ORD0004193,CUST00113,STORE0003,2026-02-04,Completed,PAY0004193
ORD0000311,CUST00095,STORE0002,2026-02-05,Completed,PAY0000311
ORD0000959,CUST00140,STORE0013,2026-02-05,Completed,PAY0000959
ORD0001276,CUST00076,STORE0007,2026-02-05,Completed,PAY0001276
ORD0001285,CUST00100,STORE0014,2026-02-05,Completed,PAY0001285
ORD0001364,CUST00010,STORE0005,2026-02-05,Completed,PAY0001364
ORD0001452,CUST00119,STORE0005,2026-02-05,Completed,PAY0001452
ORD0001523,CUST00028,STORE0006,2026-02-05,Completed,PAY0001523
ORD0001877,CUST00137,STORE0012,2026-02-05,Completed,PAY0001877
ORD0002701,CUST00117,STORE0006,2026-02-05,Completed,PAY0002701
ORD0002757,CUST00022,STORE0015,2026-02-05,Completed,PAY0002757
ORD0002767,CUST00050,STORE0010,2026-02-05,Completed,PAY0002767
ORD0003168,CUST00019,STORE0006,2026-02-05,Completed,PAY0003168
ORD0003594,CUST00123,STORE0002,2026-02-05,Completed,PAY0003594
ORD0003771,CUST00022,STORE0015,2026-02-05,Completed,PAY0003771
ORD0003963,CUST00014,STORE0014,2026-02-05,Cancelled,PAY0003963
ORD0004030,CUST00125,STORE0008,2026-02-05,Completed,PAY0004030
ORD0000252,CUST00080,STORE0018,2026-02-06,Completed,PAY0000252
ORD0000264,CUST00026,STORE0003,2026-02-06,Completed,PAY0000264
ORD0000385,CUST00078,STORE0018,2026-02-06,Completed,PAY0000385
ORD0000824,CUST00110,STORE0015,2026-02-06,Completed,PAY0000824
ORD0000868,CUST00009,STORE0013,2026-02-06,Cancelled,PAY0000868
ORD0001447,CUST00093,STORE0004,2026-02-06,Completed,PAY0001447
ORD0002074,CUST00127,STORE0012,2026-02-06,Cancelled,PAY0002074
ORD0002488,CUST00142,STORE0005,2026-02-06,Completed,PAY0002488
ORD0002883,CUST00044,STORE0007,2026-02-06,Completed,PAY0002883
ORD0002889,CUST00065,STORE0014,2026-02-06,Completed,PAY0002889
ORD0002904,CUST00031,STORE0011,2026-02-06,Completed,PAY0002904
ORD0003620,CUST00024,STORE0016,2026-02-06,Completed,PAY0003620
ORD0000009,CUST00010,STORE0004,2026-02-07,Completed,PAY0000009
ORD0000104,CUST00141,STORE0014,2026-02-07,Completed,PAY0000104
ORD0000362,CUST00091,STORE0009,2026-02-07,Completed,PAY0000362
ORD0000429,CUST00090,STORE0008,2026-02-07,Completed,PAY0000429
ORD0000561,CUST00060,STORE0008,2026-02-07,Completed,PAY0000561
ORD0000857,CUST00118,STORE0008,2026-02-07,Completed,PAY0000857
ORD0001204,CUST00092,STORE0004,2026-02-07,Completed,PAY0001204
ORD0001717,CUST00026,STORE0010,2026-02-07,Completed,PAY0001717
ORD0001766,CUST00018,STORE0008,2026-02-07,Completed,PAY0001766
ORD0001983,CUST00024,STORE0001,2026-02-07,Completed,PAY0001983
ORD0002518,CUST00081,STORE0011,2026-02-07,Completed,PAY0002518
ORD0003045,CUST00050,STORE0009,2026-02-07,Completed,PAY0003045
ORD0003162,CUST00051,STORE0012,2026-02-07,Completed,PAY0003162
ORD0000329,CUST00087,STORE0017,2026-02-08,Completed,PAY0000329
ORD0000440,CUST00057,STORE0011,2026-02-08,Completed,PAY0000440
ORD0000666,CUST00088,STORE0008,2026-02-08,Completed,PAY0000666
ORD0000736,CUST00004,STORE0016,2026-02-08,Completed,PAY0000736
ORD0001017,CUST00060,STORE0010,2026-02-08,Completed,PAY0001017
ORD0001103,CUST00061,STORE0009,2026-02-08,Completed,PAY0001103
ORD0001174,CUST00035,STORE0006,2026-02-08,Completed,PAY0001174
ORD0001445,CUST00116,STORE0015,2026-02-08,Completed,PAY0001445
ORD0001652,CUST00135,STORE0004,2026-02-08,Completed,PAY0001652
ORD0002125,CUST00094,STORE0013,2026-02-08,Completed,PAY0002125
ORD0002136,CUST00032,STORE0016,2026-02-08,Completed,PAY0002136
ORD0002539,CUST00083,STORE0004,2026-02-08,Completed,PAY0002539
ORD0002589,CUST00076,STORE0013,2026-02-08,Completed,PAY0002589
ORD0002798,CUST00082,STORE0017,2026-02-08,Completed,PAY0002798
ORD0003184,CUST00116,STORE0006,2026-02-08,Completed,PAY0003184
ORD0003255,CUST00046,STORE0013,2026-02-08,Completed,PAY0003255
ORD0003822,CUST00135,STORE0001,2026-02-08,Completed,PAY0003822
ORD0004033,CUST00069,STORE0018,2026-02-08,Completed,PAY0004033
ORD0004140,CUST00098,STORE0002,2026-02-08,Completed,PAY0004140
ORD0000214,CUST00104,STORE0004,2026-02-09,Completed,PAY0000214
ORD0000817,CUST00009,STORE0016,2026-02-09,Completed,PAY0000817
ORD0000867,CUST00035,STORE0015,2026-02-09,Completed,PAY0000867
ORD0000944,CUST00053,STORE0004,2026-02-09,Completed,PAY0000944
ORD0001346,CUST00080,STORE0015,2026-02-09,Completed,PAY0001346
ORD0001778,CUST00019,STORE0016,2026-02-09,Completed,PAY0001778
ORD0002424,CUST00025,STORE0005,2026-02-09,Completed,PAY0002424
ORD0002523,CUST00150,STORE0017,2026-02-09,Completed,PAY0002523
ORD0002667,CUST00149,STORE0006,2026-02-09,Completed,PAY0002667
ORD0002728,CUST00081,STORE0007,2026-02-09,Completed,PAY0002728
ORD0002751,CUST00058,STORE0008,2026-02-09,Completed,PAY0002751
ORD0002763,CUST00050,STORE0001,2026-02-09,Completed,PAY0002763
ORD0002882,CUST00122,STORE0005,2026-02-09,Completed,PAY0002882
ORD0003084,CUST00011,STORE0013,2026-02-09,Completed,PAY0003084
ORD0003228,CUST00118,STORE0004,2026-02-09,Completed,PAY0003228
ORD0003474,CUST00060,STORE0011,2026-02-09,Completed,PAY0003474
ORD0003538,CUST00144,STORE0011,2026-02-09,Completed,PAY0003538
ORD0003597,CUST00107,STORE0008,2026-02-09,Completed,PAY0003597
ORD0003860,CUST00093,STORE0002,2026-02-09,Completed,PAY0003860
ORD0000693,CUST00068,STORE0011,2026-02-10,Completed,PAY0000693
ORD0000878,CUST00098,STORE0005,2026-02-10,Completed,PAY0000878
ORD0000909,CUST00123,STORE0014,2026-02-10,Completed,PAY0000909
ORD0001507,CUST00097,STORE0017,2026-02-10,Completed,PAY0001507
ORD0001761,CUST00027,STORE0004,2026-02-10,Completed,PAY0001761
ORD0002113,CUST00108,STORE0008,2026-02-10,Completed,PAY0002113
ORD0002137,CUST00014,STORE0016,2026-02-10,Completed,PAY0002137
ORD0002300,CUST00023,STORE0008,2026-02-10,Completed,PAY0002300
ORD0002446,CUST00002,STORE0006,2026-02-10,Completed,PAY0002446
ORD0002482,CUST00083,STORE0011,2026-02-10,Completed,PAY0002482
ORD0002602,CUST00141,STORE0015,2026-02-10,Completed,PAY0002602
ORD0002675,CUST00017,STORE0004,2026-02-10,Completed,PAY0002675
ORD0002821,CUST00064,STORE0014,2026-02-10,Completed,PAY0002821
ORD0002893,CUST00026,STORE0003,2026-02-10,Completed,PAY0002893
ORD0003007,CUST00031,STORE0011,2026-02-10,Completed,PAY0003007
ORD0003520,CUST00034,STORE0005,2026-02-10,Completed,PAY0003520
ORD0003536,CUST00140,STORE0010,2026-02-10,Completed,PAY0003536
ORD0004127,CUST00001,STORE0016,2026-02-10,Completed,PAY0004127
ORD0004162,CUST00138,STORE0017,2026-02-10,Completed,PAY0004162
ORD0000067,CUST00117,STORE0005,2026-02-11,Completed,PAY0000067
ORD0000313,CUST00134,STORE0009,2026-02-11,Completed,PAY0000313
ORD0000387,CUST00047,STORE0002,2026-02-11,Completed,PAY0000387
ORD0000626,CUST00102,STORE0010,2026-02-11,Completed,PAY0000626
ORD0000697,CUST00146,STORE0015,2026-02-11,Completed,PAY0000697
ORD0001226,CUST00057,STORE0003,2026-02-11,Completed,PAY0001226
ORD0002001,CUST00101,STORE0008,2026-02-11,Completed,PAY0002001
ORD0002566,CUST00053,STORE0018,2026-02-11,Completed,PAY0002566
ORD0002647,CUST00002,STORE0012,2026-02-11,Completed,PAY0002647
ORD0002912,CUST00020,STORE0007,2026-02-11,Completed,PAY0002912
ORD0003243,CUST00014,STORE0010,2026-02-11,Completed,PAY0003243
ORD0003370,CUST00010,STORE0011,2026-02-11,Completed,PAY0003370
ORD0003399,CUST00027,STORE0010,2026-02-11,Completed,PAY0003399
ORD0003686,CUST00013,STORE0002,2026-02-11,Completed,PAY0003686
ORD0004012,CUST00102,STORE0005,2026-02-11,Completed,PAY0004012
ORD0000113,CUST00094,STORE0001,2026-02-12,Completed,PAY0000113
ORD0000148,CUST00102,STORE0002,2026-02-12,Completed,PAY0000148
ORD0000559,CUST00109,STORE0002,2026-02-12,Cancelled,PAY0000559
ORD0000790,CUST00024,STORE0017,2026-02-12,Completed,PAY0000790
ORD0000862,CUST00033,STORE0004,2026-02-12,Completed,PAY0000862
ORD0000948,CUST00102,STORE0014,2026-02-12,Cancelled,PAY0000948
ORD0000960,CUST00088,STORE0001,2026-02-12,Completed,PAY0000960
ORD0002385,CUST00047,STORE0017,2026-02-12,Completed,PAY0002385
ORD0002453,CUST00010,STORE0012,2026-02-12,Completed,PAY0002453
ORD0003446,CUST00063,STORE0012,2026-02-12,Completed,PAY0003446
ORD0003687,CUST00141,STORE0004,2026-02-12,Completed,PAY0003687
ORD0003811,CUST00046,STORE0002,2026-02-12,Completed,PAY0003811
ORD0003863,CUST00106,STORE0012,2026-02-12,Completed,PAY0003863
ORD0003967,CUST00148,STORE0009,2026-02-12,Completed,PAY0003967
ORD0004077,CUST00118,STORE0002,2026-02-12,Completed,PAY0004077
ORD0000453,CUST00016,STORE0008,2026-02-13,Completed,PAY0000453
ORD0000646,CUST00052,STORE0016,2026-02-13,Completed,PAY0000646
ORD0001045,CUST00046,STORE0010,2026-02-13,Completed,PAY0001045
ORD0001374,CUST00065,STORE0017,2026-02-13,Completed,PAY0001374
ORD0002152,CUST00074,STORE0015,2026-02-13,Completed,PAY0002152
ORD0002369,CUST00110,STORE0003,2026-02-13,Completed,PAY0002369
ORD0002423,CUST00143,STORE0008,2026-02-13,Completed,PAY0002423
ORD0002609,CUST00125,STORE0009,2026-02-13,Completed,PAY0002609
ORD0002954,CUST00119,STORE0007,2026-02-13,Completed,PAY0002954
ORD0003530,CUST00103,STORE0018,2026-02-13,Completed,PAY0003530
ORD0003789,CUST00055,STORE0013,2026-02-13,Completed,PAY0003789
ORD0003821,CUST00012,STORE0002,2026-02-13,Completed,PAY0003821
ORD0000160,CUST00087,STORE0013,2026-02-14,Completed,PAY0000160
ORD0000331,CUST00099,STORE0001,2026-02-14,Completed,PAY0000331
ORD0000923,CUST00003,STORE0006,2026-02-14,Completed,PAY0000923
ORD0001684,CUST00115,STORE0015,2026-02-14,Completed,PAY0001684
ORD0002080,CUST00130,STORE0003,2026-02-14,Completed,PAY0002080
ORD0002090,CUST00087,STORE0012,2026-02-14,Completed,PAY0002090
ORD0002198,CUST00010,STORE0015,2026-02-14,Completed,PAY0002198
ORD0002301,CUST00120,STORE0017,2026-02-14,Completed,PAY0002301
ORD0002479,CUST00015,STORE0003,2026-02-14,Cancelled,PAY0002479
ORD0002987,CUST00060,STORE0013,2026-02-14,Completed,PAY0002987
ORD0003746,CUST00099,STORE0002,2026-02-14,Completed,PAY0003746
ORD0000233,CUST00063,STORE0015,2026-02-15,Completed,PAY0000233
ORD0000304,CUST00097,STORE0008,2026-02-15,Completed,PAY0000304
ORD0000675,CUST00097,STORE0011,2026-02-15,Completed,PAY0000675
ORD0000825,CUST00104,STORE0001,2026-02-15,Completed,PAY0000825
ORD0000845,CUST00074,STORE0006,2026-02-15,Cancelled,PAY0000845
ORD0001055,CUST00041,STORE0013,2026-02-15,Cancelled,PAY0001055
ORD0001370,CUST00092,STORE0016,2026-02-15,Completed,PAY0001370
ORD0001588,CUST00004,STORE0010,2026-02-15,Completed,PAY0001588
ORD0001832,CUST00121,STORE0011,2026-02-15,Completed,PAY0001832
ORD0002026,CUST00045,STORE0005,2026-02-15,Completed,PAY0002026
ORD0002317,CUST00029,STORE0013,2026-02-15,Completed,PAY0002317
ORD0002481,CUST00043,STORE0011,2026-02-15,Completed,PAY0002481
ORD0002487,CUST00065,STORE0002,2026-02-15,Completed,PAY0002487
ORD0002533,CUST00113,STORE0011,2026-02-15,Completed,PAY0002533
ORD0002649,CUST00110,STORE0013,2026-02-15,Completed,PAY0002649
ORD0003177,CUST00031,STORE0005,2026-02-15,Completed,PAY0003177
ORD0003329,CUST00095,STORE0008,2026-02-15,Completed,PAY0003329
ORD0003334,CUST00119,STORE0006,2026-02-15,Completed,PAY0003334
ORD0003519,CUST00078,STORE0010,2026-02-15,Completed,PAY0003519
ORD0000253,CUST00058,STORE0011,2026-02-16,Completed,PAY0000253
ORD0002382,CUST00022,STORE0009,2026-02-16,Completed,PAY0002382
ORD0002899,CUST00141,STORE0018,2026-02-16,Completed,PAY0002899
ORD0003081,CUST00004,STORE0002,2026-02-16,Completed,PAY0003081
ORD0003254,CUST00095,STORE0017,2026-02-16,Completed,PAY0003254
ORD0003269,CUST00140,STORE0013,2026-02-16,Cancelled,PAY0003269
ORD0003362,CUST00046,STORE0015,2026-02-16,Completed,PAY0003362
ORD0003741,CUST00139,STORE0016,2026-02-16,Completed,PAY0003741
ORD0003925,CUST00013,STORE0008,2026-02-16,Completed,PAY0003925
ORD0003974,CUST00006,STORE0012,2026-02-16,Completed,PAY0003974
ORD0003988,CUST00114,STORE0012,2026-02-16,Completed,PAY0003988
ORD0004109,CUST00129,STORE0012,2026-02-16,Completed,PAY0004109
ORD0000562,CUST00091,STORE0001,2026-02-17,Completed,PAY0000562
ORD0000595,CUST00097,STORE0004,2026-02-17,Completed,PAY0000595
ORD0000859,CUST00092,STORE0010,2026-02-17,Completed,PAY0000859
ORD0001121,CUST00061,STORE0003,2026-02-17,Cancelled,PAY0001121
ORD0001241,CUST00093,STORE0018,2026-02-17,Completed,PAY0001241
ORD0001365,CUST00137,STORE0017,2026-02-17,Completed,PAY0001365
ORD0001841,CUST00142,STORE0009,2026-02-17,Completed,PAY0001841
ORD0001862,CUST00002,STORE0007,2026-02-17,Completed,PAY0001862
ORD0001936,CUST00080,STORE0011,2026-02-17,Completed,PAY0001936
ORD0002069,CUST00130,STORE0002,2026-02-17,Cancelled,PAY0002069
ORD0002083,CUST00012,STORE0009,2026-02-17,Completed,PAY0002083
ORD0002135,CUST00132,STORE0002,2026-02-17,Completed,PAY0002135
ORD0002764,CUST00117,STORE0010,2026-02-17,Completed,PAY0002764
ORD0003051,CUST00143,STORE0009,2026-02-17,Completed,PAY0003051
ORD0003402,CUST00002,STORE0015,2026-02-17,Completed,PAY0003402
ORD0003729,CUST00027,STORE0012,2026-02-17,Completed,PAY0003729
ORD0003783,CUST00113,STORE0011,2026-02-17,Completed,PAY0003783
ORD0004186,CUST00143,STORE0005,2026-02-17,Completed,PAY0004186
ORD0000098,CUST00118,STORE0004,2026-02-18,Completed,PAY0000098
ORD0000245,CUST00021,STORE0016,2026-02-18,Completed,PAY0000245
ORD0000265,CUST00092,STORE0013,2026-02-18,Completed,PAY0000265
ORD0000565,CUST00068,STORE0015,2026-02-18,Completed,PAY0000565
ORD0000573,CUST00102,STORE0010,2026-02-18,Completed,PAY0000573
ORD0000663,CUST00055,STORE0009,2026-02-18,Completed,PAY0000663
ORD0001090,CUST00011,STORE0005,2026-02-18,Completed,PAY0001090
ORD0001184,CUST00083,STORE0014,2026-02-18,Completed,PAY0001184
ORD0001350,CUST00128,STORE0001,2026-02-18,Completed,PAY0001350
ORD0001510,CUST00119,STORE0016,2026-02-18,Completed,PAY0001510
ORD0001533,CUST00138,STORE0006,2026-02-18,Completed,PAY0001533
ORD0001549,CUST00097,STORE0009,2026-02-18,Completed,PAY0001549
ORD0001671,CUST00082,STORE0009,2026-02-18,Completed,PAY0001671
ORD0001750,CUST00125,STORE0015,2026-02-18,Completed,PAY0001750
ORD0002043,CUST00066,STORE0002,2026-02-18,Completed,PAY0002043
ORD0002114,CUST00036,STORE0001,2026-02-18,Completed,PAY0002114
ORD0002117,CUST00103,STORE0005,2026-02-18,Completed,PAY0002117
ORD0002276,CUST00135,STORE0012,2026-02-18,Completed,PAY0002276
ORD0002676,CUST00051,STORE0010,2026-02-18,Completed,PAY0002676
ORD0002771,CUST00043,STORE0014,2026-02-18,Completed,PAY0002771
ORD0002797,CUST00107,STORE0011,2026-02-18,Completed,PAY0002797
ORD0002940,CUST00028,STORE0014,2026-02-18,Completed,PAY0002940
ORD0003120,CUST00102,STORE0013,2026-02-18,Completed,PAY0003120
ORD0003403,CUST00083,STORE0016,2026-02-18,Completed,PAY0003403
ORD0003952,CUST00136,STORE0014,2026-02-18,Completed,PAY0003952
ORD0004000,CUST00096,STORE0018,2026-02-18,Completed,PAY0004000
ORD0004195,CUST00111,STORE0016,2026-02-18,Completed,PAY0004195
ORD0000375,CUST00004,STORE0001,2026-02-19,Completed,PAY0000375
ORD0000887,CUST00019,STORE0009,2026-02-19,Completed,PAY0000887
ORD0000926,CUST00001,STORE0018,2026-02-19,Completed,PAY0000926
ORD0000986,CUST00064,STORE0005,2026-02-19,Completed,PAY0000986
ORD0001697,CUST00094,STORE0010,2026-02-19,Completed,PAY0001697
ORD0001784,CUST00043,STORE0007,2026-02-19,Completed,PAY0001784
ORD0001793,CUST00005,STORE0010,2026-02-19,Completed,PAY0001793
ORD0001843,CUST00095,STORE0003,2026-02-19,Completed,PAY0001843
ORD0002277,CUST00146,STORE0009,2026-02-19,Completed,PAY0002277
ORD0002464,CUST00145,STORE0007,2026-02-19,Completed,PAY0002464
ORD0002577,CUST00112,STORE0015,2026-02-19,Completed,PAY0002577
ORD0002715,CUST00111,STORE0013,2026-02-19,Completed,PAY0002715
ORD0002824,CUST00018,STORE0004,2026-02-19,Completed,PAY0002824
ORD0002957,CUST00072,STORE0009,2026-02-19,Completed,PAY0002957
ORD0003155,CUST00034,STORE0018,2026-02-19,Completed,PAY0003155
ORD0003181,CUST00144,STORE0018,2026-02-19,Completed,PAY0003181
ORD0003251,CUST00025,STORE0016,2026-02-19,Completed,PAY0003251
ORD0003600,CUST00100,STORE0013,2026-02-19,Completed,PAY0003600
ORD0000062,CUST00028,STORE0012,2026-02-20,Completed,PAY0000062
ORD0000486,CUST00086,STORE0003,2026-02-20,Completed,PAY0000486
ORD0000558,CUST00128,STORE0001,2026-02-20,Completed,PAY0000558
ORD0000586,CUST00103,STORE0009,2026-02-20,Completed,PAY0000586
ORD0000994,CUST00031,STORE0018,2026-02-20,Completed,PAY0000994
ORD0001794,CUST00053,STORE0001,2026-02-20,Completed,PAY0001794
ORD0002143,CUST00011,STORE0014,2026-02-20,Completed,PAY0002143
ORD0002244,CUST00058,STORE0008,2026-02-20,Completed,PAY0002244
ORD0002259,CUST00039,STORE0018,2026-02-20,Completed,PAY0002259
ORD0002458,CUST00057,STORE0003,2026-02-20,Completed,PAY0002458
ORD0002588,CUST00136,STORE0014,2026-02-20,Completed,PAY0002588
ORD0003219,CUST00127,STORE0002,2026-02-20,Cancelled,PAY0003219
ORD0003235,CUST00093,STORE0007,2026-02-20,Completed,PAY0003235
ORD0003428,CUST00052,STORE0005,2026-02-20,Completed,PAY0003428
ORD0000110,CUST00068,STORE0010,2026-02-21,Completed,PAY0000110
ORD0000346,CUST00093,STORE0001,2026-02-21,Completed,PAY0000346
ORD0000431,CUST00112,STORE0018,2026-02-21,Completed,PAY0000431
ORD0000470,CUST00016,STORE0007,2026-02-21,Completed,PAY0000470
ORD0000767,CUST00038,STORE0002,2026-02-21,Completed,PAY0000767
ORD0001161,CUST00031,STORE0004,2026-02-21,Completed,PAY0001161
ORD0001273,CUST00126,STORE0018,2026-02-21,Completed,PAY0001273
ORD0001292,CUST00099,STORE0009,2026-02-21,Completed,PAY0001292
ORD0001342,CUST00071,STORE0005,2026-02-21,Completed,PAY0001342
ORD0001618,CUST00011,STORE0007,2026-02-21,Completed,PAY0001618
ORD0001958,CUST00144,STORE0016,2026-02-21,Completed,PAY0001958
ORD0002357,CUST00025,STORE0004,2026-02-21,Completed,PAY0002357
ORD0002718,CUST00150,STORE0002,2026-02-21,Completed,PAY0002718
ORD0003336,CUST00018,STORE0009,2026-02-21,Completed,PAY0003336
ORD0003912,CUST00087,STORE0007,2026-02-21,Completed,PAY0003912
ORD0003941,CUST00063,STORE0008,2026-02-21,Completed,PAY0003941
ORD0004183,CUST00081,STORE0006,2026-02-21,Completed,PAY0004183
ORD0000282,CUST00090,STORE0016,2026-02-22,Cancelled,PAY0000282
ORD0000403,CUST00101,STORE0007,2026-02-22,Cancelled,PAY0000403
ORD0000667,CUST00027,STORE0003,2026-02-22,Completed,PAY0000667
ORD0000730,CUST00065,STORE0011,2026-02-22,Completed,PAY0000730
ORD0000967,CUST00065,STORE0017,2026-02-22,Completed,PAY0000967
ORD0001034,CUST00130,STORE0013,2026-02-22,Completed,PAY0001034
ORD0001218,CUST00027,STORE0018,2026-02-22,Cancelled,PAY0001218
ORD0001522,CUST00119,STORE0006,2026-02-22,Completed,PAY0001522
ORD0001941,CUST00047,STORE0007,2026-02-22,Completed,PAY0001941
ORD0002151,CUST00039,STORE0010,2026-02-22,Completed,PAY0002151
ORD0002222,CUST00103,STORE0016,2026-02-22,Completed,PAY0002222
ORD0002355,CUST00099,STORE0012,2026-02-22,Completed,PAY0002355
ORD0002575,CUST00061,STORE0006,2026-02-22,Completed,PAY0002575
ORD0002707,CUST00079,STORE0009,2026-02-22,Completed,PAY0002707
ORD0002711,CUST00070,STORE0017,2026-02-22,Completed,PAY0002711
ORD0003698,CUST00107,STORE0009,2026-02-22,Completed,PAY0003698
ORD0004148,CUST00092,STORE0004,2026-02-22,Completed,PAY0004148
ORD0004192,CUST00147,STORE0005,2026-02-22,Completed,PAY0004192
ORD0000071,CUST00055,STORE0008,2026-02-23,Completed,PAY0000071
ORD0000303,CUST00093,STORE0018,2026-02-23,Completed,PAY0000303
ORD0000493,CUST00074,STORE0012,2026-02-23,Completed,PAY0000493
ORD0000696,CUST00119,STORE0015,2026-02-23,Completed,PAY0000696
ORD0001064,CUST00042,STORE0017,2026-02-23,Completed,PAY0001064
ORD0001193,CUST00119,STORE0016,2026-02-23,Completed,PAY0001193
ORD0001436,CUST00122,STORE0007,2026-02-23,Completed,PAY0001436
ORD0001857,CUST00001,STORE0014,2026-02-23,Cancelled,PAY0001857
ORD0001963,CUST00067,STORE0004,2026-02-23,Completed,PAY0001963
ORD0002004,CUST00068,STORE0018,2026-02-23,Completed,PAY0002004
ORD0002175,CUST00145,STORE0001,2026-02-23,Completed,PAY0002175
ORD0002324,CUST00019,STORE0012,2026-02-23,Completed,PAY0002324
ORD0002773,CUST00028,STORE0004,2026-02-23,Completed,PAY0002773
ORD0003202,CUST00022,STORE0011,2026-02-23,Completed,PAY0003202
ORD0003367,CUST00041,STORE0012,2026-02-23,Completed,PAY0003367
ORD0003418,CUST00105,STORE0003,2026-02-23,Completed,PAY0003418
ORD0003531,CUST00084,STORE0010,2026-02-23,Completed,PAY0003531
ORD0004099,CUST00022,STORE0009,2026-02-23,Completed,PAY0004099
ORD0000022,CUST00142,STORE0007,2026-02-24,Cancelled,PAY0000022
ORD0000548,CUST00057,STORE0007,2026-02-24,Completed,PAY0000548
ORD0000892,CUST00050,STORE0018,2026-02-24,Completed,PAY0000892
ORD0001474,CUST00062,STORE0009,2026-02-24,Completed,PAY0001474
ORD0001924,CUST00111,STORE0011,2026-02-24,Completed,PAY0001924
ORD0002077,CUST00008,STORE0003,2026-02-24,Completed,PAY0002077
ORD0002408,CUST00094,STORE0006,2026-02-24,Completed,PAY0002408
ORD0002610,CUST00018,STORE0017,2026-02-24,Completed,PAY0002610
ORD0003154,CUST00008,STORE0016,2026-02-24,Completed,PAY0003154
ORD0003385,CUST00131,STORE0001,2026-02-24,Completed,PAY0003385
ORD0004177,CUST00091,STORE0003,2026-02-24,Cancelled,PAY0004177
ORD0000489,CUST00058,STORE0008,2026-02-25,Completed,PAY0000489
ORD0000617,CUST00111,STORE0012,2026-02-25,Completed,PAY0000617
ORD0000788,CUST00086,STORE0016,2026-02-25,Completed,PAY0000788
ORD0001330,CUST00001,STORE0001,2026-02-25,Cancelled,PAY0001330
ORD0001948,CUST00037,STORE0012,2026-02-25,Completed,PAY0001948
ORD0002292,CUST00071,STORE0005,2026-02-25,Completed,PAY0002292
ORD0002529,CUST00050,STORE0017,2026-02-25,Completed,PAY0002529
ORD0002682,CUST00100,STORE0018,2026-02-25,Completed,PAY0002682
ORD0003040,CUST00065,STORE0002,2026-02-25,Completed,PAY0003040
ORD0003505,CUST00058,STORE0014,2026-02-25,Completed,PAY0003505
ORD0003632,CUST00082,STORE0006,2026-02-25,Completed,PAY0003632
ORD0003763,CUST00012,STORE0014,2026-02-25,Completed,PAY0003763
ORD0003769,CUST00138,STORE0014,2026-02-25,Completed,PAY0003769
ORD0003825,CUST00130,STORE0001,2026-02-25,Completed,PAY0003825
ORD0004007,CUST00123,STORE0018,2026-02-25,Completed,PAY0004007
ORD0000468,CUST00031,STORE0015,2026-02-26,Completed,PAY0000468
ORD0001137,CUST00149,STORE0016,2026-02-26,Completed,PAY0001137
ORD0001186,CUST00104,STORE0009,2026-02-26,Completed,PAY0001186
ORD0001319,CUST00114,STORE0014,2026-02-26,Completed,PAY0001319
ORD0001337,CUST00139,STORE0014,2026-02-26,Completed,PAY0001337
ORD0001384,CUST00044,STORE0010,2026-02-26,Completed,PAY0001384
ORD0001406,CUST00096,STORE0013,2026-02-26,Completed,PAY0001406
ORD0001419,CUST00138,STORE0014,2026-02-26,Completed,PAY0001419
ORD0001663,CUST00102,STORE0001,2026-02-26,Completed,PAY0001663
ORD0002437,CUST00087,STORE0003,2026-02-26,Cancelled,PAY0002437
ORD0002645,CUST00136,STORE0002,2026-02-26,Completed,PAY0002645
ORD0002671,CUST00126,STORE0016,2026-02-26,Completed,PAY0002671
ORD0002993,CUST00029,STORE0018,2026-02-26,Completed,PAY0002993
ORD0003190,CUST00008,STORE0003,2026-02-26,Completed,PAY0003190
ORD0003443,CUST00073,STORE0013,2026-02-26,Completed,PAY0003443
ORD0003513,CUST00035,STORE0005,2026-02-26,Completed,PAY0003513
ORD0003627,CUST00033,STORE0004,2026-02-26,Completed,PAY0003627
ORD0003788,CUST00067,STORE0015,2026-02-26,Completed,PAY0003788
ORD0003875,CUST00003,STORE0013,2026-02-26,Completed,PAY0003875
ORD0004050,CUST00094,STORE0003,2026-02-26,Completed,PAY0004050
ORD0004164,CUST00116,STORE0001,2026-02-26,Completed,PAY0004164
ORD0000094,CUST00004,STORE0015,2026-02-27,Completed,PAY0000094
ORD0000144,CUST00025,STORE0016,2026-02-27,Completed,PAY0000144
ORD0000256,CUST00143,STORE0001,2026-02-27,Cancelled,PAY0000256
ORD0000347,CUST00029,STORE0018,2026-02-27,Completed,PAY0000347
ORD0000390,CUST00021,STORE0006,2026-02-27,Completed,PAY0000390
ORD0000645,CUST00008,STORE0014,2026-02-27,Completed,PAY0000645
ORD0001215,CUST00016,STORE0002,2026-02-27,Completed,PAY0001215
ORD0001624,CUST00026,STORE0003,2026-02-27,Completed,PAY0001624
ORD0002022,CUST00116,STORE0011,2026-02-27,Completed,PAY0002022
ORD0002984,CUST00139,STORE0015,2026-02-27,Completed,PAY0002984
ORD0003098,CUST00013,STORE0010,2026-02-27,Completed,PAY0003098
ORD0003170,CUST00060,STORE0010,2026-02-27,Completed,PAY0003170
ORD0003296,CUST00099,STORE0002,2026-02-27,Completed,PAY0003296
ORD0003938,CUST00132,STORE0005,2026-02-27,Completed,PAY0003938
ORD0000828,CUST00132,STORE0004,2026-02-28,Cancelled,PAY0000828
ORD0001250,CUST00024,STORE0011,2026-02-28,Completed,PAY0001250
ORD0001289,CUST00126,STORE0014,2026-02-28,Completed,PAY0001289
ORD0001964,CUST00014,STORE0012,2026-02-28,Completed,PAY0001964
ORD0001997,CUST00136,STORE0011,2026-02-28,Completed,PAY0001997
ORD0002149,CUST00148,STORE0012,2026-02-28,Cancelled,PAY0002149
ORD0002227,CUST00057,STORE0014,2026-02-28,Cancelled,PAY0002227
ORD0002338,CUST00013,STORE0013,2026-02-28,Completed,PAY0002338
ORD0002390,CUST00108,STORE0005,2026-02-28,Completed,PAY0002390
ORD0002900,CUST00125,STORE0015,2026-02-28,Completed,PAY0002900
ORD0003091,CUST00068,STORE0008,2026-02-28,Completed,PAY0003091
ORD0003201,CUST00086,STORE0011,2026-02-28,Cancelled,PAY0003201
ORD0003306,CUST00097,STORE0017,2026-02-28,Completed,PAY0003306
ORD0003489,CUST00059,STORE0018,2026-02-28,Completed,PAY0003489
ORD0003750,CUST00080,STORE0017,2026-02-28,Completed,PAY0003750
ORD0000010,CUST00074,STORE0006,2026-03-01,Completed,PAY0000010
ORD0000466,CUST00016,STORE0008,2026-03-01,Completed,PAY0000466
ORD0000993,CUST00148,STORE0004,2026-03-01,Completed,PAY0000993
ORD0001151,CUST00087,STORE0006,2026-03-01,Completed,PAY0001151
ORD0001320,CUST00053,STORE0015,2026-03-01,Completed,PAY0001320
ORD0001373,CUST00146,STORE0001,2026-03-01,Completed,PAY0001373
ORD0001418,CUST00139,STORE0003,2026-03-01,Completed,PAY0001418
ORD0001428,CUST00029,STORE0004,2026-03-01,Completed,PAY0001428
ORD0001441,CUST00026,STORE0006,2026-03-01,Completed,PAY0001441
ORD0001636,CUST00043,STORE0003,2026-03-01,Completed,PAY0001636
ORD0002330,CUST00028,STORE0013,2026-03-01,Completed,PAY0002330
ORD0003070,CUST00020,STORE0014,2026-03-01,Completed,PAY0003070
ORD0003073,CUST00094,STORE0011,2026-03-01,Completed,PAY0003073
ORD0003143,CUST00004,STORE0016,2026-03-01,Completed,PAY0003143
ORD0003222,CUST00087,STORE0010,2026-03-01,Completed,PAY0003222
ORD0003318,CUST00034,STORE0001,2026-03-01,Completed,PAY0003318
ORD0003395,CUST00006,STORE0017,2026-03-01,Completed,PAY0003395
ORD0003407,CUST00114,STORE0003,2026-03-01,Completed,PAY0003407
ORD0003748,CUST00118,STORE0010,2026-03-01,Completed,PAY0003748
ORD0003778,CUST00077,STORE0010,2026-03-01,Completed,PAY0003778
ORD0003898,CUST00135,STORE0015,2026-03-01,Completed,PAY0003898
ORD0003899,CUST00025,STORE0011,2026-03-01,Completed,PAY0003899
ORD0004176,CUST00125,STORE0014,2026-03-01,Cancelled,PAY0004176
ORD0000004,CUST00118,STORE0013,2026-03-02,Completed,PAY0000004
ORD0000053,CUST00009,STORE0015,2026-03-02,Completed,PAY0000053
ORD0000243,CUST00077,STORE0008,2026-03-02,Completed,PAY0000243
ORD0000584,CUST00135,STORE0013,2026-03-02,Completed,PAY0000584
ORD0000707,CUST00114,STORE0008,2026-03-02,Completed,PAY0000707
ORD0000891,CUST00133,STORE0002,2026-03-02,Completed,PAY0000891
ORD0000931,CUST00117,STORE0008,2026-03-02,Completed,PAY0000931
ORD0000957,CUST00150,STORE0012,2026-03-02,Completed,PAY0000957
ORD0001065,CUST00065,STORE0003,2026-03-02,Completed,PAY0001065
ORD0001067,CUST00113,STORE0004,2026-03-02,Completed,PAY0001067
ORD0001494,CUST00014,STORE0006,2026-03-02,Completed,PAY0001494
ORD0001688,CUST00009,STORE0008,2026-03-02,Completed,PAY0001688
ORD0001741,CUST00068,STORE0017,2026-03-02,Completed,PAY0001741
ORD0001790,CUST00034,STORE0016,2026-03-02,Completed,PAY0001790
ORD0001887,CUST00073,STORE0001,2026-03-02,Completed,PAY0001887
ORD0002792,CUST00115,STORE0002,2026-03-02,Completed,PAY0002792
ORD0002989,CUST00007,STORE0015,2026-03-02,Completed,PAY0002989
ORD0003214,CUST00145,STORE0005,2026-03-02,Completed,PAY0003214
ORD0003572,CUST00003,STORE0011,2026-03-02,Completed,PAY0003572
ORD0003854,CUST00125,STORE0013,2026-03-02,Completed,PAY0003854
ORD0004087,CUST00120,STORE0007,2026-03-02,Completed,PAY0004087
ORD0000029,CUST00018,STORE0006,2026-03-03,Completed,PAY0000029
ORD0000260,CUST00135,STORE0009,2026-03-03,Completed,PAY0000260
ORD0000716,CUST00076,STORE0011,2026-03-03,Completed,PAY0000716
ORD0000975,CUST00111,STORE0005,2026-03-03,Completed,PAY0000975
ORD0001376,CUST00117,STORE0006,2026-03-03,Completed,PAY0001376
ORD0001511,CUST00010,STORE0013,2026-03-03,Completed,PAY0001511
ORD0001617,CUST00014,STORE0010,2026-03-03,Completed,PAY0001617
ORD0002183,CUST00098,STORE0012,2026-03-03,Completed,PAY0002183
ORD0003346,CUST00142,STORE0015,2026-03-03,Completed,PAY0003346
ORD0003412,CUST00140,STORE0015,2026-03-03,Completed,PAY0003412
ORD0003507,CUST00111,STORE0012,2026-03-03,Completed,PAY0003507
ORD0003836,CUST00053,STORE0006,2026-03-03,Completed,PAY0003836
ORD0003996,CUST00007,STORE0012,2026-03-03,Completed,PAY0003996
ORD0004174,CUST00098,STORE0014,2026-03-03,Completed,PAY0004174
ORD0000124,CUST00068,STORE0017,2026-03-04,Cancelled,PAY0000124
ORD0000162,CUST00009,STORE0005,2026-03-04,Completed,PAY0000162
ORD0000594,CUST00063,STORE0011,2026-03-04,Completed,PAY0000594
ORD0000722,CUST00042,STORE0016,2026-03-04,Completed,PAY0000722
ORD0000832,CUST00004,STORE0003,2026-03-04,Completed,PAY0000832
ORD0000861,CUST00034,STORE0009,2026-03-04,Completed,PAY0000861
ORD0000989,CUST00099,STORE0004,2026-03-04,Completed,PAY0000989
ORD0001283,CUST00107,STORE0006,2026-03-04,Completed,PAY0001283
ORD0001478,CUST00117,STORE0001,2026-03-04,Completed,PAY0001478
ORD0001676,CUST00085,STORE0005,2026-03-04,Completed,PAY0001676
ORD0001867,CUST00081,STORE0015,2026-03-04,Completed,PAY0001867
ORD0001872,CUST00002,STORE0005,2026-03-04,Completed,PAY0001872
ORD0002109,CUST00149,STORE0012,2026-03-04,Completed,PAY0002109
ORD0002194,CUST00039,STORE0001,2026-03-04,Completed,PAY0002194
ORD0002251,CUST00108,STORE0017,2026-03-04,Completed,PAY0002251
ORD0002445,CUST00007,STORE0015,2026-03-04,Completed,PAY0002445
ORD0002521,CUST00095,STORE0010,2026-03-04,Completed,PAY0002521
ORD0002591,CUST00056,STORE0013,2026-03-04,Completed,PAY0002591
ORD0002654,CUST00106,STORE0010,2026-03-04,Completed,PAY0002654
ORD0002983,CUST00026,STORE0009,2026-03-04,Completed,PAY0002983
ORD0003033,CUST00075,STORE0012,2026-03-04,Completed,PAY0003033
ORD0003371,CUST00096,STORE0017,2026-03-04,Completed,PAY0003371
ORD0003479,CUST00021,STORE0009,2026-03-04,Completed,PAY0003479
ORD0003759,CUST00056,STORE0015,2026-03-04,Completed,PAY0003759
ORD0004056,CUST00058,STORE0007,2026-03-04,Cancelled,PAY0004056
ORD0000422,CUST00033,STORE0006,2026-03-05,Completed,PAY0000422
ORD0000449,CUST00040,STORE0002,2026-03-05,Completed,PAY0000449
ORD0001286,CUST00028,STORE0010,2026-03-05,Completed,PAY0001286
ORD0001765,CUST00126,STORE0016,2026-03-05,Completed,PAY0001765
ORD0002058,CUST00001,STORE0011,2026-03-05,Completed,PAY0002058
ORD0002562,CUST00074,STORE0009,2026-03-05,Completed,PAY0002562
ORD0002672,CUST00071,STORE0007,2026-03-05,Completed,PAY0002672
ORD0002747,CUST00123,STORE0011,2026-03-05,Completed,PAY0002747
ORD0002841,CUST00103,STORE0006,2026-03-05,Completed,PAY0002841
ORD0002845,CUST00073,STORE0014,2026-03-05,Completed,PAY0002845
ORD0002947,CUST00122,STORE0007,2026-03-05,Completed,PAY0002947
ORD0003278,CUST00002,STORE0018,2026-03-05,Completed,PAY0003278
ORD0003406,CUST00011,STORE0017,2026-03-05,Cancelled,PAY0003406
ORD0003419,CUST00024,STORE0018,2026-03-05,Completed,PAY0003419
ORD0003642,CUST00124,STORE0004,2026-03-05,Cancelled,PAY0003642
ORD0003812,CUST00120,STORE0008,2026-03-05,Completed,PAY0003812
ORD0004084,CUST00110,STORE0008,2026-03-05,Completed,PAY0004084
ORD0000161,CUST00073,STORE0012,2026-03-06,Completed,PAY0000161
ORD0000471,CUST00050,STORE0002,2026-03-06,Completed,PAY0000471
ORD0000579,CUST00115,STORE0017,2026-03-06,Completed,PAY0000579
ORD0000705,CUST00066,STORE0003,2026-03-06,Completed,PAY0000705
ORD0000920,CUST00040,STORE0016,2026-03-06,Completed,PAY0000920
ORD0001033,CUST00118,STORE0014,2026-03-06,Completed,PAY0001033
ORD0001112,CUST00056,STORE0010,2026-03-06,Completed,PAY0001112
ORD0001664,CUST00110,STORE0004,2026-03-06,Completed,PAY0001664
ORD0002255,CUST00121,STORE0017,2026-03-06,Completed,PAY0002255
ORD0002477,CUST00126,STORE0004,2026-03-06,Completed,PAY0002477
ORD0002547,CUST00001,STORE0017,2026-03-06,Completed,PAY0002547
ORD0002805,CUST00105,STORE0004,2026-03-06,Cancelled,PAY0002805
ORD0003020,CUST00020,STORE0005,2026-03-06,Completed,PAY0003020
ORD0003147,CUST00147,STORE0007,2026-03-06,Completed,PAY0003147
ORD0003165,CUST00117,STORE0016,2026-03-06,Completed,PAY0003165
ORD0003496,CUST00076,STORE0014,2026-03-06,Completed,PAY0003496
ORD0003610,CUST00014,STORE0004,2026-03-06,Completed,PAY0003610
ORD0003682,CUST00098,STORE0016,2026-03-06,Cancelled,PAY0003682
ORD0003888,CUST00081,STORE0007,2026-03-06,Completed,PAY0003888
ORD0000013,CUST00009,STORE0001,2026-03-07,Completed,PAY0000013
ORD0000774,CUST00086,STORE0016,2026-03-07,Completed,PAY0000774
ORD0001413,CUST00147,STORE0010,2026-03-07,Completed,PAY0001413
ORD0001448,CUST00074,STORE0007,2026-03-07,Completed,PAY0001448
ORD0001680,CUST00011,STORE0012,2026-03-07,Completed,PAY0001680
ORD0001731,CUST00123,STORE0011,2026-03-07,Completed,PAY0001731
ORD0002744,CUST00103,STORE0013,2026-03-07,Completed,PAY0002744
ORD0002869,CUST00113,STORE0004,2026-03-07,Completed,PAY0002869
ORD0003006,CUST00095,STORE0018,2026-03-07,Completed,PAY0003006
ORD0003383,CUST00040,STORE0017,2026-03-07,Completed,PAY0003383
ORD0003470,CUST00095,STORE0018,2026-03-07,Completed,PAY0003470
ORD0003588,CUST00060,STORE0017,2026-03-07,Completed,PAY0003588
ORD0004061,CUST00042,STORE0004,2026-03-07,Completed,PAY0004061
ORD0004090,CUST00110,STORE0013,2026-03-07,Completed,PAY0004090
ORD0000447,CUST00109,STORE0014,2026-03-08,Completed,PAY0000447
ORD0001399,CUST00071,STORE0004,2026-03-08,Completed,PAY0001399
ORD0002126,CUST00037,STORE0010,2026-03-08,Completed,PAY0002126
ORD0003139,CUST00137,STORE0016,2026-03-08,Completed,PAY0003139
ORD0003415,CUST00016,STORE0003,2026-03-08,Completed,PAY0003415
ORD0003670,CUST00087,STORE0018,2026-03-08,Completed,PAY0003670
ORD0003738,CUST00098,STORE0009,2026-03-08,Completed,PAY0003738
ORD0004199,CUST00002,STORE0018,2026-03-08,Completed,PAY0004199
ORD0000103,CUST00042,STORE0011,2026-03-09,Completed,PAY0000103
ORD0000164,CUST00054,STORE0004,2026-03-09,Completed,PAY0000164
ORD0000445,CUST00116,STORE0009,2026-03-09,Completed,PAY0000445
ORD0000488,CUST00123,STORE0015,2026-03-09,Completed,PAY0000488
ORD0001344,CUST00130,STORE0006,2026-03-09,Completed,PAY0001344
ORD0002146,CUST00134,STORE0005,2026-03-09,Completed,PAY0002146
ORD0002174,CUST00081,STORE0005,2026-03-09,Completed,PAY0002174
ORD0002182,CUST00059,STORE0015,2026-03-09,Completed,PAY0002182
ORD0002196,CUST00067,STORE0016,2026-03-09,Completed,PAY0002196
ORD0002203,CUST00052,STORE0011,2026-03-09,Completed,PAY0002203
ORD0002388,CUST00012,STORE0013,2026-03-09,Completed,PAY0002388
ORD0002784,CUST00032,STORE0005,2026-03-09,Completed,PAY0002784
ORD0003287,CUST00081,STORE0004,2026-03-09,Completed,PAY0003287
ORD0003476,CUST00059,STORE0012,2026-03-09,Completed,PAY0003476
ORD0000158,CUST00066,STORE0011,2026-03-10,Completed,PAY0000158
ORD0000380,CUST00084,STORE0005,2026-03-10,Completed,PAY0000380
ORD0000673,CUST00127,STORE0013,2026-03-10,Completed,PAY0000673
ORD0000765,CUST00110,STORE0012,2026-03-10,Completed,PAY0000765
ORD0000772,CUST00046,STORE0016,2026-03-10,Completed,PAY0000772
ORD0000779,CUST00058,STORE0016,2026-03-10,Completed,PAY0000779
ORD0000784,CUST00034,STORE0004,2026-03-10,Completed,PAY0000784
ORD0001164,CUST00047,STORE0005,2026-03-10,Completed,PAY0001164
ORD0002235,CUST00036,STORE0008,2026-03-10,Completed,PAY0002235
ORD0002297,CUST00071,STORE0018,2026-03-10,Completed,PAY0002297
ORD0002618,CUST00115,STORE0011,2026-03-10,Completed,PAY0002618
ORD0002968,CUST00012,STORE0008,2026-03-10,Completed,PAY0002968
ORD0003047,CUST00071,STORE0012,2026-03-10,Completed,PAY0003047
ORD0003272,CUST00003,STORE0016,2026-03-10,Completed,PAY0003272
ORD0003668,CUST00125,STORE0010,2026-03-10,Completed,PAY0003668
ORD0003719,CUST00027,STORE0008,2026-03-10,Completed,PAY0003719
ORD0003831,CUST00047,STORE0005,2026-03-10,Completed,PAY0003831
ORD0004034,CUST00023,STORE0003,2026-03-10,Completed,PAY0004034
ORD0000951,CUST00055,STORE0003,2026-03-11,Completed,PAY0000951
ORD0001039,CUST00146,STORE0004,2026-03-11,Completed,PAY0001039
ORD0001483,CUST00017,STORE0018,2026-03-11,Completed,PAY0001483
ORD0002265,CUST00104,STORE0013,2026-03-11,Completed,PAY0002265
ORD0002352,CUST00008,STORE0007,2026-03-11,Completed,PAY0002352
ORD0002411,CUST00126,STORE0010,2026-03-11,Completed,PAY0002411
ORD0002944,CUST00023,STORE0014,2026-03-11,Completed,PAY0002944
ORD0002994,CUST00083,STORE0012,2026-03-11,Completed,PAY0002994
ORD0003142,CUST00025,STORE0008,2026-03-11,Cancelled,PAY0003142
ORD0003234,CUST00109,STORE0004,2026-03-11,Completed,PAY0003234
ORD0003761,CUST00063,STORE0007,2026-03-11,Completed,PAY0003761
ORD0003934,CUST00136,STORE0001,2026-03-11,Completed,PAY0003934
ORD0000038,CUST00064,STORE0008,2026-03-12,Completed,PAY0000038
ORD0000280,CUST00108,STORE0001,2026-03-12,Cancelled,PAY0000280
ORD0000500,CUST00108,STORE0016,2026-03-12,Completed,PAY0000500
ORD0000520,CUST00022,STORE0012,2026-03-12,Completed,PAY0000520
ORD0001701,CUST00074,STORE0014,2026-03-12,Completed,PAY0001701
ORD0001839,CUST00063,STORE0005,2026-03-12,Completed,PAY0001839
ORD0002028,CUST00055,STORE0002,2026-03-12,Completed,PAY0002028
ORD0003082,CUST00101,STORE0011,2026-03-12,Completed,PAY0003082
ORD0003462,CUST00069,STORE0018,2026-03-12,Completed,PAY0003462
ORD0003483,CUST00095,STORE0010,2026-03-12,Completed,PAY0003483
ORD0003805,CUST00038,STORE0011,2026-03-12,Completed,PAY0003805
ORD0003966,CUST00032,STORE0003,2026-03-12,Completed,PAY0003966
ORD0000355,CUST00016,STORE0011,2026-03-13,Completed,PAY0000355
ORD0000357,CUST00100,STORE0016,2026-03-13,Completed,PAY0000357
ORD0000476,CUST00075,STORE0004,2026-03-13,Completed,PAY0000476
ORD0000761,CUST00058,STORE0010,2026-03-13,Completed,PAY0000761
ORD0000798,CUST00126,STORE0002,2026-03-13,Completed,PAY0000798
ORD0001394,CUST00104,STORE0004,2026-03-13,Completed,PAY0001394
ORD0001621,CUST00075,STORE0001,2026-03-13,Completed,PAY0001621
ORD0001813,CUST00017,STORE0018,2026-03-13,Completed,PAY0001813
ORD0001859,CUST00115,STORE0018,2026-03-13,Completed,PAY0001859
ORD0001908,CUST00028,STORE0003,2026-03-13,Completed,PAY0001908
ORD0002231,CUST00009,STORE0007,2026-03-13,Completed,PAY0002231
ORD0002430,CUST00001,STORE0001,2026-03-13,Completed,PAY0002430
ORD0002524,CUST00057,STORE0012,2026-03-13,Completed,PAY0002524
ORD0002844,CUST00033,STORE0015,2026-03-13,Cancelled,PAY0002844
ORD0003061,CUST00075,STORE0006,2026-03-13,Completed,PAY0003061
ORD0003203,CUST00097,STORE0014,2026-03-13,Completed,PAY0003203
ORD0004083,CUST00022,STORE0011,2026-03-13,Completed,PAY0004083
ORD0000370,CUST00096,STORE0016,2026-03-14,Completed,PAY0000370
ORD0000382,CUST00101,STORE0008,2026-03-14,Completed,PAY0000382
ORD0000514,CUST00009,STORE0012,2026-03-14,Completed,PAY0000514
ORD0000522,CUST00039,STORE0013,2026-03-14,Cancelled,PAY0000522
ORD0000810,CUST00138,STORE0012,2026-03-14,Completed,PAY0000810
ORD0000978,CUST00077,STORE0015,2026-03-14,Completed,PAY0000978
ORD0001287,CUST00081,STORE0003,2026-03-14,Completed,PAY0001287
ORD0001369,CUST00104,STORE0008,2026-03-14,Completed,PAY0001369
ORD0001608,CUST00011,STORE0001,2026-03-14,Completed,PAY0001608
ORD0001939,CUST00001,STORE0016,2026-03-14,Completed,PAY0001939
ORD0002129,CUST00079,STORE0008,2026-03-14,Completed,PAY0002129
ORD0002191,CUST00078,STORE0007,2026-03-14,Completed,PAY0002191
ORD0002304,CUST00028,STORE0009,2026-03-14,Completed,PAY0002304
ORD0002315,CUST00137,STORE0010,2026-03-14,Completed,PAY0002315
ORD0002429,CUST00150,STORE0015,2026-03-14,Completed,PAY0002429
ORD0002619,CUST00113,STORE0003,2026-03-14,Completed,PAY0002619
ORD0002732,CUST00120,STORE0007,2026-03-14,Completed,PAY0002732
ORD0002849,CUST00139,STORE0002,2026-03-14,Completed,PAY0002849
ORD0002928,CUST00071,STORE0018,2026-03-14,Completed,PAY0002928
ORD0003038,CUST00130,STORE0011,2026-03-14,Completed,PAY0003038
ORD0003503,CUST00021,STORE0010,2026-03-14,Completed,PAY0003503
ORD0004019,CUST00077,STORE0012,2026-03-14,Completed,PAY0004019
ORD0004085,CUST00024,STORE0001,2026-03-14,Completed,PAY0004085
ORD0000146,CUST00121,STORE0011,2026-03-15,Completed,PAY0000146
ORD0000410,CUST00133,STORE0010,2026-03-15,Completed,PAY0000410
ORD0000826,CUST00086,STORE0004,2026-03-15,Completed,PAY0000826
ORD0000918,CUST00089,STORE0017,2026-03-15,Completed,PAY0000918
ORD0001082,CUST00075,STORE0007,2026-03-15,Completed,PAY0001082
ORD0001212,CUST00102,STORE0012,2026-03-15,Completed,PAY0001212
ORD0001602,CUST00132,STORE0011,2026-03-15,Completed,PAY0001602
ORD0001681,CUST00124,STORE0002,2026-03-15,Cancelled,PAY0001681
ORD0001764,CUST00046,STORE0011,2026-03-15,Completed,PAY0001764
ORD0001806,CUST00091,STORE0005,2026-03-15,Completed,PAY0001806
ORD0001844,CUST00094,STORE0004,2026-03-15,Completed,PAY0001844
ORD0001878,CUST00018,STORE0010,2026-03-15,Completed,PAY0001878
ORD0002073,CUST00030,STORE0017,2026-03-15,Completed,PAY0002073
ORD0003137,CUST00077,STORE0001,2026-03-15,Completed,PAY0003137
ORD0003163,CUST00097,STORE0008,2026-03-15,Cancelled,PAY0003163
ORD0003394,CUST00078,STORE0001,2026-03-15,Completed,PAY0003394
ORD0003426,CUST00118,STORE0005,2026-03-15,Completed,PAY0003426
ORD0003660,CUST00103,STORE0010,2026-03-15,Completed,PAY0003660
ORD0000292,CUST00132,STORE0017,2026-03-16,Completed,PAY0000292
ORD0000392,CUST00041,STORE0008,2026-03-16,Completed,PAY0000392
ORD0001280,CUST00026,STORE0004,2026-03-16,Completed,PAY0001280
ORD0001453,CUST00011,STORE0001,2026-03-16,Completed,PAY0001453
ORD0002726,CUST00116,STORE0012,2026-03-16,Completed,PAY0002726
ORD0002851,CUST00004,STORE0002,2026-03-16,Completed,PAY0002851
ORD0003048,CUST00063,STORE0011,2026-03-16,Completed,PAY0003048
ORD0003196,CUST00023,STORE0012,2026-03-16,Completed,PAY0003196
ORD0003451,CUST00042,STORE0010,2026-03-16,Completed,PAY0003451
ORD0003516,CUST00086,STORE0018,2026-03-16,Completed,PAY0003516
ORD0000204,CUST00147,STORE0002,2026-03-17,Completed,PAY0000204
ORD0000208,CUST00119,STORE0005,2026-03-17,Completed,PAY0000208
ORD0000291,CUST00126,STORE0008,2026-03-17,Completed,PAY0000291
ORD0000328,CUST00045,STORE0016,2026-03-17,Completed,PAY0000328
ORD0000551,CUST00052,STORE0008,2026-03-17,Cancelled,PAY0000551
ORD0001206,CUST00024,STORE0014,2026-03-17,Cancelled,PAY0001206
ORD0001256,CUST00065,STORE0013,2026-03-17,Completed,PAY0001256
ORD0001559,CUST00142,STORE0015,2026-03-17,Completed,PAY0001559
ORD0001577,CUST00067,STORE0007,2026-03-17,Cancelled,PAY0001577
ORD0002367,CUST00084,STORE0018,2026-03-17,Completed,PAY0002367
ORD0002420,CUST00114,STORE0005,2026-03-17,Completed,PAY0002420
ORD0002678,CUST00139,STORE0005,2026-03-17,Completed,PAY0002678
ORD0002712,CUST00055,STORE0004,2026-03-17,Completed,PAY0002712
ORD0002795,CUST00074,STORE0006,2026-03-17,Completed,PAY0002795
ORD0003587,CUST00024,STORE0017,2026-03-17,Completed,PAY0003587
ORD0004107,CUST00088,STORE0009,2026-03-17,Cancelled,PAY0004107
ORD0004110,CUST00034,STORE0005,2026-03-17,Completed,PAY0004110
ORD0000023,CUST00113,STORE0014,2026-03-18,Completed,PAY0000023
ORD0000735,CUST00145,STORE0009,2026-03-18,Completed,PAY0000735
ORD0001372,CUST00117,STORE0014,2026-03-18,Completed,PAY0001372
ORD0001464,CUST00031,STORE0011,2026-03-18,Completed,PAY0001464
ORD0001486,CUST00086,STORE0009,2026-03-18,Completed,PAY0001486
ORD0001763,CUST00089,STORE0007,2026-03-18,Completed,PAY0001763
ORD0001987,CUST00141,STORE0010,2026-03-18,Completed,PAY0001987
ORD0002713,CUST00053,STORE0001,2026-03-18,Completed,PAY0002713
ORD0002761,CUST00055,STORE0017,2026-03-18,Completed,PAY0002761
ORD0003518,CUST00016,STORE0006,2026-03-18,Completed,PAY0003518
ORD0003736,CUST00076,STORE0007,2026-03-18,Completed,PAY0003736
ORD0003747,CUST00032,STORE0016,2026-03-18,Cancelled,PAY0003747
ORD0003838,CUST00099,STORE0014,2026-03-18,Completed,PAY0003838
ORD0004078,CUST00135,STORE0018,2026-03-18,Completed,PAY0004078
ORD0004194,CUST00025,STORE0010,2026-03-18,Completed,PAY0004194
ORD0000020,CUST00031,STORE0016,2026-03-19,Completed,PAY0000020
ORD0000590,CUST00107,STORE0008,2026-03-19,Completed,PAY0000590
ORD0000721,CUST00036,STORE0007,2026-03-19,Completed,PAY0000721
ORD0000902,CUST00129,STORE0002,2026-03-19,Completed,PAY0000902
ORD0001117,CUST00014,STORE0009,2026-03-19,Completed,PAY0001117
ORD0001485,CUST00078,STORE0016,2026-03-19,Completed,PAY0001485
ORD0001642,CUST00094,STORE0018,2026-03-19,Completed,PAY0001642
ORD0002495,CUST00051,STORE0002,2026-03-19,Completed,PAY0002495
ORD0002762,CUST00109,STORE0009,2026-03-19,Completed,PAY0002762
ORD0003087,CUST00087,STORE0014,2026-03-19,Completed,PAY0003087
ORD0003125,CUST00007,STORE0004,2026-03-19,Completed,PAY0003125
ORD0003178,CUST00131,STORE0007,2026-03-19,Completed,PAY0003178
ORD0003423,CUST00140,STORE0013,2026-03-19,Completed,PAY0003423
ORD0003460,CUST00056,STORE0007,2026-03-19,Completed,PAY0003460
ORD0003488,CUST00065,STORE0003,2026-03-19,Completed,PAY0003488
ORD0004046,CUST00122,STORE0005,2026-03-19,Completed,PAY0004046
ORD0000560,CUST00131,STORE0017,2026-03-20,Completed,PAY0000560
ORD0000869,CUST00009,STORE0003,2026-03-20,Completed,PAY0000869
ORD0001496,CUST00036,STORE0018,2026-03-20,Cancelled,PAY0001496
ORD0001861,CUST00077,STORE0013,2026-03-20,Cancelled,PAY0001861
ORD0002100,CUST00093,STORE0003,2026-03-20,Cancelled,PAY0002100
ORD0002140,CUST00013,STORE0002,2026-03-20,Completed,PAY0002140
ORD0002796,CUST00054,STORE0015,2026-03-20,Completed,PAY0002796
ORD0002965,CUST00137,STORE0014,2026-03-20,Completed,PAY0002965
ORD0003116,CUST00040,STORE0015,2026-03-20,Completed,PAY0003116
ORD0003528,CUST00004,STORE0004,2026-03-20,Completed,PAY0003528
ORD0003730,CUST00107,STORE0010,2026-03-20,Completed,PAY0003730
ORD0003927,CUST00005,STORE0009,2026-03-20,Cancelled,PAY0003927
ORD0000232,CUST00040,STORE0001,2026-03-21,Completed,PAY0000232
ORD0000368,CUST00106,STORE0016,2026-03-21,Completed,PAY0000368
ORD0000616,CUST00093,STORE0012,2026-03-21,Completed,PAY0000616
ORD0001260,CUST00058,STORE0018,2026-03-21,Completed,PAY0001260
ORD0001269,CUST00009,STORE0002,2026-03-21,Completed,PAY0001269
ORD0001625,CUST00004,STORE0007,2026-03-21,Completed,PAY0001625
ORD0001768,CUST00039,STORE0014,2026-03-21,Cancelled,PAY0001768
ORD0002111,CUST00150,STORE0011,2026-03-21,Completed,PAY0002111
ORD0002179,CUST00037,STORE0002,2026-03-21,Completed,PAY0002179
ORD0002197,CUST00067,STORE0013,2026-03-21,Completed,PAY0002197
ORD0002474,CUST00066,STORE0002,2026-03-21,Completed,PAY0002474
ORD0002785,CUST00042,STORE0015,2026-03-21,Completed,PAY0002785
ORD0003112,CUST00099,STORE0013,2026-03-21,Completed,PAY0003112
ORD0003400,CUST00101,STORE0013,2026-03-21,Completed,PAY0003400
ORD0000202,CUST00111,STORE0015,2026-03-22,Completed,PAY0000202
ORD0000326,CUST00056,STORE0007,2026-03-22,Completed,PAY0000326
ORD0000740,CUST00127,STORE0013,2026-03-22,Completed,PAY0000740
ORD0000776,CUST00126,STORE0015,2026-03-22,Completed,PAY0000776
ORD0000807,CUST00126,STORE0015,2026-03-22,Completed,PAY0000807
ORD0000873,CUST00146,STORE0002,2026-03-22,Completed,PAY0000873
ORD0001499,CUST00046,STORE0010,2026-03-22,Completed,PAY0001499
ORD0001786,CUST00005,STORE0012,2026-03-22,Completed,PAY0001786
ORD0002412,CUST00111,STORE0009,2026-03-22,Completed,PAY0002412
ORD0003192,CUST00150,STORE0002,2026-03-22,Completed,PAY0003192
ORD0003343,CUST00125,STORE0003,2026-03-22,Completed,PAY0003343
ORD0003413,CUST00133,STORE0017,2026-03-22,Completed,PAY0003413
ORD0003819,CUST00119,STORE0016,2026-03-22,Completed,PAY0003819
ORD0000091,CUST00132,STORE0014,2026-03-23,Completed,PAY0000091
ORD0000345,CUST00066,STORE0006,2026-03-23,Completed,PAY0000345
ORD0000688,CUST00088,STORE0016,2026-03-23,Completed,PAY0000688
ORD0000952,CUST00017,STORE0002,2026-03-23,Completed,PAY0000952
ORD0000996,CUST00009,STORE0012,2026-03-23,Completed,PAY0000996
ORD0001100,CUST00072,STORE0005,2026-03-23,Completed,PAY0001100
ORD0001539,CUST00113,STORE0012,2026-03-23,Completed,PAY0001539
ORD0001570,CUST00054,STORE0008,2026-03-23,Completed,PAY0001570
ORD0001605,CUST00089,STORE0014,2026-03-23,Completed,PAY0001605
ORD0002016,CUST00080,STORE0014,2026-03-23,Cancelled,PAY0002016
ORD0002253,CUST00049,STORE0004,2026-03-23,Completed,PAY0002253
ORD0002542,CUST00043,STORE0014,2026-03-23,Completed,PAY0002542
ORD0002631,CUST00039,STORE0012,2026-03-23,Completed,PAY0002631
ORD0003563,CUST00064,STORE0016,2026-03-23,Completed,PAY0003563
ORD0003752,CUST00103,STORE0006,2026-03-23,Completed,PAY0003752
ORD0003909,CUST00036,STORE0002,2026-03-23,Cancelled,PAY0003909
ORD0004091,CUST00104,STORE0017,2026-03-23,Completed,PAY0004091
ORD0004131,CUST00028,STORE0002,2026-03-23,Completed,PAY0004131
ORD0000102,CUST00003,STORE0012,2026-03-24,Cancelled,PAY0000102
ORD0000221,CUST00082,STORE0006,2026-03-24,Completed,PAY0000221
ORD0000324,CUST00107,STORE0014,2026-03-24,Completed,PAY0000324
ORD0000450,CUST00034,STORE0004,2026-03-24,Completed,PAY0000450
ORD0000542,CUST00110,STORE0005,2026-03-24,Completed,PAY0000542
ORD0000621,CUST00118,STORE0011,2026-03-24,Completed,PAY0000621
ORD0000689,CUST00065,STORE0009,2026-03-24,Completed,PAY0000689
ORD0001278,CUST00027,STORE0004,2026-03-24,Cancelled,PAY0001278
ORD0001656,CUST00117,STORE0006,2026-03-24,Completed,PAY0001656
ORD0001709,CUST00121,STORE0010,2026-03-24,Completed,PAY0001709
ORD0002220,CUST00100,STORE0018,2026-03-24,Completed,PAY0002220
ORD0002274,CUST00092,STORE0015,2026-03-24,Completed,PAY0002274
ORD0002700,CUST00124,STORE0011,2026-03-24,Completed,PAY0002700
ORD0002752,CUST00039,STORE0015,2026-03-24,Completed,PAY0002752
ORD0002776,CUST00019,STORE0004,2026-03-24,Completed,PAY0002776
ORD0003052,CUST00021,STORE0018,2026-03-24,Completed,PAY0003052
ORD0003799,CUST00020,STORE0001,2026-03-24,Completed,PAY0003799
ORD0003813,CUST00099,STORE0015,2026-03-24,Completed,PAY0003813
ORD0000074,CUST00096,STORE0015,2026-03-25,Completed,PAY0000074
ORD0000349,CUST00084,STORE0018,2026-03-25,Completed,PAY0000349
ORD0000924,CUST00059,STORE0002,2026-03-25,Completed,PAY0000924
ORD0001321,CUST00072,STORE0007,2026-03-25,Completed,PAY0001321
ORD0001379,CUST00019,STORE0008,2026-03-25,Completed,PAY0001379
ORD0001562,CUST00077,STORE0013,2026-03-25,Completed,PAY0001562
ORD0001614,CUST00093,STORE0016,2026-03-25,Completed,PAY0001614
ORD0001747,CUST00139,STORE0009,2026-03-25,Completed,PAY0001747
ORD0001812,CUST00112,STORE0016,2026-03-25,Completed,PAY0001812
ORD0001981,CUST00034,STORE0009,2026-03-25,Completed,PAY0001981
ORD0002027,CUST00032,STORE0006,2026-03-25,Completed,PAY0002027
ORD0002443,CUST00137,STORE0006,2026-03-25,Completed,PAY0002443
ORD0002569,CUST00139,STORE0018,2026-03-25,Completed,PAY0002569
ORD0002607,CUST00068,STORE0003,2026-03-25,Completed,PAY0002607
ORD0003094,CUST00008,STORE0002,2026-03-25,Completed,PAY0003094
ORD0003134,CUST00126,STORE0018,2026-03-25,Completed,PAY0003134
ORD0003615,CUST00051,STORE0007,2026-03-25,Completed,PAY0003615
ORD0003932,CUST00133,STORE0015,2026-03-25,Completed,PAY0003932
ORD0004038,CUST00037,STORE0009,2026-03-25,Completed,PAY0004038
ORD0000174,CUST00118,STORE0014,2026-03-26,Completed,PAY0000174
ORD0001440,CUST00144,STORE0012,2026-03-26,Completed,PAY0001440
ORD0001607,CUST00149,STORE0015,2026-03-26,Completed,PAY0001607
ORD0002831,CUST00144,STORE0003,2026-03-26,Completed,PAY0002831
ORD0003017,CUST00145,STORE0012,2026-03-26,Completed,PAY0003017
ORD0003305,CUST00124,STORE0011,2026-03-26,Completed,PAY0003305
ORD0003726,CUST00106,STORE0005,2026-03-26,Completed,PAY0003726
ORD0000137,CUST00064,STORE0011,2026-03-27,Completed,PAY0000137
ORD0000268,CUST00117,STORE0013,2026-03-27,Cancelled,PAY0000268
ORD0000457,CUST00076,STORE0002,2026-03-27,Completed,PAY0000457
ORD0000922,CUST00116,STORE0011,2026-03-27,Completed,PAY0000922
ORD0001393,CUST00012,STORE0006,2026-03-27,Completed,PAY0001393
ORD0001512,CUST00024,STORE0011,2026-03-27,Completed,PAY0001512
ORD0001754,CUST00142,STORE0015,2026-03-27,Completed,PAY0001754
ORD0001998,CUST00128,STORE0008,2026-03-27,Completed,PAY0001998
ORD0002071,CUST00120,STORE0013,2026-03-27,Completed,PAY0002071
ORD0002280,CUST00090,STORE0015,2026-03-27,Completed,PAY0002280
ORD0002985,CUST00109,STORE0018,2026-03-27,Completed,PAY0002985
ORD0003117,CUST00063,STORE0009,2026-03-27,Completed,PAY0003117
ORD0003266,CUST00071,STORE0005,2026-03-27,Completed,PAY0003266
ORD0003431,CUST00145,STORE0002,2026-03-27,Completed,PAY0003431
ORD0003568,CUST00001,STORE0017,2026-03-27,Completed,PAY0003568
ORD0000088,CUST00117,STORE0003,2026-03-28,Completed,PAY0000088
ORD0000187,CUST00054,STORE0007,2026-03-28,Completed,PAY0000187
ORD0000364,CUST00058,STORE0010,2026-03-28,Completed,PAY0000364
ORD0000521,CUST00069,STORE0007,2026-03-28,Completed,PAY0000521
ORD0000575,CUST00005,STORE0001,2026-03-28,Completed,PAY0000575
ORD0000611,CUST00116,STORE0018,2026-03-28,Completed,PAY0000611
ORD0000906,CUST00102,STORE0003,2026-03-28,Completed,PAY0000906
ORD0000935,CUST00033,STORE0016,2026-03-28,Completed,PAY0000935
ORD0001087,CUST00044,STORE0004,2026-03-28,Completed,PAY0001087
ORD0001148,CUST00035,STORE0011,2026-03-28,Completed,PAY0001148
ORD0001221,CUST00016,STORE0013,2026-03-28,Cancelled,PAY0001221
ORD0001403,CUST00007,STORE0011,2026-03-28,Completed,PAY0001403
ORD0001502,CUST00097,STORE0006,2026-03-28,Completed,PAY0001502
ORD0001771,CUST00123,STORE0018,2026-03-28,Completed,PAY0001771
ORD0001989,CUST00076,STORE0010,2026-03-28,Completed,PAY0001989
ORD0002444,CUST00062,STORE0011,2026-03-28,Completed,PAY0002444
ORD0002955,CUST00075,STORE0006,2026-03-28,Completed,PAY0002955
ORD0003126,CUST00051,STORE0008,2026-03-28,Completed,PAY0003126
ORD0003176,CUST00025,STORE0005,2026-03-28,Completed,PAY0003176
ORD0003253,CUST00039,STORE0016,2026-03-28,Completed,PAY0003253
ORD0003375,CUST00119,STORE0001,2026-03-28,Completed,PAY0003375
ORD0003427,CUST00123,STORE0013,2026-03-28,Completed,PAY0003427
ORD0003714,CUST00030,STORE0005,2026-03-28,Completed,PAY0003714
ORD0003754,CUST00084,STORE0004,2026-03-28,Completed,PAY0003754
ORD0003948,CUST00029,STORE0006,2026-03-28,Completed,PAY0003948
ORD0003953,CUST00062,STORE0010,2026-03-28,Completed,PAY0003953
ORD0004133,CUST00039,STORE0008,2026-03-28,Completed,PAY0004133
ORD0000121,CUST00031,STORE0006,2026-03-29,Completed,PAY0000121
ORD0000591,CUST00128,STORE0002,2026-03-29,Completed,PAY0000591
ORD0000592,CUST00011,STORE0007,2026-03-29,Completed,PAY0000592
ORD0000599,CUST00080,STORE0017,2026-03-29,Completed,PAY0000599
ORD0000659,CUST00121,STORE0002,2026-03-29,Completed,PAY0000659
ORD0000751,CUST00085,STORE0004,2026-03-29,Completed,PAY0000751
ORD0001000,CUST00121,STORE0002,2026-03-29,Completed,PAY0001000
ORD0001009,CUST00083,STORE0006,2026-03-29,Completed,PAY0001009
ORD0001081,CUST00058,STORE0013,2026-03-29,Completed,PAY0001081
ORD0001313,CUST00032,STORE0004,2026-03-29,Completed,PAY0001313
ORD0001740,CUST00031,STORE0001,2026-03-29,Completed,PAY0001740
ORD0002060,CUST00111,STORE0015,2026-03-29,Completed,PAY0002060
ORD0002778,CUST00077,STORE0006,2026-03-29,Completed,PAY0002778
ORD0002913,CUST00137,STORE0012,2026-03-29,Completed,PAY0002913
ORD0002922,CUST00032,STORE0001,2026-03-29,Completed,PAY0002922
ORD0003230,CUST00024,STORE0012,2026-03-29,Completed,PAY0003230
ORD0003236,CUST00119,STORE0013,2026-03-29,Completed,PAY0003236
ORD0003261,CUST00119,STORE0002,2026-03-29,Completed,PAY0003261
ORD0003315,CUST00062,STORE0003,2026-03-29,Completed,PAY0003315
ORD0003352,CUST00047,STORE0013,2026-03-29,Completed,PAY0003352
ORD0003408,CUST00009,STORE0001,2026-03-29,Completed,PAY0003408
ORD0003846,CUST00126,STORE0018,2026-03-29,Completed,PAY0003846
ORD0003983,CUST00114,STORE0018,2026-03-29,Completed,PAY0003983
ORD0003984,CUST00095,STORE0016,2026-03-29,Completed,PAY0003984
ORD0004051,CUST00148,STORE0017,2026-03-29,Completed,PAY0004051
ORD0004144,CUST00141,STORE0011,2026-03-29,Completed,PAY0004144
ORD0000018,CUST00149,STORE0016,2026-03-30,Completed,PAY0000018
ORD0000307,CUST00026,STORE0016,2026-03-30,Completed,PAY0000307
ORD0000517,CUST00137,STORE0010,2026-03-30,Completed,PAY0000517
ORD0002599,CUST00035,STORE0011,2026-03-30,Completed,PAY0002599
ORD0002657,CUST00035,STORE0002,2026-03-30,Completed,PAY0002657
ORD0003054,CUST00009,STORE0016,2026-03-30,Completed,PAY0003054
ORD0003238,CUST00084,STORE0004,2026-03-30,Completed,PAY0003238
ORD0003275,CUST00042,STORE0017,2026-03-30,Completed,PAY0003275
ORD0003949,CUST00060,STORE0010,2026-03-30,Completed,PAY0003949
ORD0000045,CUST00003,STORE0004,2026-03-31,Completed,PAY0000045
ORD0000180,CUST00128,STORE0013,2026-03-31,Completed,PAY0000180
ORD0000366,CUST00045,STORE0011,2026-03-31,Completed,PAY0000366
ORD0000836,CUST00106,STORE0013,2026-03-31,Completed,PAY0000836
ORD0001004,CUST00104,STORE0016,2026-03-31,Completed,PAY0001004
ORD0001479,CUST00135,STORE0003,2026-03-31,Completed,PAY0001479
ORD0001788,CUST00139,STORE0015,2026-03-31,Completed,PAY0001788
ORD0001795,CUST00021,STORE0014,2026-03-31,Completed,PAY0001795
ORD0001940,CUST00024,STORE0014,2026-03-31,Completed,PAY0001940
ORD0002224,CUST00038,STORE0012,2026-03-31,Completed,PAY0002224
ORD0002840,CUST00069,STORE0012,2026-03-31,Completed,PAY0002840
ORD0003240,CUST00054,STORE0005,2026-03-31,Completed,PAY0003240
ORD0003357,CUST00068,STORE0017,2026-03-31,Completed,PAY0003357
ORD0003954,CUST00143,STORE0008,2026-03-31,Completed,PAY0003954
ORD0000417,CUST00082,STORE0001,2026-04-01,Completed,PAY0000417
ORD0000420,CUST00036,STORE0005,2026-04-01,Completed,PAY0000420
ORD0000874,CUST00082,STORE0008,2026-04-01,Completed,PAY0000874
ORD0001079,CUST00089,STORE0006,2026-04-01,Completed,PAY0001079
ORD0001145,CUST00100,STORE0018,2026-04-01,Completed,PAY0001145
ORD0001298,CUST00022,STORE0014,2026-04-01,Completed,PAY0001298
ORD0001415,CUST00074,STORE0011,2026-04-01,Completed,PAY0001415
ORD0001973,CUST00003,STORE0011,2026-04-01,Completed,PAY0001973
ORD0002344,CUST00021,STORE0013,2026-04-01,Completed,PAY0002344
ORD0002393,CUST00078,STORE0011,2026-04-01,Completed,PAY0002393
ORD0003535,CUST00023,STORE0011,2026-04-01,Completed,PAY0003535
ORD0003634,CUST00072,STORE0013,2026-04-01,Completed,PAY0003634
ORD0003740,CUST00071,STORE0003,2026-04-01,Completed,PAY0003740
ORD0004115,CUST00123,STORE0014,2026-04-01,Completed,PAY0004115
ORD0000193,CUST00100,STORE0011,2026-04-02,Completed,PAY0000193
ORD0000413,CUST00033,STORE0007,2026-04-02,Completed,PAY0000413
ORD0000502,CUST00079,STORE0017,2026-04-02,Completed,PAY0000502
ORD0000518,CUST00063,STORE0006,2026-04-02,Completed,PAY0000518
ORD0001318,CUST00104,STORE0011,2026-04-02,Completed,PAY0001318
ORD0001710,CUST00098,STORE0001,2026-04-02,Completed,PAY0001710
ORD0001738,CUST00061,STORE0006,2026-04-02,Completed,PAY0001738
ORD0001826,CUST00029,STORE0008,2026-04-02,Completed,PAY0001826
ORD0002267,CUST00043,STORE0006,2026-04-02,Completed,PAY0002267
ORD0002674,CUST00112,STORE0014,2026-04-02,Completed,PAY0002674
ORD0002867,CUST00057,STORE0005,2026-04-02,Completed,PAY0002867
ORD0002885,CUST00031,STORE0012,2026-04-02,Completed,PAY0002885
ORD0003115,CUST00013,STORE0003,2026-04-02,Completed,PAY0003115
ORD0003373,CUST00081,STORE0018,2026-04-02,Completed,PAY0003373
ORD0003567,CUST00097,STORE0004,2026-04-02,Completed,PAY0003567
ORD0003737,CUST00134,STORE0016,2026-04-02,Completed,PAY0003737
ORD0003940,CUST00053,STORE0010,2026-04-02,Cancelled,PAY0003940
ORD0000337,CUST00120,STORE0010,2026-04-03,Completed,PAY0000337
ORD0000358,CUST00008,STORE0001,2026-04-03,Completed,PAY0000358
ORD0000482,CUST00114,STORE0005,2026-04-03,Completed,PAY0000482
ORD0000519,CUST00078,STORE0014,2026-04-03,Cancelled,PAY0000519
ORD0000543,CUST00066,STORE0016,2026-04-03,Completed,PAY0000543
ORD0000605,CUST00103,STORE0012,2026-04-03,Completed,PAY0000605
ORD0000619,CUST00002,STORE0009,2026-04-03,Completed,PAY0000619
ORD0000805,CUST00141,STORE0004,2026-04-03,Cancelled,PAY0000805
ORD0001327,CUST00024,STORE0016,2026-04-03,Completed,PAY0001327
ORD0001348,CUST00006,STORE0008,2026-04-03,Completed,PAY0001348
ORD0001999,CUST00072,STORE0009,2026-04-03,Completed,PAY0001999
ORD0002498,CUST00113,STORE0014,2026-04-03,Completed,PAY0002498
ORD0002651,CUST00123,STORE0005,2026-04-03,Completed,PAY0002651
ORD0003308,CUST00038,STORE0004,2026-04-03,Completed,PAY0003308
ORD0003374,CUST00051,STORE0006,2026-04-03,Completed,PAY0003374
ORD0003379,CUST00130,STORE0016,2026-04-03,Completed,PAY0003379
ORD0003715,CUST00101,STORE0004,2026-04-03,Completed,PAY0003715
ORD0003755,CUST00132,STORE0010,2026-04-03,Completed,PAY0003755
ORD0003774,CUST00124,STORE0009,2026-04-03,Completed,PAY0003774
ORD0003795,CUST00041,STORE0010,2026-04-03,Completed,PAY0003795
ORD0003902,CUST00127,STORE0018,2026-04-03,Completed,PAY0003902
ORD0004112,CUST00031,STORE0001,2026-04-03,Completed,PAY0004112
ORD0000047,CUST00115,STORE0012,2026-04-04,Completed,PAY0000047
ORD0000321,CUST00129,STORE0015,2026-04-04,Completed,PAY0000321
ORD0001326,CUST00133,STORE0005,2026-04-04,Completed,PAY0001326
ORD0001531,CUST00077,STORE0008,2026-04-04,Completed,PAY0001531
ORD0001698,CUST00144,STORE0018,2026-04-04,Completed,PAY0001698
ORD0001829,CUST00004,STORE0008,2026-04-04,Completed,PAY0001829
ORD0002000,CUST00043,STORE0008,2026-04-04,Completed,PAY0002000
ORD0002766,CUST00041,STORE0002,2026-04-04,Completed,PAY0002766
ORD0002782,CUST00094,STORE0001,2026-04-04,Completed,PAY0002782
ORD0003816,CUST00054,STORE0003,2026-04-04,Completed,PAY0003816
ORD0004048,CUST00023,STORE0017,2026-04-04,Cancelled,PAY0004048
ORD0000079,CUST00046,STORE0009,2026-04-05,Cancelled,PAY0000079
ORD0000107,CUST00087,STORE0010,2026-04-05,Completed,PAY0000107
ORD0000491,CUST00108,STORE0008,2026-04-05,Completed,PAY0000491
ORD0000505,CUST00058,STORE0009,2026-04-05,Completed,PAY0000505
ORD0000597,CUST00036,STORE0016,2026-04-05,Completed,PAY0000597
ORD0000717,CUST00053,STORE0015,2026-04-05,Completed,PAY0000717
ORD0000733,CUST00007,STORE0018,2026-04-05,Completed,PAY0000733
ORD0000911,CUST00099,STORE0015,2026-04-05,Completed,PAY0000911
ORD0000939,CUST00047,STORE0002,2026-04-05,Completed,PAY0000939
ORD0001031,CUST00052,STORE0009,2026-04-05,Completed,PAY0001031
ORD0001601,CUST00014,STORE0008,2026-04-05,Completed,PAY0001601
ORD0001668,CUST00145,STORE0017,2026-04-05,Completed,PAY0001668
ORD0001866,CUST00142,STORE0001,2026-04-05,Completed,PAY0001866
ORD0002435,CUST00057,STORE0011,2026-04-05,Cancelled,PAY0002435
ORD0002670,CUST00124,STORE0007,2026-04-05,Completed,PAY0002670
ORD0003669,CUST00023,STORE0004,2026-04-05,Completed,PAY0003669
ORD0000585,CUST00010,STORE0016,2026-04-06,Completed,PAY0000585
ORD0000631,CUST00114,STORE0010,2026-04-06,Completed,PAY0000631
ORD0000773,CUST00087,STORE0011,2026-04-06,Completed,PAY0000773
ORD0000851,CUST00017,STORE0013,2026-04-06,Completed,PAY0000851
ORD0000972,CUST00117,STORE0011,2026-04-06,Completed,PAY0000972
ORD0001014,CUST00066,STORE0008,2026-04-06,Completed,PAY0001014
ORD0001955,CUST00025,STORE0011,2026-04-06,Completed,PAY0001955
ORD0001976,CUST00119,STORE0012,2026-04-06,Completed,PAY0001976
ORD0002091,CUST00014,STORE0015,2026-04-06,Completed,PAY0002091
ORD0002209,CUST00075,STORE0014,2026-04-06,Completed,PAY0002209
ORD0002812,CUST00086,STORE0004,2026-04-06,Completed,PAY0002812
ORD0002828,CUST00046,STORE0015,2026-04-06,Cancelled,PAY0002828
ORD0003015,CUST00118,STORE0006,2026-04-06,Cancelled,PAY0003015
ORD0003295,CUST00072,STORE0010,2026-04-06,Completed,PAY0003295
ORD0003534,CUST00136,STORE0011,2026-04-06,Completed,PAY0003534
ORD0003652,CUST00149,STORE0015,2026-04-06,Completed,PAY0003652
ORD0003782,CUST00002,STORE0016,2026-04-06,Completed,PAY0003782
ORD0000854,CUST00047,STORE0006,2026-04-07,Completed,PAY0000854
ORD0000898,CUST00030,STORE0006,2026-04-07,Completed,PAY0000898
ORD0000963,CUST00094,STORE0003,2026-04-07,Completed,PAY0000963
ORD0001239,CUST00042,STORE0017,2026-04-07,Cancelled,PAY0001239
ORD0001332,CUST00052,STORE0018,2026-04-07,Completed,PAY0001332
ORD0001354,CUST00053,STORE0003,2026-04-07,Completed,PAY0001354
ORD0001693,CUST00121,STORE0003,2026-04-07,Completed,PAY0001693
ORD0001720,CUST00106,STORE0016,2026-04-07,Completed,PAY0001720
ORD0002029,CUST00090,STORE0009,2026-04-07,Completed,PAY0002029
ORD0002063,CUST00004,STORE0018,2026-04-07,Completed,PAY0002063
ORD0002268,CUST00039,STORE0014,2026-04-07,Completed,PAY0002268
ORD0002318,CUST00121,STORE0015,2026-04-07,Cancelled,PAY0002318
ORD0002687,CUST00076,STORE0013,2026-04-07,Completed,PAY0002687
ORD0003229,CUST00057,STORE0014,2026-04-07,Completed,PAY0003229
ORD0003434,CUST00031,STORE0001,2026-04-07,Completed,PAY0003434
ORD0003471,CUST00093,STORE0014,2026-04-07,Completed,PAY0003471
ORD0003773,CUST00052,STORE0002,2026-04-07,Completed,PAY0003773
ORD0003829,CUST00098,STORE0017,2026-04-07,Completed,PAY0003829
ORD0004101,CUST00032,STORE0002,2026-04-07,Completed,PAY0004101
ORD0001773,CUST00066,STORE0015,2026-04-08,Cancelled,PAY0001773
ORD0001807,CUST00139,STORE0018,2026-04-08,Completed,PAY0001807
ORD0001988,CUST00114,STORE0004,2026-04-08,Completed,PAY0001988
ORD0002096,CUST00120,STORE0003,2026-04-08,Completed,PAY0002096
ORD0002258,CUST00045,STORE0004,2026-04-08,Completed,PAY0002258
ORD0002342,CUST00113,STORE0015,2026-04-08,Completed,PAY0002342
ORD0002417,CUST00067,STORE0017,2026-04-08,Completed,PAY0002417
ORD0002438,CUST00132,STORE0004,2026-04-08,Completed,PAY0002438
ORD0002624,CUST00134,STORE0012,2026-04-08,Completed,PAY0002624
ORD0002673,CUST00091,STORE0016,2026-04-08,Completed,PAY0002673
ORD0002733,CUST00149,STORE0011,2026-04-08,Completed,PAY0002733
ORD0003569,CUST00037,STORE0018,2026-04-08,Completed,PAY0003569
ORD0003696,CUST00124,STORE0012,2026-04-08,Completed,PAY0003696
ORD0004158,CUST00016,STORE0012,2026-04-08,Completed,PAY0004158
ORD0000210,CUST00004,STORE0006,2026-04-09,Completed,PAY0000210
ORD0000223,CUST00128,STORE0010,2026-04-09,Completed,PAY0000223
ORD0000241,CUST00078,STORE0015,2026-04-09,Completed,PAY0000241
ORD0000576,CUST00040,STORE0011,2026-04-09,Completed,PAY0000576
ORD0000625,CUST00051,STORE0005,2026-04-09,Completed,PAY0000625
ORD0000872,CUST00108,STORE0002,2026-04-09,Completed,PAY0000872
ORD0000950,CUST00135,STORE0008,2026-04-09,Cancelled,PAY0000950
ORD0001172,CUST00138,STORE0010,2026-04-09,Completed,PAY0001172
ORD0001291,CUST00070,STORE0013,2026-04-09,Completed,PAY0001291
ORD0001315,CUST00078,STORE0014,2026-04-09,Completed,PAY0001315
ORD0001553,CUST00097,STORE0002,2026-04-09,Completed,PAY0001553
ORD0002098,CUST00126,STORE0004,2026-04-09,Completed,PAY0002098
ORD0002252,CUST00147,STORE0013,2026-04-09,Completed,PAY0002252
ORD0002613,CUST00100,STORE0005,2026-04-09,Completed,PAY0002613
ORD0002640,CUST00131,STORE0008,2026-04-09,Completed,PAY0002640
ORD0002659,CUST00048,STORE0010,2026-04-09,Completed,PAY0002659
ORD0003032,CUST00002,STORE0011,2026-04-09,Completed,PAY0003032
ORD0003625,CUST00123,STORE0003,2026-04-09,Completed,PAY0003625
ORD0004023,CUST00048,STORE0015,2026-04-09,Completed,PAY0004023
ORD0000308,CUST00091,STORE0015,2026-04-10,Completed,PAY0000308
ORD0000361,CUST00045,STORE0013,2026-04-10,Cancelled,PAY0000361
ORD0000606,CUST00056,STORE0011,2026-04-10,Completed,PAY0000606
ORD0001604,CUST00146,STORE0003,2026-04-10,Completed,PAY0001604
ORD0002608,CUST00085,STORE0016,2026-04-10,Completed,PAY0002608
ORD0002956,CUST00099,STORE0001,2026-04-10,Completed,PAY0002956
ORD0003152,CUST00063,STORE0006,2026-04-10,Completed,PAY0003152
ORD0003603,CUST00029,STORE0001,2026-04-10,Completed,PAY0003603
ORD0000310,CUST00127,STORE0006,2026-04-11,Completed,PAY0000310
ORD0000341,CUST00026,STORE0010,2026-04-11,Completed,PAY0000341
ORD0000885,CUST00099,STORE0014,2026-04-11,Completed,PAY0000885
ORD0001118,CUST00042,STORE0018,2026-04-11,Completed,PAY0001118
ORD0001244,CUST00135,STORE0014,2026-04-11,Completed,PAY0001244
ORD0001904,CUST00076,STORE0014,2026-04-11,Completed,PAY0001904
ORD0001935,CUST00110,STORE0004,2026-04-11,Completed,PAY0001935
ORD0002184,CUST00146,STORE0009,2026-04-11,Cancelled,PAY0002184
ORD0002214,CUST00077,STORE0014,2026-04-11,Completed,PAY0002214
ORD0002781,CUST00090,STORE0011,2026-04-11,Cancelled,PAY0002781
ORD0002804,CUST00095,STORE0011,2026-04-11,Completed,PAY0002804
ORD0003298,CUST00143,STORE0006,2026-04-11,Cancelled,PAY0003298
ORD0003585,CUST00012,STORE0010,2026-04-11,Completed,PAY0003585
ORD0003709,CUST00020,STORE0009,2026-04-11,Completed,PAY0003709
ORD0003760,CUST00079,STORE0010,2026-04-11,Completed,PAY0003760
ORD0003877,CUST00129,STORE0012,2026-04-11,Completed,PAY0003877
ORD0003915,CUST00141,STORE0005,2026-04-11,Completed,PAY0003915
ORD0003943,CUST00124,STORE0004,2026-04-11,Completed,PAY0003943
ORD0004064,CUST00130,STORE0001,2026-04-11,Completed,PAY0004064
ORD0004098,CUST00070,STORE0005,2026-04-11,Completed,PAY0004098
ORD0000087,CUST00111,STORE0014,2026-04-12,Completed,PAY0000087
ORD0000637,CUST00034,STORE0005,2026-04-12,Completed,PAY0000637
ORD0001449,CUST00002,STORE0012,2026-04-12,Completed,PAY0001449
ORD0001590,CUST00140,STORE0006,2026-04-12,Completed,PAY0001590
ORD0002011,CUST00116,STORE0006,2026-04-12,Completed,PAY0002011
ORD0002056,CUST00123,STORE0003,2026-04-12,Completed,PAY0002056
ORD0002305,CUST00014,STORE0002,2026-04-12,Completed,PAY0002305
ORD0002372,CUST00012,STORE0011,2026-04-12,Completed,PAY0002372
ORD0002907,CUST00133,STORE0018,2026-04-12,Completed,PAY0002907
ORD0003086,CUST00046,STORE0013,2026-04-12,Completed,PAY0003086
ORD0003267,CUST00062,STORE0004,2026-04-12,Completed,PAY0003267
ORD0003924,CUST00033,STORE0006,2026-04-12,Completed,PAY0003924
ORD0000583,CUST00026,STORE0008,2026-04-13,Completed,PAY0000583
ORD0000792,CUST00127,STORE0002,2026-04-13,Completed,PAY0000792
ORD0000876,CUST00144,STORE0004,2026-04-13,Cancelled,PAY0000876
ORD0001277,CUST00048,STORE0001,2026-04-13,Completed,PAY0001277
ORD0001371,CUST00133,STORE0015,2026-04-13,Completed,PAY0001371
ORD0001551,CUST00069,STORE0016,2026-04-13,Completed,PAY0001551
ORD0001810,CUST00090,STORE0018,2026-04-13,Completed,PAY0001810
ORD0001918,CUST00040,STORE0002,2026-04-13,Completed,PAY0001918
ORD0002128,CUST00104,STORE0002,2026-04-13,Completed,PAY0002128
ORD0002188,CUST00021,STORE0005,2026-04-13,Completed,PAY0002188
ORD0002278,CUST00124,STORE0005,2026-04-13,Completed,PAY0002278
ORD0004092,CUST00099,STORE0006,2026-04-13,Completed,PAY0004092
ORD0004190,CUST00064,STORE0006,2026-04-13,Completed,PAY0004190
ORD0000271,CUST00068,STORE0014,2026-04-14,Completed,PAY0000271
ORD0000569,CUST00097,STORE0008,2026-04-14,Completed,PAY0000569
ORD0000691,CUST00064,STORE0006,2026-04-14,Cancelled,PAY0000691
ORD0000700,CUST00059,STORE0005,2026-04-14,Completed,PAY0000700
ORD0001155,CUST00081,STORE0007,2026-04-14,Completed,PAY0001155
ORD0001181,CUST00080,STORE0002,2026-04-14,Completed,PAY0001181
ORD0001185,CUST00119,STORE0016,2026-04-14,Cancelled,PAY0001185
ORD0001261,CUST00030,STORE0002,2026-04-14,Completed,PAY0001261
ORD0001434,CUST00073,STORE0003,2026-04-14,Completed,PAY0001434
ORD0001466,CUST00021,STORE0013,2026-04-14,Completed,PAY0001466
ORD0001599,CUST00115,STORE0018,2026-04-14,Completed,PAY0001599
ORD0001651,CUST00145,STORE0018,2026-04-14,Cancelled,PAY0001651
ORD0001665,CUST00031,STORE0003,2026-04-14,Completed,PAY0001665
ORD0001912,CUST00076,STORE0002,2026-04-14,Completed,PAY0001912
ORD0001925,CUST00030,STORE0011,2026-04-14,Completed,PAY0001925
ORD0001956,CUST00029,STORE0015,2026-04-14,Completed,PAY0001956
ORD0002337,CUST00088,STORE0007,2026-04-14,Completed,PAY0002337
ORD0002838,CUST00062,STORE0013,2026-04-14,Completed,PAY0002838
ORD0002976,CUST00089,STORE0018,2026-04-14,Completed,PAY0002976
ORD0003390,CUST00080,STORE0013,2026-04-14,Completed,PAY0003390
ORD0003653,CUST00066,STORE0008,2026-04-14,Completed,PAY0003653
ORD0003865,CUST00077,STORE0002,2026-04-14,Completed,PAY0003865
ORD0003991,CUST00048,STORE0016,2026-04-14,Completed,PAY0003991
ORD0000344,CUST00144,STORE0014,2026-04-15,Completed,PAY0000344
ORD0000469,CUST00062,STORE0015,2026-04-15,Completed,PAY0000469
ORD0001828,CUST00078,STORE0003,2026-04-15,Completed,PAY0001828
ORD0001928,CUST00071,STORE0001,2026-04-15,Completed,PAY0001928
ORD0001993,CUST00064,STORE0018,2026-04-15,Completed,PAY0001993
ORD0002450,CUST00063,STORE0013,2026-04-15,Completed,PAY0002450
ORD0002634,CUST00129,STORE0006,2026-04-15,Completed,PAY0002634
ORD0002684,CUST00069,STORE0014,2026-04-15,Completed,PAY0002684
ORD0002936,CUST00145,STORE0007,2026-04-15,Completed,PAY0002936
ORD0002951,CUST00115,STORE0004,2026-04-15,Completed,PAY0002951
ORD0003699,CUST00095,STORE0001,2026-04-15,Completed,PAY0003699
ORD0003994,CUST00116,STORE0005,2026-04-15,Completed,PAY0003994
ORD0000319,CUST00098,STORE0010,2026-04-16,Completed,PAY0000319
ORD0000323,CUST00145,STORE0013,2026-04-16,Cancelled,PAY0000323
ORD0000396,CUST00080,STORE0011,2026-04-16,Completed,PAY0000396
ORD0000763,CUST00047,STORE0012,2026-04-16,Completed,PAY0000763
ORD0001047,CUST00009,STORE0011,2026-04-16,Completed,PAY0001047
ORD0001477,CUST00089,STORE0018,2026-04-16,Completed,PAY0001477
ORD0001581,CUST00051,STORE0006,2026-04-16,Completed,PAY0001581
ORD0001985,CUST00009,STORE0011,2026-04-16,Completed,PAY0001985
ORD0002010,CUST00012,STORE0012,2026-04-16,Completed,PAY0002010
ORD0002132,CUST00009,STORE0004,2026-04-16,Completed,PAY0002132
ORD0002327,CUST00132,STORE0016,2026-04-16,Completed,PAY0002327
ORD0002490,CUST00077,STORE0004,2026-04-16,Completed,PAY0002490
ORD0002578,CUST00041,STORE0014,2026-04-16,Completed,PAY0002578
ORD0002938,CUST00044,STORE0009,2026-04-16,Completed,PAY0002938
ORD0003036,CUST00087,STORE0007,2026-04-16,Completed,PAY0003036
ORD0003429,CUST00020,STORE0011,2026-04-16,Completed,PAY0003429
ORD0003464,CUST00067,STORE0002,2026-04-16,Cancelled,PAY0003464
ORD0003908,CUST00090,STORE0017,2026-04-16,Completed,PAY0003908
ORD0000209,CUST00100,STORE0010,2026-04-17,Completed,PAY0000209
ORD0000320,CUST00002,STORE0013,2026-04-17,Completed,PAY0000320
ORD0000985,CUST00007,STORE0018,2026-04-17,Completed,PAY0000985
ORD0001044,CUST00145,STORE0013,2026-04-17,Cancelled,PAY0001044
ORD0001238,CUST00030,STORE0009,2026-04-17,Completed,PAY0001238
ORD0001727,CUST00120,STORE0008,2026-04-17,Completed,PAY0001727
ORD0002242,CUST00126,STORE0018,2026-04-17,Completed,PAY0002242
ORD0002501,CUST00142,STORE0010,2026-04-17,Completed,PAY0002501
ORD0002606,CUST00113,STORE0001,2026-04-17,Completed,PAY0002606
ORD0002688,CUST00003,STORE0011,2026-04-17,Completed,PAY0002688
ORD0002822,CUST00097,STORE0009,2026-04-17,Completed,PAY0002822
ORD0003102,CUST00063,STORE0007,2026-04-17,Cancelled,PAY0003102
ORD0003263,CUST00121,STORE0014,2026-04-17,Completed,PAY0003263
ORD0003264,CUST00023,STORE0014,2026-04-17,Completed,PAY0003264
ORD0000008,CUST00116,STORE0009,2026-04-18,Completed,PAY0000008
ORD0000166,CUST00009,STORE0012,2026-04-18,Completed,PAY0000166
ORD0000602,CUST00065,STORE0008,2026-04-18,Completed,PAY0000602
ORD0000710,CUST00058,STORE0004,2026-04-18,Completed,PAY0000710
ORD0001341,CUST00116,STORE0012,2026-04-18,Completed,PAY0001341
ORD0001870,CUST00058,STORE0002,2026-04-18,Completed,PAY0001870
ORD0002295,CUST00060,STORE0013,2026-04-18,Completed,PAY0002295
ORD0002326,CUST00140,STORE0016,2026-04-18,Completed,PAY0002326
ORD0002580,CUST00064,STORE0015,2026-04-18,Completed,PAY0002580
ORD0002633,CUST00013,STORE0017,2026-04-18,Completed,PAY0002633
ORD0002652,CUST00148,STORE0017,2026-04-18,Completed,PAY0002652
ORD0002878,CUST00023,STORE0013,2026-04-18,Completed,PAY0002878
ORD0002896,CUST00101,STORE0009,2026-04-18,Completed,PAY0002896
ORD0002934,CUST00033,STORE0013,2026-04-18,Completed,PAY0002934
ORD0003049,CUST00097,STORE0003,2026-04-18,Completed,PAY0003049
ORD0003237,CUST00071,STORE0013,2026-04-18,Completed,PAY0003237
ORD0003392,CUST00081,STORE0011,2026-04-18,Completed,PAY0003392
ORD0003416,CUST00121,STORE0015,2026-04-18,Completed,PAY0003416
ORD0003448,CUST00021,STORE0003,2026-04-18,Completed,PAY0003448
ORD0003595,CUST00032,STORE0014,2026-04-18,Completed,PAY0003595
ORD0003644,CUST00135,STORE0005,2026-04-18,Completed,PAY0003644
ORD0003742,CUST00024,STORE0012,2026-04-18,Completed,PAY0003742
ORD0003768,CUST00147,STORE0011,2026-04-18,Completed,PAY0003768
ORD0004021,CUST00093,STORE0016,2026-04-18,Completed,PAY0004021
ORD0000181,CUST00123,STORE0006,2026-04-19,Completed,PAY0000181
ORD0000507,CUST00063,STORE0005,2026-04-19,Completed,PAY0000507
ORD0000516,CUST00070,STORE0013,2026-04-19,Completed,PAY0000516
ORD0001842,CUST00126,STORE0010,2026-04-19,Completed,PAY0001842
ORD0001930,CUST00005,STORE0017,2026-04-19,Completed,PAY0001930
ORD0002134,CUST00131,STORE0007,2026-04-19,Completed,PAY0002134
ORD0002322,CUST00116,STORE0010,2026-04-19,Completed,PAY0002322
ORD0002505,CUST00095,STORE0001,2026-04-19,Completed,PAY0002505
ORD0002935,CUST00148,STORE0002,2026-04-19,Completed,PAY0002935
ORD0003674,CUST00062,STORE0018,2026-04-19,Completed,PAY0003674
ORD0003853,CUST00079,STORE0011,2026-04-19,Completed,PAY0003853
ORD0004122,CUST00024,STORE0002,2026-04-19,Completed,PAY0004122
ORD0000461,CUST00038,STORE0009,2026-04-20,Completed,PAY0000461
ORD0000568,CUST00103,STORE0003,2026-04-20,Completed,PAY0000568
ORD0000680,CUST00008,STORE0010,2026-04-20,Completed,PAY0000680
ORD0001229,CUST00104,STORE0011,2026-04-20,Completed,PAY0001229
ORD0001442,CUST00052,STORE0017,2026-04-20,Completed,PAY0001442
ORD0001503,CUST00029,STORE0013,2026-04-20,Completed,PAY0001503
ORD0001659,CUST00079,STORE0002,2026-04-20,Completed,PAY0001659
ORD0001690,CUST00036,STORE0014,2026-04-20,Completed,PAY0001690
ORD0001874,CUST00089,STORE0008,2026-04-20,Completed,PAY0001874
ORD0001875,CUST00013,STORE0012,2026-04-20,Completed,PAY0001875
ORD0002031,CUST00139,STORE0012,2026-04-20,Completed,PAY0002031
ORD0002106,CUST00051,STORE0018,2026-04-20,Completed,PAY0002106
ORD0002206,CUST00083,STORE0015,2026-04-20,Completed,PAY0002206
ORD0002363,CUST00120,STORE0012,2026-04-20,Cancelled,PAY0002363
ORD0002441,CUST00100,STORE0008,2026-04-20,Completed,PAY0002441
ORD0002461,CUST00085,STORE0005,2026-04-20,Completed,PAY0002461
ORD0002826,CUST00099,STORE0005,2026-04-20,Completed,PAY0002826
ORD0002974,CUST00100,STORE0013,2026-04-20,Completed,PAY0002974
ORD0003003,CUST00056,STORE0001,2026-04-20,Completed,PAY0003003
ORD0003097,CUST00007,STORE0011,2026-04-20,Completed,PAY0003097
ORD0003384,CUST00054,STORE0005,2026-04-20,Completed,PAY0003384
ORD0003576,CUST00050,STORE0016,2026-04-20,Completed,PAY0003576
ORD0003636,CUST00061,STORE0007,2026-04-20,Completed,PAY0003636
ORD0003695,CUST00018,STORE0017,2026-04-20,Completed,PAY0003695
ORD0003803,CUST00031,STORE0003,2026-04-20,Completed,PAY0003803
ORD0003935,CUST00131,STORE0006,2026-04-20,Completed,PAY0003935
ORD0004146,CUST00032,STORE0015,2026-04-20,Completed,PAY0004146
ORD0000105,CUST00079,STORE0018,2026-04-21,Completed,PAY0000105
ORD0000149,CUST00075,STORE0001,2026-04-21,Completed,PAY0000149
ORD0001022,CUST00100,STORE0014,2026-04-21,Completed,PAY0001022
ORD0001264,CUST00028,STORE0006,2026-04-21,Completed,PAY0001264
ORD0001519,CUST00065,STORE0013,2026-04-21,Completed,PAY0001519
ORD0001661,CUST00143,STORE0010,2026-04-21,Completed,PAY0001661
ORD0001691,CUST00015,STORE0015,2026-04-21,Completed,PAY0001691
ORD0001971,CUST00063,STORE0013,2026-04-21,Cancelled,PAY0001971
ORD0002909,CUST00035,STORE0008,2026-04-21,Completed,PAY0002909
ORD0002930,CUST00116,STORE0005,2026-04-21,Completed,PAY0002930
ORD0004095,CUST00048,STORE0004,2026-04-21,Completed,PAY0004095
ORD0000267,CUST00099,STORE0011,2026-04-22,Completed,PAY0000267
ORD0000372,CUST00143,STORE0013,2026-04-22,Completed,PAY0000372
ORD0000462,CUST00100,STORE0004,2026-04-22,Completed,PAY0000462
ORD0000808,CUST00122,STORE0002,2026-04-22,Completed,PAY0000808
ORD0000981,CUST00136,STORE0002,2026-04-22,Completed,PAY0000981
ORD0001255,CUST00030,STORE0008,2026-04-22,Completed,PAY0001255
ORD0001316,CUST00024,STORE0002,2026-04-22,Completed,PAY0001316
ORD0001591,CUST00071,STORE0010,2026-04-22,Completed,PAY0001591
ORD0001722,CUST00061,STORE0008,2026-04-22,Completed,PAY0001722
ORD0002202,CUST00014,STORE0011,2026-04-22,Completed,PAY0002202
ORD0002225,CUST00010,STORE0010,2026-04-22,Completed,PAY0002225
ORD0002760,CUST00032,STORE0005,2026-04-22,Completed,PAY0002760
ORD0003575,CUST00147,STORE0012,2026-04-22,Completed,PAY0003575
ORD0003616,CUST00061,STORE0017,2026-04-22,Completed,PAY0003616
ORD0003631,CUST00084,STORE0006,2026-04-22,Cancelled,PAY0003631
ORD0003772,CUST00038,STORE0014,2026-04-22,Completed,PAY0003772
ORD0003998,CUST00017,STORE0003,2026-04-22,Completed,PAY0003998
ORD0004003,CUST00100,STORE0008,2026-04-22,Completed,PAY0004003
ORD0004016,CUST00046,STORE0016,2026-04-22,Completed,PAY0004016
ORD0000285,CUST00079,STORE0017,2026-04-23,Completed,PAY0000285
ORD0000759,CUST00093,STORE0018,2026-04-23,Completed,PAY0000759
ORD0000962,CUST00074,STORE0001,2026-04-23,Completed,PAY0000962
ORD0001284,CUST00071,STORE0009,2026-04-23,Completed,PAY0001284
ORD0001699,CUST00076,STORE0009,2026-04-23,Completed,PAY0001699
ORD0002013,CUST00044,STORE0002,2026-04-23,Completed,PAY0002013
ORD0002627,CUST00084,STORE0003,2026-04-23,Completed,PAY0002627
ORD0003693,CUST00069,STORE0010,2026-04-23,Completed,PAY0003693
ORD0003871,CUST00148,STORE0011,2026-04-23,Completed,PAY0003871
ORD0003884,CUST00066,STORE0014,2026-04-23,Completed,PAY0003884
ORD0004147,CUST00075,STORE0008,2026-04-23,Completed,PAY0004147
ORD0004168,CUST00130,STORE0012,2026-04-23,Completed,PAY0004168
ORD0000085,CUST00123,STORE0011,2026-04-24,Completed,PAY0000085
ORD0000662,CUST00087,STORE0010,2026-04-24,Completed,PAY0000662
ORD0000954,CUST00082,STORE0018,2026-04-24,Completed,PAY0000954
ORD0001891,CUST00130,STORE0012,2026-04-24,Completed,PAY0001891
ORD0002020,CUST00079,STORE0011,2026-04-24,Completed,PAY0002020
ORD0002374,CUST00115,STORE0006,2026-04-24,Completed,PAY0002374
ORD0002519,CUST00132,STORE0017,2026-04-24,Completed,PAY0002519
ORD0003210,CUST00080,STORE0006,2026-04-24,Completed,PAY0003210
ORD0000196,CUST00107,STORE0013,2026-04-25,Completed,PAY0000196
ORD0000777,CUST00095,STORE0003,2026-04-25,Completed,PAY0000777
ORD0000835,CUST00037,STORE0011,2026-04-25,Completed,PAY0000835
ORD0000846,CUST00134,STORE0018,2026-04-25,Completed,PAY0000846
ORD0000913,CUST00115,STORE0013,2026-04-25,Completed,PAY0000913
ORD0000983,CUST00019,STORE0001,2026-04-25,Completed,PAY0000983
ORD0001085,CUST00087,STORE0013,2026-04-25,Completed,PAY0001085
ORD0001385,CUST00048,STORE0006,2026-04-25,Completed,PAY0001385
ORD0001748,CUST00066,STORE0008,2026-04-25,Completed,PAY0001748
ORD0001881,CUST00089,STORE0017,2026-04-25,Completed,PAY0001881
ORD0001889,CUST00082,STORE0010,2026-04-25,Completed,PAY0001889
ORD0002169,CUST00062,STORE0014,2026-04-25,Completed,PAY0002169
ORD0002686,CUST00034,STORE0006,2026-04-25,Cancelled,PAY0002686
ORD0002825,CUST00120,STORE0010,2026-04-25,Completed,PAY0002825
ORD0003131,CUST00009,STORE0012,2026-04-25,Completed,PAY0003131
ORD0003199,CUST00137,STORE0017,2026-04-25,Completed,PAY0003199
ORD0003655,CUST00018,STORE0007,2026-04-25,Completed,PAY0003655
ORD0000055,CUST00066,STORE0015,2026-04-26,Completed,PAY0000055
ORD0000636,CUST00046,STORE0014,2026-04-26,Completed,PAY0000636
ORD0000715,CUST00074,STORE0015,2026-04-26,Completed,PAY0000715
ORD0000785,CUST00110,STORE0010,2026-04-26,Completed,PAY0000785
ORD0001467,CUST00018,STORE0004,2026-04-26,Completed,PAY0001467
ORD0001612,CUST00078,STORE0011,2026-04-26,Completed,PAY0001612
ORD0001646,CUST00068,STORE0014,2026-04-26,Completed,PAY0001646
ORD0001714,CUST00061,STORE0014,2026-04-26,Completed,PAY0001714
ORD0002049,CUST00058,STORE0006,2026-04-26,Completed,PAY0002049
ORD0002249,CUST00021,STORE0009,2026-04-26,Completed,PAY0002249
ORD0002351,CUST00063,STORE0016,2026-04-26,Completed,PAY0002351
ORD0002535,CUST00006,STORE0013,2026-04-26,Completed,PAY0002535
ORD0002546,CUST00136,STORE0009,2026-04-26,Completed,PAY0002546
ORD0002666,CUST00141,STORE0018,2026-04-26,Completed,PAY0002666
ORD0002697,CUST00136,STORE0004,2026-04-26,Completed,PAY0002697
ORD0002843,CUST00001,STORE0004,2026-04-26,Cancelled,PAY0002843
ORD0002923,CUST00109,STORE0012,2026-04-26,Completed,PAY0002923
ORD0002960,CUST00023,STORE0015,2026-04-26,Completed,PAY0002960
ORD0003085,CUST00031,STORE0009,2026-04-26,Completed,PAY0003085
ORD0003200,CUST00102,STORE0017,2026-04-26,Completed,PAY0003200
ORD0003465,CUST00134,STORE0001,2026-04-26,Completed,PAY0003465
ORD0003680,CUST00023,STORE0010,2026-04-26,Completed,PAY0003680
ORD0003827,CUST00127,STORE0017,2026-04-26,Completed,PAY0003827
ORD0003840,CUST00089,STORE0009,2026-04-26,Completed,PAY0003840
ORD0004169,CUST00109,STORE0013,2026-04-26,Cancelled,PAY0004169
ORD0004200,CUST00007,STORE0016,2026-04-26,Completed,PAY0004200
ORD0000176,CUST00129,STORE0015,2026-04-27,Completed,PAY0000176
ORD0000218,CUST00119,STORE0009,2026-04-27,Completed,PAY0000218
ORD0000318,CUST00149,STORE0009,2026-04-27,Completed,PAY0000318
ORD0000601,CUST00120,STORE0008,2026-04-27,Completed,PAY0000601
ORD0000974,CUST00019,STORE0003,2026-04-27,Completed,PAY0000974
ORD0000977,CUST00071,STORE0013,2026-04-27,Completed,PAY0000977
ORD0001381,CUST00054,STORE0004,2026-04-27,Completed,PAY0001381
ORD0001493,CUST00004,STORE0008,2026-04-27,Completed,PAY0001493
ORD0001917,CUST00048,STORE0007,2026-04-27,Completed,PAY0001917
ORD0001996,CUST00076,STORE0001,2026-04-27,Completed,PAY0001996
ORD0002556,CUST00079,STORE0007,2026-04-27,Completed,PAY0002556
ORD0003220,CUST00106,STORE0010,2026-04-27,Completed,PAY0003220
ORD0003349,CUST00073,STORE0012,2026-04-27,Completed,PAY0003349
ORD0003566,CUST00074,STORE0007,2026-04-27,Completed,PAY0003566
ORD0003581,CUST00036,STORE0009,2026-04-27,Completed,PAY0003581
ORD0003790,CUST00040,STORE0018,2026-04-27,Completed,PAY0003790
ORD0003802,CUST00068,STORE0011,2026-04-27,Completed,PAY0003802
ORD0003901,CUST00004,STORE0005,2026-04-27,Completed,PAY0003901
ORD0003939,CUST00123,STORE0006,2026-04-27,Completed,PAY0003939
ORD0000336,CUST00138,STORE0014,2026-04-28,Completed,PAY0000336
ORD0000769,CUST00063,STORE0015,2026-04-28,Completed,PAY0000769
ORD0001075,CUST00042,STORE0012,2026-04-28,Completed,PAY0001075
ORD0001386,CUST00042,STORE0016,2026-04-28,Completed,PAY0001386
ORD0001481,CUST00136,STORE0005,2026-04-28,Completed,PAY0001481
ORD0001569,CUST00011,STORE0006,2026-04-28,Completed,PAY0001569
ORD0001966,CUST00064,STORE0016,2026-04-28,Completed,PAY0001966
ORD0002557,CUST00012,STORE0004,2026-04-28,Completed,PAY0002557
ORD0002884,CUST00129,STORE0018,2026-04-28,Completed,PAY0002884
ORD0003473,CUST00037,STORE0015,2026-04-28,Completed,PAY0003473
ORD0003571,CUST00058,STORE0016,2026-04-28,Completed,PAY0003571
ORD0003663,CUST00094,STORE0016,2026-04-28,Completed,PAY0003663
ORD0000678,CUST00140,STORE0004,2026-04-29,Completed,PAY0000678
ORD0001275,CUST00011,STORE0012,2026-04-29,Completed,PAY0001275
ORD0001606,CUST00038,STORE0003,2026-04-29,Completed,PAY0001606
ORD0001751,CUST00021,STORE0003,2026-04-29,Completed,PAY0001751
ORD0002902,CUST00055,STORE0005,2026-04-29,Completed,PAY0002902
ORD0002971,CUST00039,STORE0011,2026-04-29,Completed,PAY0002971
ORD0003401,CUST00097,STORE0012,2026-04-29,Completed,PAY0003401
ORD0003484,CUST00028,STORE0017,2026-04-29,Completed,PAY0003484
ORD0003602,CUST00016,STORE0009,2026-04-29,Completed,PAY0003602
ORD0003900,CUST00136,STORE0008,2026-04-29,Completed,PAY0003900
ORD0003946,CUST00101,STORE0018,2026-04-29,Completed,PAY0003946
ORD0003985,CUST00057,STORE0006,2026-04-29,Completed,PAY0003985
ORD0004076,CUST00132,STORE0007,2026-04-29,Completed,PAY0004076
ORD0004141,CUST00071,STORE0016,2026-04-29,Completed,PAY0004141
ORD0004160,CUST00072,STORE0008,2026-04-29,Completed,PAY0004160
ORD0004185,CUST00124,STORE0005,2026-04-29,Completed,PAY0004185
ORD0000042,CUST00082,STORE0005,2026-04-30,Completed,PAY0000042
ORD0000446,CUST00031,STORE0018,2026-04-30,Completed,PAY0000446
ORD0000563,CUST00033,STORE0001,2026-04-30,Completed,PAY0000563
ORD0000719,CUST00039,STORE0012,2026-04-30,Completed,PAY0000719
ORD0000804,CUST00094,STORE0009,2026-04-30,Completed,PAY0000804
ORD0000849,CUST00044,STORE0002,2026-04-30,Completed,PAY0000849
ORD0001037,CUST00043,STORE0001,2026-04-30,Completed,PAY0001037
ORD0001410,CUST00032,STORE0007,2026-04-30,Completed,PAY0001410
ORD0001677,CUST00056,STORE0016,2026-04-30,Completed,PAY0001677
ORD0001735,CUST00091,STORE0012,2026-04-30,Completed,PAY0001735
ORD0002290,CUST00095,STORE0013,2026-04-30,Completed,PAY0002290
ORD0002563,CUST00054,STORE0004,2026-04-30,Completed,PAY0002563
ORD0003794,CUST00068,STORE0017,2026-04-30,Completed,PAY0003794
ORD0003903,CUST00049,STORE0006,2026-04-30,Completed,PAY0003903
ORD0003992,CUST00128,STORE0014,2026-04-30,Completed,PAY0003992
ORD0000191,CUST00103,STORE0005,2026-05-01,Completed,PAY0000191
ORD0000299,CUST00079,STORE0013,2026-05-01,Completed,PAY0000299
ORD0000339,CUST00032,STORE0010,2026-05-01,Completed,PAY0000339
ORD0000348,CUST00002,STORE0006,2026-05-01,Completed,PAY0000348
ORD0000473,CUST00009,STORE0004,2026-05-01,Completed,PAY0000473
ORD0000971,CUST00102,STORE0005,2026-05-01,Completed,PAY0000971
ORD0001597,CUST00092,STORE0001,2026-05-01,Completed,PAY0001597
ORD0002472,CUST00143,STORE0010,2026-05-01,Completed,PAY0002472
ORD0002491,CUST00005,STORE0003,2026-05-01,Completed,PAY0002491
ORD0002870,CUST00111,STORE0003,2026-05-01,Completed,PAY0002870
ORD0003458,CUST00119,STORE0013,2026-05-01,Completed,PAY0003458
ORD0003867,CUST00101,STORE0001,2026-05-01,Completed,PAY0003867
ORD0004155,CUST00100,STORE0017,2026-05-01,Completed,PAY0004155
ORD0000623,CUST00148,STORE0012,2026-05-02,Completed,PAY0000623
ORD0000654,CUST00011,STORE0016,2026-05-02,Completed,PAY0000654
ORD0000789,CUST00122,STORE0016,2026-05-02,Completed,PAY0000789
ORD0000884,CUST00079,STORE0017,2026-05-02,Completed,PAY0000884
ORD0001093,CUST00123,STORE0015,2026-05-02,Completed,PAY0001093
ORD0001237,CUST00015,STORE0005,2026-05-02,Completed,PAY0001237
ORD0001404,CUST00057,STORE0007,2026-05-02,Completed,PAY0001404
ORD0001719,CUST00008,STORE0011,2026-05-02,Completed,PAY0001719
ORD0002164,CUST00060,STORE0001,2026-05-02,Cancelled,PAY0002164
ORD0002880,CUST00032,STORE0015,2026-05-02,Completed,PAY0002880
ORD0003711,CUST00081,STORE0007,2026-05-02,Completed,PAY0003711
ORD0003775,CUST00064,STORE0012,2026-05-02,Completed,PAY0003775
ORD0000206,CUST00136,STORE0006,2026-05-03,Completed,PAY0000206
ORD0000327,CUST00134,STORE0011,2026-05-03,Completed,PAY0000327
ORD0001180,CUST00132,STORE0003,2026-05-03,Completed,PAY0001180
ORD0001424,CUST00150,STORE0015,2026-05-03,Completed,PAY0001424
ORD0001574,CUST00040,STORE0004,2026-05-03,Completed,PAY0001574
ORD0001619,CUST00045,STORE0015,2026-05-03,Completed,PAY0001619
ORD0001823,CUST00146,STORE0001,2026-05-03,Completed,PAY0001823
ORD0001873,CUST00026,STORE0014,2026-05-03,Completed,PAY0001873
ORD0002266,CUST00032,STORE0004,2026-05-03,Completed,PAY0002266
ORD0002333,CUST00104,STORE0012,2026-05-03,Completed,PAY0002333
ORD0002604,CUST00135,STORE0007,2026-05-03,Completed,PAY0002604
ORD0003321,CUST00101,STORE0005,2026-05-03,Completed,PAY0003321
ORD0003609,CUST00030,STORE0007,2026-05-03,Completed,PAY0003609
ORD0000090,CUST00092,STORE0003,2026-05-04,Completed,PAY0000090
ORD0000404,CUST00107,STORE0013,2026-05-04,Completed,PAY0000404
ORD0000880,CUST00030,STORE0001,2026-05-04,Completed,PAY0000880
ORD0000890,CUST00088,STORE0016,2026-05-04,Completed,PAY0000890
ORD0002398,CUST00100,STORE0006,2026-05-04,Completed,PAY0002398
ORD0002855,CUST00027,STORE0001,2026-05-04,Completed,PAY0002855
ORD0003257,CUST00098,STORE0009,2026-05-04,Completed,PAY0003257
ORD0003282,CUST00004,STORE0016,2026-05-04,Completed,PAY0003282
ORD0003291,CUST00043,STORE0002,2026-05-04,Completed,PAY0003291
ORD0003342,CUST00002,STORE0016,2026-05-04,Completed,PAY0003342
ORD0003623,CUST00061,STORE0016,2026-05-04,Completed,PAY0003623
ORD0000106,CUST00065,STORE0015,2026-05-05,Completed,PAY0000106
ORD0000369,CUST00134,STORE0018,2026-05-05,Completed,PAY0000369
ORD0000391,CUST00026,STORE0007,2026-05-05,Completed,PAY0000391
ORD0000762,CUST00083,STORE0009,2026-05-05,Completed,PAY0000762
ORD0000866,CUST00008,STORE0009,2026-05-05,Completed,PAY0000866
ORD0001191,CUST00039,STORE0006,2026-05-05,Completed,PAY0001191
ORD0001336,CUST00150,STORE0005,2026-05-05,Completed,PAY0001336
ORD0001405,CUST00118,STORE0012,2026-05-05,Completed,PAY0001405
ORD0001660,CUST00045,STORE0013,2026-05-05,Completed,PAY0001660
ORD0001833,CUST00020,STORE0005,2026-05-05,Completed,PAY0001833
ORD0001849,CUST00101,STORE0001,2026-05-05,Completed,PAY0001849
ORD0002127,CUST00078,STORE0002,2026-05-05,Completed,PAY0002127
ORD0002178,CUST00004,STORE0007,2026-05-05,Completed,PAY0002178
ORD0002466,CUST00066,STORE0016,2026-05-05,Completed,PAY0002466
ORD0002723,CUST00110,STORE0015,2026-05-05,Completed,PAY0002723
ORD0002910,CUST00031,STORE0001,2026-05-05,Completed,PAY0002910
ORD0003191,CUST00002,STORE0012,2026-05-05,Completed,PAY0003191
ORD0003345,CUST00017,STORE0006,2026-05-05,Completed,PAY0003345
ORD0003826,CUST00141,STORE0004,2026-05-05,Completed,PAY0003826
ORD0000075,CUST00020,STORE0016,2026-05-06,Completed,PAY0000075
ORD0000120,CUST00101,STORE0002,2026-05-06,Completed,PAY0000120
ORD0000255,CUST00100,STORE0011,2026-05-06,Completed,PAY0000255
ORD0000530,CUST00060,STORE0006,2026-05-06,Completed,PAY0000530
ORD0000727,CUST00097,STORE0010,2026-05-06,Cancelled,PAY0000727
ORD0000829,CUST00039,STORE0012,2026-05-06,Completed,PAY0000829
ORD0000901,CUST00064,STORE0018,2026-05-06,Completed,PAY0000901
ORD0001202,CUST00054,STORE0012,2026-05-06,Completed,PAY0001202
ORD0001967,CUST00096,STORE0016,2026-05-06,Completed,PAY0001967
ORD0001980,CUST00150,STORE0009,2026-05-06,Completed,PAY0001980
ORD0002708,CUST00010,STORE0010,2026-05-06,Completed,PAY0002708
ORD0002759,CUST00050,STORE0007,2026-05-06,Cancelled,PAY0002759
ORD0002903,CUST00128,STORE0018,2026-05-06,Completed,PAY0002903
ORD0002920,CUST00132,STORE0002,2026-05-06,Completed,PAY0002920
ORD0003113,CUST00120,STORE0009,2026-05-06,Completed,PAY0003113
ORD0003703,CUST00140,STORE0015,2026-05-06,Completed,PAY0003703
ORD0003753,CUST00141,STORE0004,2026-05-06,Completed,PAY0003753
ORD0003800,CUST00087,STORE0006,2026-05-06,Completed,PAY0003800
ORD0003855,CUST00089,STORE0012,2026-05-06,Completed,PAY0003855
ORD0004026,CUST00127,STORE0006,2026-05-06,Completed,PAY0004026
ORD0004152,CUST00021,STORE0009,2026-05-06,Completed,PAY0004152
ORD0004167,CUST00052,STORE0014,2026-05-06,Completed,PAY0004167
ORD0000173,CUST00083,STORE0013,2026-05-07,Completed,PAY0000173
ORD0000501,CUST00042,STORE0017,2026-05-07,Completed,PAY0000501
ORD0000642,CUST00050,STORE0003,2026-05-07,Completed,PAY0000642
ORD0000908,CUST00001,STORE0015,2026-05-07,Completed,PAY0000908
ORD0000933,CUST00098,STORE0002,2026-05-07,Completed,PAY0000933
ORD0001060,CUST00083,STORE0002,2026-05-07,Completed,PAY0001060
ORD0001178,CUST00029,STORE0007,2026-05-07,Completed,PAY0001178
ORD0001253,CUST00110,STORE0015,2026-05-07,Completed,PAY0001253
ORD0002119,CUST00124,STORE0005,2026-05-07,Completed,PAY0002119
ORD0002643,CUST00148,STORE0008,2026-05-07,Completed,PAY0002643
ORD0002801,CUST00116,STORE0018,2026-05-07,Completed,PAY0002801
ORD0002982,CUST00110,STORE0005,2026-05-07,Cancelled,PAY0002982
ORD0003607,CUST00049,STORE0004,2026-05-07,Completed,PAY0003607
ORD0003619,CUST00120,STORE0006,2026-05-07,Completed,PAY0003619
ORD0003757,CUST00037,STORE0005,2026-05-07,Completed,PAY0003757
ORD0003792,CUST00142,STORE0006,2026-05-07,Completed,PAY0003792
ORD0003817,CUST00026,STORE0014,2026-05-07,Completed,PAY0003817
ORD0003870,CUST00028,STORE0010,2026-05-07,Completed,PAY0003870
ORD0000073,CUST00135,STORE0016,2026-05-08,Completed,PAY0000073
ORD0000278,CUST00064,STORE0004,2026-05-08,Completed,PAY0000278
ORD0000527,CUST00113,STORE0003,2026-05-08,Completed,PAY0000527
ORD0000732,CUST00114,STORE0011,2026-05-08,Completed,PAY0000732
ORD0000877,CUST00063,STORE0003,2026-05-08,Completed,PAY0000877
ORD0001141,CUST00023,STORE0001,2026-05-08,Completed,PAY0001141
ORD0001894,CUST00021,STORE0009,2026-05-08,Completed,PAY0001894
ORD0001903,CUST00049,STORE0011,2026-05-08,Completed,PAY0001903
ORD0002176,CUST00136,STORE0004,2026-05-08,Completed,PAY0002176
ORD0002496,CUST00004,STORE0006,2026-05-08,Completed,PAY0002496
ORD0002499,CUST00023,STORE0016,2026-05-08,Completed,PAY0002499
ORD0002538,CUST00029,STORE0005,2026-05-08,Completed,PAY0002538
ORD0002560,CUST00137,STORE0005,2026-05-08,Completed,PAY0002560
ORD0003108,CUST00090,STORE0017,2026-05-08,Completed,PAY0003108
ORD0003197,CUST00062,STORE0015,2026-05-08,Completed,PAY0003197
ORD0003365,CUST00024,STORE0010,2026-05-08,Completed,PAY0003365
ORD0004052,CUST00086,STORE0011,2026-05-08,Completed,PAY0004052
ORD0004128,CUST00095,STORE0002,2026-05-08,Cancelled,PAY0004128
ORD0000472,CUST00018,STORE0008,2026-05-09,Completed,PAY0000472
ORD0000555,CUST00042,STORE0012,2026-05-09,Completed,PAY0000555
ORD0001247,CUST00028,STORE0015,2026-05-09,Completed,PAY0001247
ORD0001726,CUST00049,STORE0018,2026-05-09,Completed,PAY0001726
ORD0001835,CUST00010,STORE0005,2026-05-09,Cancelled,PAY0001835
ORD0001944,CUST00104,STORE0006,2026-05-09,Completed,PAY0001944
ORD0001947,CUST00002,STORE0015,2026-05-09,Completed,PAY0001947
ORD0002359,CUST00093,STORE0007,2026-05-09,Completed,PAY0002359
ORD0002628,CUST00041,STORE0017,2026-05-09,Completed,PAY0002628
ORD0002636,CUST00028,STORE0002,2026-05-09,Completed,PAY0002636
ORD0002875,CUST00140,STORE0004,2026-05-09,Completed,PAY0002875
ORD0003145,CUST00049,STORE0016,2026-05-09,Completed,PAY0003145
ORD0003455,CUST00134,STORE0014,2026-05-09,Completed,PAY0003455
ORD0003508,CUST00098,STORE0011,2026-05-09,Completed,PAY0003508
ORD0003592,CUST00136,STORE0002,2026-05-09,Completed,PAY0003592
ORD0003678,CUST00120,STORE0010,2026-05-09,Completed,PAY0003678
ORD0003911,CUST00101,STORE0013,2026-05-09,Completed,PAY0003911
ORD0003981,CUST00021,STORE0006,2026-05-09,Completed,PAY0003981
ORD0003989,CUST00112,STORE0008,2026-05-09,Completed,PAY0003989
ORD0004179,CUST00105,STORE0009,2026-05-09,Completed,PAY0004179
ORD0000225,CUST00016,STORE0011,2026-05-10,Cancelled,PAY0000225
ORD0000455,CUST00001,STORE0011,2026-05-10,Completed,PAY0000455
ORD0000484,CUST00141,STORE0010,2026-05-10,Completed,PAY0000484
ORD0000495,CUST00064,STORE0006,2026-05-10,Completed,PAY0000495
ORD0001224,CUST00073,STORE0012,2026-05-10,Completed,PAY0001224
ORD0001534,CUST00086,STORE0012,2026-05-10,Completed,PAY0001534
ORD0001679,CUST00029,STORE0017,2026-05-10,Completed,PAY0001679
ORD0001902,CUST00035,STORE0005,2026-05-10,Completed,PAY0001902
ORD0002168,CUST00054,STORE0013,2026-05-10,Completed,PAY0002168
ORD0002510,CUST00066,STORE0011,2026-05-10,Completed,PAY0002510
ORD0002571,CUST00149,STORE0013,2026-05-10,Completed,PAY0002571
ORD0002650,CUST00108,STORE0018,2026-05-10,Completed,PAY0002650
ORD0002814,CUST00063,STORE0017,2026-05-10,Completed,PAY0002814
ORD0003226,CUST00120,STORE0010,2026-05-10,Cancelled,PAY0003226
ORD0003494,CUST00078,STORE0011,2026-05-10,Completed,PAY0003494
ORD0003872,CUST00086,STORE0008,2026-05-10,Completed,PAY0003872
ORD0004089,CUST00044,STORE0002,2026-05-10,Completed,PAY0004089
ORD0000893,CUST00011,STORE0003,2026-05-11,Completed,PAY0000893
ORD0001036,CUST00092,STORE0010,2026-05-11,Completed,PAY0001036
ORD0001183,CUST00018,STORE0016,2026-05-11,Completed,PAY0001183
ORD0001412,CUST00079,STORE0013,2026-05-11,Completed,PAY0001412
ORD0001578,CUST00056,STORE0014,2026-05-11,Completed,PAY0001578
ORD0001899,CUST00039,STORE0009,2026-05-11,Completed,PAY0001899
ORD0002102,CUST00121,STORE0015,2026-05-11,Completed,PAY0002102
ORD0002497,CUST00031,STORE0018,2026-05-11,Completed,PAY0002497
ORD0002794,CUST00056,STORE0001,2026-05-11,Completed,PAY0002794
ORD0002816,CUST00110,STORE0003,2026-05-11,Completed,PAY0002816
ORD0002927,CUST00140,STORE0013,2026-05-11,Completed,PAY0002927
ORD0002939,CUST00097,STORE0006,2026-05-11,Completed,PAY0002939
ORD0003056,CUST00136,STORE0008,2026-05-11,Completed,PAY0003056
ORD0003553,CUST00069,STORE0001,2026-05-11,Completed,PAY0003553
ORD0003611,CUST00010,STORE0006,2026-05-11,Completed,PAY0003611
ORD0003893,CUST00022,STORE0017,2026-05-11,Completed,PAY0003893
ORD0004010,CUST00061,STORE0005,2026-05-11,Completed,PAY0004010
ORD0004062,CUST00010,STORE0017,2026-05-11,Completed,PAY0004062
ORD0000263,CUST00111,STORE0001,2026-05-12,Completed,PAY0000263
ORD0000435,CUST00052,STORE0010,2026-05-12,Completed,PAY0000435
ORD0000545,CUST00057,STORE0018,2026-05-12,Completed,PAY0000545
ORD0001098,CUST00101,STORE0010,2026-05-12,Completed,PAY0001098
ORD0001622,CUST00074,STORE0001,2026-05-12,Completed,PAY0001622
ORD0001649,CUST00002,STORE0001,2026-05-12,Completed,PAY0001649
ORD0002008,CUST00013,STORE0013,2026-05-12,Completed,PAY0002008
ORD0002692,CUST00093,STORE0014,2026-05-12,Completed,PAY0002692
ORD0002719,CUST00057,STORE0016,2026-05-12,Cancelled,PAY0002719
ORD0002787,CUST00135,STORE0008,2026-05-12,Completed,PAY0002787
ORD0003023,CUST00011,STORE0007,2026-05-12,Completed,PAY0003023
ORD0003172,CUST00038,STORE0008,2026-05-12,Completed,PAY0003172
ORD0003807,CUST00038,STORE0018,2026-05-12,Completed,PAY0003807
ORD0000230,CUST00142,STORE0008,2026-05-13,Completed,PAY0000230
ORD0000353,CUST00102,STORE0006,2026-05-13,Completed,PAY0000353
ORD0001432,CUST00110,STORE0014,2026-05-13,Completed,PAY0001432
ORD0001513,CUST00025,STORE0016,2026-05-13,Completed,PAY0001513
ORD0002346,CUST00023,STORE0001,2026-05-13,Completed,PAY0002346
ORD0002632,CUST00146,STORE0009,2026-05-13,Completed,PAY0002632
ORD0002758,CUST00062,STORE0017,2026-05-13,Completed,PAY0002758
ORD0002769,CUST00087,STORE0013,2026-05-13,Completed,PAY0002769
ORD0002813,CUST00030,STORE0017,2026-05-13,Completed,PAY0002813
ORD0002820,CUST00031,STORE0016,2026-05-13,Completed,PAY0002820
ORD0003042,CUST00104,STORE0010,2026-05-13,Completed,PAY0003042
ORD0003511,CUST00003,STORE0006,2026-05-13,Completed,PAY0003511
ORD0003947,CUST00129,STORE0003,2026-05-13,Completed,PAY0003947
ORD0004159,CUST00125,STORE0008,2026-05-13,Cancelled,PAY0004159
ORD0000051,CUST00032,STORE0017,2026-05-14,Completed,PAY0000051
ORD0000150,CUST00149,STORE0013,2026-05-14,Completed,PAY0000150
ORD0000156,CUST00050,STORE0017,2026-05-14,Completed,PAY0000156
ORD0000419,CUST00030,STORE0016,2026-05-14,Completed,PAY0000419
ORD0000432,CUST00097,STORE0002,2026-05-14,Completed,PAY0000432
ORD0000650,CUST00070,STORE0008,2026-05-14,Completed,PAY0000650
ORD0001331,CUST00003,STORE0017,2026-05-14,Completed,PAY0001331
ORD0001335,CUST00043,STORE0011,2026-05-14,Completed,PAY0001335
ORD0001550,CUST00083,STORE0001,2026-05-14,Completed,PAY0001550
ORD0001564,CUST00083,STORE0004,2026-05-14,Completed,PAY0001564
ORD0001743,CUST00007,STORE0013,2026-05-14,Completed,PAY0001743
ORD0002159,CUST00035,STORE0018,2026-05-14,Completed,PAY0002159
ORD0002416,CUST00146,STORE0015,2026-05-14,Completed,PAY0002416
ORD0002554,CUST00067,STORE0004,2026-05-14,Cancelled,PAY0002554
ORD0002660,CUST00128,STORE0017,2026-05-14,Completed,PAY0002660
ORD0002756,CUST00100,STORE0015,2026-05-14,Completed,PAY0002756
ORD0002850,CUST00137,STORE0006,2026-05-14,Completed,PAY0002850
ORD0003062,CUST00080,STORE0010,2026-05-14,Completed,PAY0003062
ORD0003319,CUST00055,STORE0001,2026-05-14,Completed,PAY0003319
ORD0003467,CUST00004,STORE0002,2026-05-14,Completed,PAY0003467
ORD0003542,CUST00093,STORE0014,2026-05-14,Completed,PAY0003542
ORD0003545,CUST00120,STORE0003,2026-05-14,Completed,PAY0003545
ORD0003645,CUST00137,STORE0001,2026-05-14,Completed,PAY0003645
ORD0004106,CUST00023,STORE0012,2026-05-14,Completed,PAY0004106
ORD0000456,CUST00020,STORE0007,2026-05-15,Cancelled,PAY0000456
ORD0000549,CUST00087,STORE0010,2026-05-15,Completed,PAY0000549
ORD0000630,CUST00061,STORE0015,2026-05-15,Completed,PAY0000630
ORD0000690,CUST00113,STORE0001,2026-05-15,Completed,PAY0000690
ORD0000699,CUST00016,STORE0009,2026-05-15,Completed,PAY0000699
ORD0000775,CUST00074,STORE0002,2026-05-15,Completed,PAY0000775
ORD0000850,CUST00015,STORE0015,2026-05-15,Completed,PAY0000850
ORD0000883,CUST00032,STORE0014,2026-05-15,Completed,PAY0000883
ORD0000934,CUST00078,STORE0005,2026-05-15,Completed,PAY0000934
ORD0001062,CUST00034,STORE0008,2026-05-15,Completed,PAY0001062
ORD0001759,CUST00140,STORE0014,2026-05-15,Completed,PAY0001759
ORD0001781,CUST00089,STORE0013,2026-05-15,Completed,PAY0001781
ORD0001785,CUST00111,STORE0008,2026-05-15,Completed,PAY0001785
ORD0001942,CUST00072,STORE0013,2026-05-15,Completed,PAY0001942
ORD0002053,CUST00044,STORE0001,2026-05-15,Completed,PAY0002053
ORD0002121,CUST00104,STORE0006,2026-05-15,Completed,PAY0002121
ORD0002219,CUST00135,STORE0003,2026-05-15,Completed,PAY0002219
ORD0002263,CUST00081,STORE0017,2026-05-15,Completed,PAY0002263
ORD0002868,CUST00032,STORE0008,2026-05-15,Completed,PAY0002868
ORD0003185,CUST00067,STORE0010,2026-05-15,Completed,PAY0003185
ORD0003335,CUST00126,STORE0008,2026-05-15,Completed,PAY0003335
ORD0003539,CUST00127,STORE0017,2026-05-15,Completed,PAY0003539
ORD0003629,CUST00026,STORE0006,2026-05-15,Completed,PAY0003629
ORD0000444,CUST00056,STORE0004,2026-05-16,Completed,PAY0000444
ORD0000452,CUST00099,STORE0001,2026-05-16,Completed,PAY0000452
ORD0000669,CUST00144,STORE0001,2026-05-16,Completed,PAY0000669
ORD0001230,CUST00054,STORE0018,2026-05-16,Completed,PAY0001230
ORD0001592,CUST00059,STORE0003,2026-05-16,Completed,PAY0001592
ORD0002211,CUST00093,STORE0009,2026-05-16,Completed,PAY0002211
ORD0002641,CUST00060,STORE0018,2026-05-16,Cancelled,PAY0002641
ORD0002992,CUST00064,STORE0016,2026-05-16,Completed,PAY0002992
ORD0003027,CUST00029,STORE0008,2026-05-16,Completed,PAY0003027
ORD0003095,CUST00096,STORE0004,2026-05-16,Cancelled,PAY0003095
ORD0003666,CUST00050,STORE0018,2026-05-16,Completed,PAY0003666
ORD0004049,CUST00084,STORE0011,2026-05-16,Completed,PAY0004049
ORD0000114,CUST00086,STORE0004,2026-05-17,Completed,PAY0000114
ORD0000140,CUST00072,STORE0008,2026-05-17,Completed,PAY0000140
ORD0000216,CUST00129,STORE0009,2026-05-17,Completed,PAY0000216
ORD0000352,CUST00041,STORE0003,2026-05-17,Completed,PAY0000352
ORD0001233,CUST00078,STORE0012,2026-05-17,Completed,PAY0001233
ORD0001307,CUST00020,STORE0011,2026-05-17,Completed,PAY0001307
ORD0001430,CUST00054,STORE0007,2026-05-17,Completed,PAY0001430
ORD0002161,CUST00057,STORE0004,2026-05-17,Cancelled,PAY0002161
ORD0002323,CUST00012,STORE0002,2026-05-17,Completed,PAY0002323
ORD0003080,CUST00090,STORE0010,2026-05-17,Completed,PAY0003080
ORD0003259,CUST00010,STORE0004,2026-05-17,Completed,PAY0003259
ORD0003671,CUST00059,STORE0013,2026-05-17,Cancelled,PAY0003671
ORD0003734,CUST00022,STORE0014,2026-05-17,Completed,PAY0003734
ORD0003895,CUST00036,STORE0004,2026-05-17,Cancelled,PAY0003895
ORD0000374,CUST00080,STORE0008,2026-05-18,Completed,PAY0000374
ORD0001317,CUST00081,STORE0017,2026-05-18,Completed,PAY0001317
ORD0001907,CUST00086,STORE0001,2026-05-18,Completed,PAY0001907
ORD0002550,CUST00101,STORE0006,2026-05-18,Completed,PAY0002550
ORD0002720,CUST00067,STORE0013,2026-05-18,Completed,PAY0002720
ORD0002722,CUST00005,STORE0003,2026-05-18,Completed,PAY0002722
ORD0003307,CUST00011,STORE0014,2026-05-18,Completed,PAY0003307
ORD0003317,CUST00049,STORE0013,2026-05-18,Cancelled,PAY0003317
ORD0003442,CUST00142,STORE0009,2026-05-18,Completed,PAY0003442
ORD0003638,CUST00031,STORE0007,2026-05-18,Completed,PAY0003638
ORD0003646,CUST00144,STORE0008,2026-05-18,Completed,PAY0003646
ORD0003882,CUST00096,STORE0012,2026-05-18,Completed,PAY0003882
ORD0003961,CUST00123,STORE0009,2026-05-18,Completed,PAY0003961
ORD0000246,CUST00001,STORE0007,2026-05-19,Completed,PAY0000246
ORD0000394,CUST00087,STORE0002,2026-05-19,Completed,PAY0000394
ORD0000494,CUST00020,STORE0018,2026-05-19,Cancelled,PAY0000494
ORD0000582,CUST00035,STORE0015,2026-05-19,Completed,PAY0000582
ORD0000894,CUST00094,STORE0004,2026-05-19,Completed,PAY0000894
ORD0001397,CUST00075,STORE0010,2026-05-19,Completed,PAY0001397
ORD0001421,CUST00113,STORE0009,2026-05-19,Completed,PAY0001421
ORD0001572,CUST00103,STORE0003,2026-05-19,Completed,PAY0001572
ORD0001640,CUST00014,STORE0014,2026-05-19,Completed,PAY0001640
ORD0002105,CUST00011,STORE0009,2026-05-19,Completed,PAY0002105
ORD0002156,CUST00003,STORE0002,2026-05-19,Completed,PAY0002156
ORD0002213,CUST00090,STORE0006,2026-05-19,Completed,PAY0002213
ORD0002406,CUST00131,STORE0004,2026-05-19,Completed,PAY0002406
ORD0002568,CUST00035,STORE0004,2026-05-19,Completed,PAY0002568
ORD0002663,CUST00045,STORE0009,2026-05-19,Completed,PAY0002663
ORD0002895,CUST00061,STORE0009,2026-05-19,Completed,PAY0002895
ORD0003198,CUST00061,STORE0001,2026-05-19,Completed,PAY0003198
ORD0003393,CUST00087,STORE0012,2026-05-19,Completed,PAY0003393
ORD0000184,CUST00121,STORE0006,2026-05-20,Cancelled,PAY0000184
ORD0000274,CUST00065,STORE0018,2026-05-20,Completed,PAY0000274
ORD0000279,CUST00082,STORE0018,2026-05-20,Completed,PAY0000279
ORD0000298,CUST00029,STORE0001,2026-05-20,Completed,PAY0000298
ORD0000964,CUST00064,STORE0008,2026-05-20,Cancelled,PAY0000964
ORD0001073,CUST00021,STORE0003,2026-05-20,Completed,PAY0001073
ORD0001119,CUST00131,STORE0018,2026-05-20,Completed,PAY0001119
ORD0001187,CUST00147,STORE0011,2026-05-20,Completed,PAY0001187
ORD0001356,CUST00081,STORE0017,2026-05-20,Completed,PAY0001356
ORD0001746,CUST00126,STORE0006,2026-05-20,Completed,PAY0001746
ORD0001770,CUST00070,STORE0006,2026-05-20,Completed,PAY0001770
ORD0001803,CUST00117,STORE0009,2026-05-20,Completed,PAY0001803
ORD0002084,CUST00008,STORE0018,2026-05-20,Completed,PAY0002084
ORD0002257,CUST00084,STORE0018,2026-05-20,Completed,PAY0002257
ORD0002679,CUST00147,STORE0014,2026-05-20,Completed,PAY0002679
ORD0002717,CUST00057,STORE0003,2026-05-20,Completed,PAY0002717
ORD0002806,CUST00070,STORE0010,2026-05-20,Completed,PAY0002806
ORD0002915,CUST00119,STORE0004,2026-05-20,Completed,PAY0002915
ORD0003114,CUST00080,STORE0012,2026-05-20,Completed,PAY0003114
ORD0003244,CUST00087,STORE0013,2026-05-20,Completed,PAY0003244
ORD0003286,CUST00017,STORE0017,2026-05-20,Completed,PAY0003286
ORD0003982,CUST00035,STORE0003,2026-05-20,Completed,PAY0003982
ORD0000604,CUST00030,STORE0008,2026-05-21,Cancelled,PAY0000604
ORD0000728,CUST00047,STORE0003,2026-05-21,Completed,PAY0000728
ORD0000838,CUST00103,STORE0006,2026-05-21,Completed,PAY0000838
ORD0001459,CUST00009,STORE0015,2026-05-21,Completed,PAY0001459
ORD0001465,CUST00023,STORE0006,2026-05-21,Cancelled,PAY0001465
ORD0001505,CUST00051,STORE0015,2026-05-21,Completed,PAY0001505
ORD0001520,CUST00114,STORE0008,2026-05-21,Completed,PAY0001520
ORD0001609,CUST00128,STORE0012,2026-05-21,Completed,PAY0001609
ORD0001683,CUST00101,STORE0017,2026-05-21,Completed,PAY0001683
ORD0001838,CUST00039,STORE0008,2026-05-21,Completed,PAY0001838
ORD0002070,CUST00083,STORE0008,2026-05-21,Completed,PAY0002070
ORD0002172,CUST00068,STORE0004,2026-05-21,Completed,PAY0002172
ORD0002361,CUST00019,STORE0011,2026-05-21,Completed,PAY0002361
ORD0002964,CUST00012,STORE0005,2026-05-21,Completed,PAY0002964
ORD0002998,CUST00043,STORE0011,2026-05-21,Completed,PAY0002998
ORD0003293,CUST00083,STORE0001,2026-05-21,Completed,PAY0003293
ORD0003330,CUST00050,STORE0014,2026-05-21,Completed,PAY0003330
ORD0003492,CUST00106,STORE0015,2026-05-21,Completed,PAY0003492
ORD0003690,CUST00091,STORE0015,2026-05-21,Completed,PAY0003690
ORD0003837,CUST00105,STORE0009,2026-05-21,Completed,PAY0003837
ORD0004071,CUST00010,STORE0015,2026-05-21,Completed,PAY0004071
ORD0000039,CUST00075,STORE0010,2026-05-22,Completed,PAY0000039
ORD0000081,CUST00026,STORE0017,2026-05-22,Completed,PAY0000081
ORD0000864,CUST00007,STORE0018,2026-05-22,Completed,PAY0000864
ORD0000928,CUST00007,STORE0016,2026-05-22,Completed,PAY0000928
ORD0000987,CUST00106,STORE0014,2026-05-22,Completed,PAY0000987
ORD0001300,CUST00014,STORE0010,2026-05-22,Completed,PAY0001300
ORD0001563,CUST00144,STORE0004,2026-05-22,Completed,PAY0001563
ORD0002583,CUST00027,STORE0008,2026-05-22,Completed,PAY0002583
ORD0003411,CUST00145,STORE0015,2026-05-22,Completed,PAY0003411
ORD0003810,CUST00003,STORE0001,2026-05-22,Completed,PAY0003810
ORD0003976,CUST00102,STORE0001,2026-05-22,Completed,PAY0003976
ORD0000653,CUST00014,STORE0016,2026-05-23,Completed,PAY0000653
ORD0000881,CUST00013,STORE0001,2026-05-23,Completed,PAY0000881
ORD0001223,CUST00118,STORE0017,2026-05-23,Completed,PAY0001223
ORD0001314,CUST00059,STORE0016,2026-05-23,Completed,PAY0001314
ORD0001615,CUST00030,STORE0013,2026-05-23,Completed,PAY0001615
ORD0001762,CUST00104,STORE0002,2026-05-23,Completed,PAY0001762
ORD0002044,CUST00029,STORE0001,2026-05-23,Completed,PAY0002044
ORD0002247,CUST00095,STORE0005,2026-05-23,Completed,PAY0002247
ORD0002303,CUST00085,STORE0007,2026-05-23,Completed,PAY0002303
ORD0002378,CUST00040,STORE0005,2026-05-23,Completed,PAY0002378
ORD0002623,CUST00022,STORE0016,2026-05-23,Cancelled,PAY0002623
ORD0002646,CUST00101,STORE0004,2026-05-23,Completed,PAY0002646
ORD0002810,CUST00103,STORE0018,2026-05-23,Completed,PAY0002810
ORD0003089,CUST00075,STORE0009,2026-05-23,Completed,PAY0003089
ORD0003574,CUST00077,STORE0016,2026-05-23,Completed,PAY0003574
ORD0004130,CUST00018,STORE0010,2026-05-23,Completed,PAY0004130
ORD0000096,CUST00144,STORE0018,2026-05-24,Completed,PAY0000096
ORD0000415,CUST00101,STORE0015,2026-05-24,Cancelled,PAY0000415
ORD0000755,CUST00003,STORE0004,2026-05-24,Completed,PAY0000755
ORD0000827,CUST00048,STORE0017,2026-05-24,Completed,PAY0000827
ORD0001068,CUST00026,STORE0012,2026-05-24,Completed,PAY0001068
ORD0001943,CUST00086,STORE0006,2026-05-24,Completed,PAY0001943
ORD0002064,CUST00020,STORE0011,2026-05-24,Cancelled,PAY0002064
ORD0002234,CUST00145,STORE0007,2026-05-24,Completed,PAY0002234
ORD0002433,CUST00111,STORE0008,2026-05-24,Completed,PAY0002433
ORD0002590,CUST00016,STORE0015,2026-05-24,Completed,PAY0002590
ORD0003194,CUST00042,STORE0011,2026-05-24,Completed,PAY0003194
ORD0003475,CUST00141,STORE0012,2026-05-24,Completed,PAY0003475
ORD0003640,CUST00025,STORE0012,2026-05-24,Completed,PAY0003640
ORD0004093,CUST00089,STORE0009,2026-05-24,Completed,PAY0004093
ORD0004154,CUST00117,STORE0001,2026-05-24,Completed,PAY0004154
ORD0004189,CUST00034,STORE0004,2026-05-24,Completed,PAY0004189
ORD0000448,CUST00079,STORE0011,2026-05-25,Cancelled,PAY0000448
ORD0000858,CUST00104,STORE0009,2026-05-25,Completed,PAY0000858
ORD0000886,CUST00136,STORE0002,2026-05-25,Completed,PAY0000886
ORD0000943,CUST00105,STORE0010,2026-05-25,Completed,PAY0000943
ORD0001627,CUST00076,STORE0008,2026-05-25,Completed,PAY0001627
ORD0001653,CUST00086,STORE0018,2026-05-25,Completed,PAY0001653
ORD0001745,CUST00136,STORE0001,2026-05-25,Completed,PAY0001745
ORD0001757,CUST00108,STORE0018,2026-05-25,Completed,PAY0001757
ORD0001834,CUST00091,STORE0009,2026-05-25,Completed,PAY0001834
ORD0002009,CUST00082,STORE0005,2026-05-25,Completed,PAY0002009
ORD0002157,CUST00058,STORE0008,2026-05-25,Completed,PAY0002157
ORD0002345,CUST00129,STORE0005,2026-05-25,Completed,PAY0002345
ORD0003166,CUST00107,STORE0008,2026-05-25,Completed,PAY0003166
ORD0003231,CUST00062,STORE0015,2026-05-25,Completed,PAY0003231
ORD0003337,CUST00002,STORE0014,2026-05-25,Completed,PAY0003337
ORD0003557,CUST00001,STORE0009,2026-05-25,Completed,PAY0003557
ORD0000070,CUST00001,STORE0007,2026-05-26,Completed,PAY0000070
ORD0000143,CUST00025,STORE0011,2026-05-26,Completed,PAY0000143
ORD0000436,CUST00030,STORE0004,2026-05-26,Completed,PAY0000436
ORD0000871,CUST00107,STORE0015,2026-05-26,Completed,PAY0000871
ORD0001005,CUST00063,STORE0017,2026-05-26,Completed,PAY0001005
ORD0001836,CUST00018,STORE0012,2026-05-26,Completed,PAY0001836
ORD0001850,CUST00088,STORE0001,2026-05-26,Completed,PAY0001850
ORD0001883,CUST00045,STORE0005,2026-05-26,Completed,PAY0001883
ORD0002045,CUST00133,STORE0006,2026-05-26,Completed,PAY0002045
ORD0002250,CUST00042,STORE0008,2026-05-26,Completed,PAY0002250
ORD0003099,CUST00093,STORE0016,2026-05-26,Completed,PAY0003099
ORD0003325,CUST00050,STORE0008,2026-05-26,Completed,PAY0003325
ORD0003340,CUST00136,STORE0002,2026-05-26,Completed,PAY0003340
ORD0003381,CUST00065,STORE0006,2026-05-26,Completed,PAY0003381
ORD0003398,CUST00073,STORE0014,2026-05-26,Completed,PAY0003398
ORD0003512,CUST00039,STORE0015,2026-05-26,Completed,PAY0003512
ORD0003758,CUST00108,STORE0012,2026-05-26,Completed,PAY0003758
ORD0004041,CUST00027,STORE0016,2026-05-26,Completed,PAY0004041
ORD0004079,CUST00134,STORE0016,2026-05-26,Completed,PAY0004079
ORD0004170,CUST00085,STORE0013,2026-05-26,Completed,PAY0004170
ORD0004172,CUST00001,STORE0011,2026-05-26,Completed,PAY0004172
ORD0004178,CUST00109,STORE0011,2026-05-26,Cancelled,PAY0004178
ORD0000058,CUST00047,STORE0002,2026-05-27,Completed,PAY0000058
ORD0000101,CUST00142,STORE0005,2026-05-27,Completed,PAY0000101
ORD0000138,CUST00147,STORE0017,2026-05-27,Completed,PAY0000138
ORD0000897,CUST00146,STORE0015,2026-05-27,Completed,PAY0000897
ORD0001192,CUST00113,STORE0010,2026-05-27,Completed,PAY0001192
ORD0001673,CUST00020,STORE0008,2026-05-27,Completed,PAY0001673
ORD0001822,CUST00096,STORE0006,2026-05-27,Completed,PAY0001822
ORD0001972,CUST00042,STORE0010,2026-05-27,Completed,PAY0001972
ORD0002040,CUST00131,STORE0013,2026-05-27,Completed,PAY0002040
ORD0002285,CUST00119,STORE0014,2026-05-27,Completed,PAY0002285
ORD0003833,CUST00103,STORE0004,2026-05-27,Completed,PAY0003833
ORD0003916,CUST00109,STORE0003,2026-05-27,Completed,PAY0003916
ORD0004024,CUST00139,STORE0012,2026-05-27,Completed,PAY0004024
ORD0000005,CUST00058,STORE0010,2026-05-28,Completed,PAY0000005
ORD0000661,CUST00055,STORE0013,2026-05-28,Completed,PAY0000661
ORD0000802,CUST00041,STORE0013,2026-05-28,Completed,PAY0000802
ORD0001780,CUST00128,STORE0016,2026-05-28,Completed,PAY0001780
ORD0002015,CUST00071,STORE0016,2026-05-28,Completed,PAY0002015
ORD0002270,CUST00056,STORE0010,2026-05-28,Completed,PAY0002270
ORD0002296,CUST00063,STORE0004,2026-05-28,Completed,PAY0002296
ORD0002456,CUST00110,STORE0017,2026-05-28,Completed,PAY0002456
ORD0002858,CUST00013,STORE0004,2026-05-28,Completed,PAY0002858
ORD0002948,CUST00104,STORE0001,2026-05-28,Completed,PAY0002948
ORD0002967,CUST00103,STORE0004,2026-05-28,Completed,PAY0002967
ORD0003043,CUST00102,STORE0018,2026-05-28,Completed,PAY0003043
ORD0003339,CUST00011,STORE0013,2026-05-28,Completed,PAY0003339
ORD0003617,CUST00053,STORE0006,2026-05-28,Cancelled,PAY0003617
ORD0003731,CUST00006,STORE0014,2026-05-28,Completed,PAY0003731
ORD0003808,CUST00102,STORE0003,2026-05-28,Completed,PAY0003808
ORD0000084,CUST00109,STORE0017,2026-05-29,Completed,PAY0000084
ORD0000306,CUST00086,STORE0015,2026-05-29,Completed,PAY0000306
ORD0000490,CUST00045,STORE0002,2026-05-29,Completed,PAY0000490
ORD0001097,CUST00079,STORE0014,2026-05-29,Completed,PAY0001097
ORD0001195,CUST00050,STORE0015,2026-05-29,Completed,PAY0001195
ORD0001236,CUST00019,STORE0004,2026-05-29,Completed,PAY0001236
ORD0001506,CUST00070,STORE0017,2026-05-29,Completed,PAY0001506
ORD0001792,CUST00007,STORE0003,2026-05-29,Completed,PAY0001792
ORD0001933,CUST00021,STORE0002,2026-05-29,Completed,PAY0001933
ORD0001959,CUST00001,STORE0010,2026-05-29,Completed,PAY0001959
ORD0002552,CUST00059,STORE0012,2026-05-29,Completed,PAY0002552
ORD0002876,CUST00116,STORE0003,2026-05-29,Completed,PAY0002876
ORD0002966,CUST00009,STORE0011,2026-05-29,Completed,PAY0002966
ORD0003725,CUST00113,STORE0002,2026-05-29,Completed,PAY0003725
ORD0003804,CUST00102,STORE0003,2026-05-29,Completed,PAY0003804
ORD0000006,CUST00004,STORE0005,2026-05-30,Completed,PAY0000006
ORD0000014,CUST00116,STORE0001,2026-05-30,Completed,PAY0000014
ORD0000083,CUST00016,STORE0003,2026-05-30,Completed,PAY0000083
ORD0000398,CUST00001,STORE0005,2026-05-30,Completed,PAY0000398
ORD0000570,CUST00001,STORE0001,2026-05-30,Completed,PAY0000570
ORD0000709,CUST00108,STORE0011,2026-05-30,Completed,PAY0000709
ORD0001142,CUST00134,STORE0004,2026-05-30,Completed,PAY0001142
ORD0001296,CUST00022,STORE0002,2026-05-30,Completed,PAY0001296
ORD0001408,CUST00060,STORE0007,2026-05-30,Completed,PAY0001408
ORD0001610,CUST00102,STORE0010,2026-05-30,Cancelled,PAY0001610
ORD0001695,CUST00039,STORE0011,2026-05-30,Completed,PAY0001695
ORD0002528,CUST00081,STORE0018,2026-05-30,Completed,PAY0002528
ORD0002661,CUST00090,STORE0014,2026-05-30,Completed,PAY0002661
ORD0003341,CUST00080,STORE0015,2026-05-30,Completed,PAY0003341
ORD0003453,CUST00035,STORE0012,2026-05-30,Completed,PAY0003453
ORD0003486,CUST00078,STORE0004,2026-05-30,Completed,PAY0003486
ORD0003704,CUST00025,STORE0014,2026-05-30,Completed,PAY0003704
ORD0004009,CUST00040,STORE0001,2026-05-30,Completed,PAY0004009
ORD0000139,CUST00075,STORE0003,2026-05-31,Completed,PAY0000139
ORD0000426,CUST00070,STORE0001,2026-05-31,Completed,PAY0000426
ORD0000744,CUST00066,STORE0013,2026-05-31,Completed,PAY0000744
ORD0000905,CUST00048,STORE0003,2026-05-31,Completed,PAY0000905
ORD0001043,CUST00056,STORE0011,2026-05-31,Completed,PAY0001043
ORD0001166,CUST00123,STORE0015,2026-05-31,Completed,PAY0001166
ORD0001782,CUST00099,STORE0016,2026-05-31,Completed,PAY0001782
ORD0002515,CUST00075,STORE0017,2026-05-31,Cancelled,PAY0002515
ORD0002847,CUST00024,STORE0010,2026-05-31,Completed,PAY0002847
ORD0002872,CUST00056,STORE0008,2026-05-31,Completed,PAY0002872
ORD0003000,CUST00107,STORE0009,2026-05-31,Cancelled,PAY0003000
ORD0003035,CUST00071,STORE0015,2026-05-31,Completed,PAY0003035
ORD0003066,CUST00010,STORE0006,2026-05-31,Completed,PAY0003066
ORD0003141,CUST00113,STORE0018,2026-05-31,Completed,PAY0003141
ORD0003299,CUST00122,STORE0011,2026-05-31,Completed,PAY0003299
ORD0003439,CUST00089,STORE0010,2026-05-31,Completed,PAY0003439
ORD0003526,CUST00107,STORE0003,2026-05-31,Cancelled,PAY0003526
ORD0004104,CUST00148,STORE0010,2026-05-31,Completed,PAY0004104
ORD0000016,CUST00087,STORE0006,2026-06-01,Completed,PAY0000016
ORD0000065,CUST00097,STORE0004,2026-06-01,Completed,PAY0000065
ORD0000418,CUST00064,STORE0015,2026-06-01,Completed,PAY0000418
ORD0001040,CUST00089,STORE0012,2026-06-01,Completed,PAY0001040
ORD0001266,CUST00102,STORE0014,2026-06-01,Completed,PAY0001266
ORD0001798,CUST00027,STORE0016,2026-06-01,Completed,PAY0001798
ORD0002079,CUST00009,STORE0005,2026-06-01,Completed,PAY0002079
ORD0002302,CUST00105,STORE0006,2026-06-01,Completed,PAY0002302
ORD0002386,CUST00023,STORE0018,2026-06-01,Completed,PAY0002386
ORD0002512,CUST00052,STORE0001,2026-06-01,Completed,PAY0002512
ORD0002746,CUST00013,STORE0003,2026-06-01,Completed,PAY0002746
ORD0002788,CUST00040,STORE0002,2026-06-01,Completed,PAY0002788
ORD0003028,CUST00150,STORE0012,2026-06-01,Completed,PAY0003028
ORD0003247,CUST00131,STORE0016,2026-06-01,Completed,PAY0003247
ORD0003289,CUST00137,STORE0016,2026-06-01,Completed,PAY0003289
ORD0003547,CUST00057,STORE0011,2026-06-01,Completed,PAY0003547
ORD0003712,CUST00126,STORE0015,2026-06-01,Completed,PAY0003712
ORD0004042,CUST00036,STORE0017,2026-06-01,Completed,PAY0004042
ORD0004059,CUST00067,STORE0007,2026-06-01,Completed,PAY0004059
ORD0000192,CUST00038,STORE0005,2026-06-02,Completed,PAY0000192
ORD0000222,CUST00015,STORE0007,2026-06-02,Completed,PAY0000222
ORD0000242,CUST00052,STORE0007,2026-06-02,Completed,PAY0000242
ORD0000275,CUST00012,STORE0006,2026-06-02,Completed,PAY0000275
ORD0000340,CUST00137,STORE0011,2026-06-02,Completed,PAY0000340
ORD0000692,CUST00103,STORE0014,2026-06-02,Completed,PAY0000692
ORD0000701,CUST00059,STORE0013,2026-06-02,Completed,PAY0000701
ORD0000958,CUST00055,STORE0004,2026-06-02,Completed,PAY0000958
ORD0001555,CUST00007,STORE0017,2026-06-02,Completed,PAY0001555
ORD0002003,CUST00005,STORE0008,2026-06-02,Completed,PAY0002003
ORD0002160,CUST00115,STORE0015,2026-06-02,Completed,PAY0002160
ORD0002350,CUST00062,STORE0009,2026-06-02,Completed,PAY0002350
ORD0002653,CUST00105,STORE0018,2026-06-02,Cancelled,PAY0002653
ORD0002862,CUST00060,STORE0006,2026-06-02,Completed,PAY0002862
ORD0003105,CUST00022,STORE0012,2026-06-02,Completed,PAY0003105
ORD0003239,CUST00010,STORE0011,2026-06-02,Completed,PAY0003239
ORD0003331,CUST00019,STORE0010,2026-06-02,Completed,PAY0003331
ORD0003705,CUST00121,STORE0015,2026-06-02,Completed,PAY0003705
ORD0003830,CUST00076,STORE0015,2026-06-02,Completed,PAY0003830
ORD0003876,CUST00077,STORE0009,2026-06-02,Completed,PAY0003876
ORD0004175,CUST00071,STORE0008,2026-06-02,Completed,PAY0004175
ORD0000259,CUST00107,STORE0005,2026-06-03,Completed,PAY0000259
ORD0000367,CUST00045,STORE0001,2026-06-03,Completed,PAY0000367
ORD0000373,CUST00138,STORE0005,2026-06-03,Completed,PAY0000373
ORD0000758,CUST00087,STORE0004,2026-06-03,Completed,PAY0000758
ORD0000888,CUST00105,STORE0010,2026-06-03,Completed,PAY0000888
ORD0001476,CUST00018,STORE0015,2026-06-03,Completed,PAY0001476
ORD0001561,CUST00126,STORE0015,2026-06-03,Completed,PAY0001561
ORD0001927,CUST00022,STORE0008,2026-06-03,Completed,PAY0001927
ORD0002287,CUST00146,STORE0005,2026-06-03,Completed,PAY0002287
ORD0002366,CUST00056,STORE0014,2026-06-03,Completed,PAY0002366
ORD0003182,CUST00141,STORE0003,2026-06-03,Completed,PAY0003182
ORD0003217,CUST00035,STORE0008,2026-06-03,Completed,PAY0003217
ORD0003691,CUST00070,STORE0004,2026-06-03,Cancelled,PAY0003691
ORD0000302,CUST00107,STORE0008,2026-06-04,Completed,PAY0000302
ORD0000687,CUST00084,STORE0006,2026-06-04,Completed,PAY0000687
ORD0001201,CUST00124,STORE0001,2026-06-04,Completed,PAY0001201
ORD0001294,CUST00081,STORE0007,2026-06-04,Completed,PAY0001294
ORD0001696,CUST00027,STORE0017,2026-06-04,Completed,PAY0001696
ORD0001725,CUST00146,STORE0014,2026-06-04,Completed,PAY0001725
ORD0001986,CUST00005,STORE0018,2026-06-04,Completed,PAY0001986
ORD0002272,CUST00010,STORE0011,2026-06-04,Completed,PAY0002272
ORD0003018,CUST00076,STORE0017,2026-06-04,Completed,PAY0003018
ORD0003100,CUST00020,STORE0008,2026-06-04,Completed,PAY0003100
ORD0003368,CUST00088,STORE0018,2026-06-04,Completed,PAY0003368
ORD0003382,CUST00072,STORE0017,2026-06-04,Completed,PAY0003382
ORD0004180,CUST00076,STORE0012,2026-06-04,Completed,PAY0004180
ORD0000283,CUST00032,STORE0017,2026-06-05,Completed,PAY0000283
ORD0001049,CUST00003,STORE0016,2026-06-05,Completed,PAY0001049
ORD0001105,CUST00110,STORE0013,2026-06-05,Completed,PAY0001105
ORD0001580,CUST00022,STORE0014,2026-06-05,Completed,PAY0001580
ORD0001934,CUST00024,STORE0002,2026-06-05,Completed,PAY0001934
ORD0002036,CUST00017,STORE0018,2026-06-05,Completed,PAY0002036
ORD0002413,CUST00077,STORE0004,2026-06-05,Completed,PAY0002413
ORD0002892,CUST00123,STORE0016,2026-06-05,Completed,PAY0002892
ORD0003029,CUST00065,STORE0006,2026-06-05,Completed,PAY0003029
ORD0003405,CUST00081,STORE0004,2026-06-05,Cancelled,PAY0003405
ORD0003515,CUST00050,STORE0003,2026-06-05,Completed,PAY0003515
ORD0003573,CUST00111,STORE0002,2026-06-05,Completed,PAY0003573
ORD0003874,CUST00101,STORE0014,2026-06-05,Completed,PAY0003874
ORD0000035,CUST00023,STORE0017,2026-06-06,Completed,PAY0000035
ORD0000333,CUST00093,STORE0017,2026-06-06,Completed,PAY0000333
ORD0000984,CUST00122,STORE0004,2026-06-06,Completed,PAY0000984
ORD0001468,CUST00061,STORE0010,2026-06-06,Completed,PAY0001468
ORD0001863,CUST00037,STORE0017,2026-06-06,Completed,PAY0001863
ORD0003055,CUST00074,STORE0005,2026-06-06,Completed,PAY0003055
ORD0003160,CUST00081,STORE0009,2026-06-06,Completed,PAY0003160
ORD0003491,CUST00105,STORE0011,2026-06-06,Completed,PAY0003491
ORD0003801,CUST00090,STORE0012,2026-06-06,Completed,PAY0003801
ORD0004036,CUST00118,STORE0018,2026-06-06,Completed,PAY0004036
ORD0000332,CUST00039,STORE0002,2026-06-07,Completed,PAY0000332
ORD0000615,CUST00131,STORE0003,2026-06-07,Completed,PAY0000615
ORD0000997,CUST00132,STORE0017,2026-06-07,Cancelled,PAY0000997
ORD0001805,CUST00103,STORE0002,2026-06-07,Completed,PAY0001805
ORD0001937,CUST00128,STORE0005,2026-06-07,Completed,PAY0001937
ORD0001945,CUST00048,STORE0011,2026-06-07,Cancelled,PAY0001945
ORD0002201,CUST00117,STORE0009,2026-06-07,Completed,PAY0002201
ORD0002283,CUST00141,STORE0008,2026-06-07,Completed,PAY0002283
ORD0003781,CUST00020,STORE0017,2026-06-07,Completed,PAY0003781
ORD0003891,CUST00073,STORE0006,2026-06-07,Completed,PAY0003891
ORD0003977,CUST00101,STORE0001,2026-06-07,Completed,PAY0003977
ORD0000036,CUST00150,STORE0001,2026-06-08,Completed,PAY0000036
ORD0000063,CUST00060,STORE0011,2026-06-08,Completed,PAY0000063
ORD0000194,CUST00117,STORE0010,2026-06-08,Completed,PAY0000194
ORD0000386,CUST00009,STORE0012,2026-06-08,Completed,PAY0000386
ORD0000557,CUST00001,STORE0007,2026-06-08,Completed,PAY0000557
ORD0001048,CUST00097,STORE0011,2026-06-08,Completed,PAY0001048
ORD0001378,CUST00007,STORE0005,2026-06-08,Completed,PAY0001378
ORD0001626,CUST00097,STORE0010,2026-06-08,Completed,PAY0001626
ORD0001708,CUST00027,STORE0018,2026-06-08,Completed,PAY0001708
ORD0001819,CUST00001,STORE0011,2026-06-08,Completed,PAY0001819
ORD0002120,CUST00115,STORE0009,2026-06-08,Cancelled,PAY0002120
ORD0002288,CUST00129,STORE0006,2026-06-08,Completed,PAY0002288
ORD0002709,CUST00100,STORE0002,2026-06-08,Completed,PAY0002709
ORD0003285,CUST00109,STORE0016,2026-06-08,Completed,PAY0003285
ORD0003688,CUST00020,STORE0004,2026-06-08,Completed,PAY0003688
ORD0003892,CUST00001,STORE0009,2026-06-08,Completed,PAY0003892
ORD0004171,CUST00149,STORE0002,2026-06-08,Completed,PAY0004171
ORD0000276,CUST00039,STORE0010,2026-06-09,Completed,PAY0000276
ORD0000860,CUST00005,STORE0011,2026-06-09,Completed,PAY0000860
ORD0001071,CUST00020,STORE0007,2026-06-09,Completed,PAY0001071
ORD0001084,CUST00053,STORE0002,2026-06-09,Completed,PAY0001084
ORD0001140,CUST00053,STORE0011,2026-06-09,Completed,PAY0001140
ORD0001157,CUST00020,STORE0009,2026-06-09,Completed,PAY0001157
ORD0001270,CUST00120,STORE0002,2026-06-09,Completed,PAY0001270
ORD0001380,CUST00123,STORE0009,2026-06-09,Completed,PAY0001380
ORD0001884,CUST00017,STORE0013,2026-06-09,Completed,PAY0001884
ORD0002002,CUST00064,STORE0012,2026-06-09,Completed,PAY0002002
ORD0002310,CUST00055,STORE0017,2026-06-09,Completed,PAY0002310
ORD0002579,CUST00126,STORE0011,2026-06-09,Completed,PAY0002579
ORD0002669,CUST00122,STORE0011,2026-06-09,Completed,PAY0002669
ORD0002738,CUST00149,STORE0003,2026-06-09,Completed,PAY0002738
ORD0002743,CUST00087,STORE0006,2026-06-09,Completed,PAY0002743
ORD0002772,CUST00054,STORE0009,2026-06-09,Completed,PAY0002772
ORD0003432,CUST00147,STORE0008,2026-06-09,Completed,PAY0003432
ORD0004002,CUST00117,STORE0010,2026-06-09,Completed,PAY0004002
ORD0000953,CUST00111,STORE0006,2026-06-10,Completed,PAY0000953
ORD0001301,CUST00099,STORE0008,2026-06-10,Completed,PAY0001301
ORD0001647,CUST00048,STORE0007,2026-06-10,Completed,PAY0001647
ORD0001685,CUST00019,STORE0001,2026-06-10,Completed,PAY0001685
ORD0001704,CUST00026,STORE0012,2026-06-10,Completed,PAY0001704
ORD0002478,CUST00130,STORE0008,2026-06-10,Completed,PAY0002478
ORD0002815,CUST00021,STORE0010,2026-06-10,Completed,PAY0002815
ORD0003026,CUST00062,STORE0010,2026-06-10,Completed,PAY0003026
ORD0003694,CUST00002,STORE0014,2026-06-10,Completed,PAY0003694
ORD0003879,CUST00140,STORE0010,2026-06-10,Completed,PAY0003879
ORD0000167,CUST00078,STORE0005,2026-06-11,Completed,PAY0000167
ORD0000553,CUST00038,STORE0014,2026-06-11,Completed,PAY0000553
ORD0000634,CUST00088,STORE0002,2026-06-11,Completed,PAY0000634
ORD0000820,CUST00117,STORE0010,2026-06-11,Completed,PAY0000820
ORD0002536,CUST00056,STORE0017,2026-06-11,Completed,PAY0002536
ORD0003090,CUST00050,STORE0011,2026-06-11,Completed,PAY0003090
ORD0003249,CUST00080,STORE0015,2026-06-11,Cancelled,PAY0003249
ORD0003720,CUST00019,STORE0017,2026-06-11,Completed,PAY0003720
ORD0003880,CUST00150,STORE0011,2026-06-11,Completed,PAY0003880
ORD0003957,CUST00065,STORE0008,2026-06-11,Completed,PAY0003957
ORD0000201,CUST00121,STORE0012,2026-06-12,Completed,PAY0000201
ORD0000503,CUST00081,STORE0011,2026-06-12,Completed,PAY0000503
ORD0000544,CUST00068,STORE0006,2026-06-12,Completed,PAY0000544
ORD0000683,CUST00033,STORE0017,2026-06-12,Completed,PAY0000683
ORD0000900,CUST00095,STORE0006,2026-06-12,Completed,PAY0000900
ORD0001041,CUST00105,STORE0004,2026-06-12,Completed,PAY0001041
ORD0001177,CUST00039,STORE0002,2026-06-12,Cancelled,PAY0001177
ORD0001309,CUST00128,STORE0009,2026-06-12,Completed,PAY0001309
ORD0001672,CUST00124,STORE0018,2026-06-12,Completed,PAY0001672
ORD0002032,CUST00094,STORE0013,2026-06-12,Completed,PAY0002032
ORD0002279,CUST00125,STORE0007,2026-06-12,Completed,PAY0002279
ORD0002313,CUST00120,STORE0006,2026-06-12,Cancelled,PAY0002313
ORD0003354,CUST00049,STORE0013,2026-06-12,Completed,PAY0003354
ORD0003537,CUST00099,STORE0016,2026-06-12,Completed,PAY0003537
ORD0003608,CUST00078,STORE0012,2026-06-12,Completed,PAY0003608
ORD0003659,CUST00065,STORE0015,2026-06-12,Completed,PAY0003659
ORD0000068,CUST00029,STORE0005,2026-06-13,Completed,PAY0000068
ORD0000754,CUST00105,STORE0006,2026-06-13,Completed,PAY0000754
ORD0001162,CUST00029,STORE0015,2026-06-13,Completed,PAY0001162
ORD0001213,CUST00078,STORE0003,2026-06-13,Completed,PAY0001213
ORD0001359,CUST00058,STORE0010,2026-06-13,Completed,PAY0001359
ORD0001422,CUST00006,STORE0018,2026-06-13,Completed,PAY0001422
ORD0001544,CUST00066,STORE0011,2026-06-13,Completed,PAY0001544
ORD0002025,CUST00072,STORE0011,2026-06-13,Completed,PAY0002025
ORD0002086,CUST00007,STORE0008,2026-06-13,Completed,PAY0002086
ORD0003157,CUST00063,STORE0002,2026-06-13,Completed,PAY0003157
ORD0003303,CUST00067,STORE0016,2026-06-13,Completed,PAY0003303
ORD0003514,CUST00139,STORE0004,2026-06-13,Completed,PAY0003514
ORD0003524,CUST00076,STORE0004,2026-06-13,Completed,PAY0003524
ORD0003657,CUST00007,STORE0015,2026-06-13,Completed,PAY0003657
ORD0003665,CUST00044,STORE0012,2026-06-13,Completed,PAY0003665
ORD0004121,CUST00075,STORE0011,2026-06-13,Completed,PAY0004121
ORD0004123,CUST00001,STORE0015,2026-06-13,Completed,PAY0004123
ORD0000217,CUST00074,STORE0017,2026-06-14,Completed,PAY0000217
ORD0001402,CUST00132,STORE0015,2026-06-14,Completed,PAY0001402
ORD0001515,CUST00109,STORE0017,2026-06-14,Completed,PAY0001515
ORD0001702,CUST00081,STORE0011,2026-06-14,Completed,PAY0001702
ORD0001732,CUST00139,STORE0013,2026-06-14,Completed,PAY0001732
ORD0001774,CUST00024,STORE0015,2026-06-14,Completed,PAY0001774
ORD0001818,CUST00077,STORE0008,2026-06-14,Completed,PAY0001818
ORD0002308,CUST00043,STORE0009,2026-06-14,Completed,PAY0002308
ORD0003366,CUST00107,STORE0015,2026-06-14,Completed,PAY0003366
ORD0003386,CUST00149,STORE0018,2026-06-14,Completed,PAY0003386
ORD0003766,CUST00043,STORE0010,2026-06-14,Completed,PAY0003766
ORD0004086,CUST00005,STORE0002,2026-06-14,Completed,PAY0004086
ORD0000122,CUST00024,STORE0004,2026-06-15,Completed,PAY0000122
ORD0000250,CUST00141,STORE0016,2026-06-15,Completed,PAY0000250
ORD0001297,CUST00102,STORE0018,2026-06-15,Cancelled,PAY0001297
ORD0001417,CUST00102,STORE0009,2026-06-15,Completed,PAY0001417
ORD0001426,CUST00148,STORE0016,2026-06-15,Completed,PAY0001426
ORD0001582,CUST00026,STORE0010,2026-06-15,Completed,PAY0001582
ORD0002171,CUST00116,STORE0008,2026-06-15,Completed,PAY0002171
ORD0002846,CUST00113,STORE0002,2026-06-15,Completed,PAY0002846
ORD0002890,CUST00094,STORE0018,2026-06-15,Completed,PAY0002890
ORD0002981,CUST00062,STORE0012,2026-06-15,Completed,PAY0002981
ORD0003075,CUST00025,STORE0018,2026-06-15,Completed,PAY0003075
ORD0003300,CUST00091,STORE0006,2026-06-15,Completed,PAY0003300
ORD0003785,CUST00140,STORE0008,2026-06-15,Completed,PAY0003785
ORD0003859,CUST00002,STORE0008,2026-06-15,Cancelled,PAY0003859
ORD0004044,CUST00150,STORE0011,2026-06-15,Completed,PAY0004044
ORD0000123,CUST00115,STORE0008,2026-06-16,Completed,PAY0000123
ORD0001169,CUST00142,STORE0004,2026-06-16,Cancelled,PAY0001169
ORD0001444,CUST00049,STORE0017,2026-06-16,Completed,PAY0001444
ORD0001488,CUST00053,STORE0018,2026-06-16,Completed,PAY0001488
ORD0001501,CUST00029,STORE0012,2026-06-16,Completed,PAY0001501
ORD0001962,CUST00031,STORE0006,2026-06-16,Completed,PAY0001962
ORD0002405,CUST00135,STORE0016,2026-06-16,Completed,PAY0002405
ORD0002691,CUST00015,STORE0004,2026-06-16,Cancelled,PAY0002691
ORD0002730,CUST00009,STORE0005,2026-06-16,Completed,PAY0002730
ORD0003776,CUST00001,STORE0018,2026-06-16,Completed,PAY0003776
ORD0003856,CUST00092,STORE0013,2026-06-16,Completed,PAY0003856
ORD0000072,CUST00055,STORE0008,2026-06-17,Completed,PAY0000072
ORD0000163,CUST00040,STORE0003,2026-06-17,Completed,PAY0000163
ORD0000401,CUST00020,STORE0017,2026-06-17,Completed,PAY0000401
ORD0000439,CUST00070,STORE0004,2026-06-17,Completed,PAY0000439
ORD0000474,CUST00028,STORE0004,2026-06-17,Completed,PAY0000474
ORD0001132,CUST00008,STORE0014,2026-06-17,Completed,PAY0001132
ORD0001556,CUST00136,STORE0015,2026-06-17,Completed,PAY0001556
ORD0002233,CUST00049,STORE0015,2026-06-17,Completed,PAY0002233
ORD0002368,CUST00144,STORE0003,2026-06-17,Completed,PAY0002368
ORD0002514,CUST00105,STORE0012,2026-06-17,Completed,PAY0002514
ORD0002551,CUST00147,STORE0005,2026-06-17,Completed,PAY0002551
ORD0002789,CUST00124,STORE0015,2026-06-17,Completed,PAY0002789
ORD0002996,CUST00011,STORE0008,2026-06-17,Completed,PAY0002996
ORD0000147,CUST00012,STORE0007,2026-06-18,Completed,PAY0000147
ORD0000803,CUST00029,STORE0006,2026-06-18,Completed,PAY0000803
ORD0000910,CUST00119,STORE0011,2026-06-18,Completed,PAY0000910
ORD0000936,CUST00008,STORE0013,2026-06-18,Completed,PAY0000936
ORD0001030,CUST00085,STORE0009,2026-06-18,Completed,PAY0001030
ORD0001271,CUST00029,STORE0007,2026-06-18,Completed,PAY0001271
ORD0001458,CUST00036,STORE0003,2026-06-18,Completed,PAY0001458
ORD0001557,CUST00058,STORE0010,2026-06-18,Completed,PAY0001557
ORD0001686,CUST00108,STORE0017,2026-06-18,Completed,PAY0001686
ORD0002145,CUST00113,STORE0001,2026-06-18,Completed,PAY0002145
ORD0002664,CUST00033,STORE0005,2026-06-18,Completed,PAY0002664
ORD0002823,CUST00119,STORE0007,2026-06-18,Completed,PAY0002823
ORD0002946,CUST00030,STORE0010,2026-06-18,Completed,PAY0002946
ORD0003449,CUST00005,STORE0017,2026-06-18,Completed,PAY0003449
ORD0003756,CUST00101,STORE0008,2026-06-18,Completed,PAY0003756
ORD0003764,CUST00108,STORE0010,2026-06-18,Completed,PAY0003764
ORD0003931,CUST00007,STORE0016,2026-06-18,Completed,PAY0003931
ORD0000132,CUST00073,STORE0009,2026-06-19,Completed,PAY0000132
ORD0000200,CUST00077,STORE0006,2026-06-19,Completed,PAY0000200
ORD0000945,CUST00020,STORE0002,2026-06-19,Completed,PAY0000945
ORD0001130,CUST00054,STORE0009,2026-06-19,Completed,PAY0001130
ORD0001149,CUST00136,STORE0006,2026-06-19,Completed,PAY0001149
ORD0002638,CUST00035,STORE0015,2026-06-19,Completed,PAY0002638
ORD0002655,CUST00144,STORE0013,2026-06-19,Completed,PAY0002655
ORD0004017,CUST00019,STORE0003,2026-06-19,Completed,PAY0004017
ORD0004150,CUST00108,STORE0002,2026-06-19,Completed,PAY0004150
ORD0000069,CUST00074,STORE0010,2026-06-20,Completed,PAY0000069
ORD0000153,CUST00127,STORE0017,2026-06-20,Completed,PAY0000153
ORD0000492,CUST00034,STORE0007,2026-06-20,Completed,PAY0000492
ORD0000752,CUST00097,STORE0007,2026-06-20,Completed,PAY0000752
ORD0000834,CUST00092,STORE0004,2026-06-20,Completed,PAY0000834
ORD0000968,CUST00081,STORE0007,2026-06-20,Completed,PAY0000968
ORD0001433,CUST00044,STORE0009,2026-06-20,Completed,PAY0001433
ORD0001516,CUST00139,STORE0006,2026-06-20,Completed,PAY0001516
ORD0001535,CUST00056,STORE0012,2026-06-20,Cancelled,PAY0001535
ORD0002261,CUST00112,STORE0001,2026-06-20,Completed,PAY0002261
ORD0002328,CUST00066,STORE0002,2026-06-20,Completed,PAY0002328
ORD0002339,CUST00138,STORE0013,2026-06-20,Cancelled,PAY0002339
ORD0002811,CUST00029,STORE0004,2026-06-20,Completed,PAY0002811
ORD0002848,CUST00148,STORE0015,2026-06-20,Completed,PAY0002848
ORD0003158,CUST00063,STORE0002,2026-06-20,Completed,PAY0003158
ORD0003179,CUST00045,STORE0005,2026-06-20,Completed,PAY0003179
ORD0003444,CUST00039,STORE0016,2026-06-20,Completed,PAY0003444
ORD0003770,CUST00058,STORE0015,2026-06-20,Completed,PAY0003770
ORD0003842,CUST00035,STORE0015,2026-06-20,Completed,PAY0003842
ORD0003955,CUST00075,STORE0010,2026-06-20,Completed,PAY0003955
ORD0004074,CUST00119,STORE0010,2026-06-20,Completed,PAY0004074
ORD0000258,CUST00026,STORE0002,2026-06-21,Completed,PAY0000258
ORD0000794,CUST00120,STORE0013,2026-06-21,Completed,PAY0000794
ORD0001648,CUST00073,STORE0016,2026-06-21,Completed,PAY0001648
ORD0001669,CUST00077,STORE0003,2026-06-21,Completed,PAY0001669
ORD0002534,CUST00083,STORE0007,2026-06-21,Completed,PAY0002534
ORD0002572,CUST00103,STORE0001,2026-06-21,Cancelled,PAY0002572
ORD0002699,CUST00023,STORE0005,2026-06-21,Completed,PAY0002699
ORD0003016,CUST00123,STORE0004,2026-06-21,Completed,PAY0003016
ORD0003060,CUST00047,STORE0006,2026-06-21,Completed,PAY0003060
ORD0003121,CUST00049,STORE0008,2026-06-21,Completed,PAY0003121
ORD0003445,CUST00078,STORE0010,2026-06-21,Completed,PAY0003445
ORD0003894,CUST00094,STORE0001,2026-06-21,Completed,PAY0003894
ORD0003910,CUST00069,STORE0017,2026-06-21,Completed,PAY0003910
ORD0004032,CUST00066,STORE0008,2026-06-21,Completed,PAY0004032
ORD0004188,CUST00028,STORE0013,2026-06-21,Completed,PAY0004188
ORD0000185,CUST00063,STORE0016,2026-06-22,Completed,PAY0000185
ORD0000239,CUST00028,STORE0013,2026-06-22,Completed,PAY0000239
ORD0000603,CUST00010,STORE0015,2026-06-22,Completed,PAY0000603
ORD0000629,CUST00067,STORE0016,2026-06-22,Completed,PAY0000629
ORD0000768,CUST00084,STORE0008,2026-06-22,Completed,PAY0000768
ORD0000816,CUST00024,STORE0015,2026-06-22,Completed,PAY0000816
ORD0001013,CUST00142,STORE0011,2026-06-22,Completed,PAY0001013
ORD0001128,CUST00120,STORE0009,2026-06-22,Completed,PAY0001128
ORD0001871,CUST00096,STORE0002,2026-06-22,Completed,PAY0001871
ORD0002142,CUST00127,STORE0008,2026-06-22,Completed,PAY0002142
ORD0002190,CUST00011,STORE0002,2026-06-22,Completed,PAY0002190
ORD0002341,CUST00099,STORE0014,2026-06-22,Completed,PAY0002341
ORD0002531,CUST00115,STORE0015,2026-06-22,Completed,PAY0002531
ORD0002586,CUST00091,STORE0005,2026-06-22,Completed,PAY0002586
ORD0003104,CUST00143,STORE0010,2026-06-22,Completed,PAY0003104
ORD0003221,CUST00094,STORE0001,2026-06-22,Completed,PAY0003221
ORD0003314,CUST00004,STORE0005,2026-06-22,Completed,PAY0003314
ORD0003438,CUST00115,STORE0014,2026-06-22,Completed,PAY0003438
ORD0003517,CUST00102,STORE0002,2026-06-22,Completed,PAY0003517
ORD0003613,CUST00044,STORE0001,2026-06-22,Completed,PAY0003613
ORD0003806,CUST00115,STORE0005,2026-06-22,Completed,PAY0003806
ORD0003950,CUST00144,STORE0015,2026-06-22,Completed,PAY0003950
ORD0000080,CUST00073,STORE0013,2026-06-23,Completed,PAY0000080
ORD0000203,CUST00064,STORE0016,2026-06-23,Completed,PAY0000203
ORD0000596,CUST00048,STORE0010,2026-06-23,Completed,PAY0000596
ORD0001596,CUST00044,STORE0012,2026-06-23,Completed,PAY0001596
ORD0001675,CUST00142,STORE0012,2026-06-23,Completed,PAY0001675
ORD0002021,CUST00065,STORE0016,2026-06-23,Completed,PAY0002021
ORD0002373,CUST00087,STORE0001,2026-06-23,Completed,PAY0002373
ORD0002737,CUST00012,STORE0007,2026-06-23,Completed,PAY0002737
ORD0002874,CUST00063,STORE0009,2026-06-23,Completed,PAY0002874
ORD0003224,CUST00063,STORE0004,2026-06-23,Completed,PAY0003224
ORD0003268,CUST00130,STORE0002,2026-06-23,Completed,PAY0003268
ORD0003506,CUST00083,STORE0008,2026-06-23,Completed,PAY0003506
ORD0003723,CUST00051,STORE0005,2026-06-23,Completed,PAY0003723
ORD0003999,CUST00148,STORE0018,2026-06-23,Completed,PAY0003999
ORD0004134,CUST00042,STORE0002,2026-06-23,Completed,PAY0004134
ORD0004187,CUST00120,STORE0011,2026-06-23,Completed,PAY0004187
ORD0000040,CUST00075,STORE0006,2026-06-24,Completed,PAY0000040
ORD0001016,CUST00080,STORE0008,2026-06-24,Completed,PAY0001016
ORD0001240,CUST00027,STORE0009,2026-06-24,Completed,PAY0001240
ORD0001586,CUST00027,STORE0005,2026-06-24,Completed,PAY0001586
ORD0001655,CUST00063,STORE0018,2026-06-24,Completed,PAY0001655
ORD0001800,CUST00104,STORE0005,2026-06-24,Completed,PAY0001800
ORD0002207,CUST00024,STORE0009,2026-06-24,Completed,PAY0002207
ORD0002362,CUST00022,STORE0006,2026-06-24,Completed,PAY0002362
ORD0002454,CUST00053,STORE0009,2026-06-24,Cancelled,PAY0002454
ORD0002567,CUST00107,STORE0003,2026-06-24,Completed,PAY0002567
ORD0003076,CUST00003,STORE0008,2026-06-24,Completed,PAY0003076
ORD0003297,CUST00118,STORE0018,2026-06-24,Completed,PAY0003297
ORD0003869,CUST00067,STORE0013,2026-06-24,Completed,PAY0003869
ORD0004068,CUST00141,STORE0004,2026-06-24,Completed,PAY0004068
ORD0004125,CUST00075,STORE0018,2026-06-24,Completed,PAY0004125
ORD0000021,CUST00079,STORE0004,2026-06-25,Cancelled,PAY0000021
ORD0000097,CUST00044,STORE0003,2026-06-25,Completed,PAY0000097
ORD0000165,CUST00016,STORE0003,2026-06-25,Completed,PAY0000165
ORD0000182,CUST00007,STORE0002,2026-06-25,Completed,PAY0000182
ORD0000526,CUST00040,STORE0016,2026-06-25,Completed,PAY0000526
ORD0000664,CUST00068,STORE0004,2026-06-25,Cancelled,PAY0000664
ORD0000895,CUST00042,STORE0010,2026-06-25,Completed,PAY0000895
ORD0001027,CUST00083,STORE0008,2026-06-25,Completed,PAY0001027
ORD0001387,CUST00140,STORE0016,2026-06-25,Completed,PAY0001387
ORD0001548,CUST00092,STORE0017,2026-06-25,Completed,PAY0001548
ORD0001641,CUST00002,STORE0016,2026-06-25,Completed,PAY0001641
ORD0001895,CUST00072,STORE0012,2026-06-25,Completed,PAY0001895
ORD0001921,CUST00010,STORE0001,2026-06-25,Completed,PAY0001921
ORD0002154,CUST00065,STORE0008,2026-06-25,Completed,PAY0002154
ORD0002217,CUST00049,STORE0016,2026-06-25,Completed,PAY0002217
ORD0002629,CUST00021,STORE0017,2026-06-25,Completed,PAY0002629
ORD0003218,CUST00052,STORE0005,2026-06-25,Completed,PAY0003218
ORD0003523,CUST00061,STORE0014,2026-06-25,Completed,PAY0003523
ORD0003689,CUST00106,STORE0006,2026-06-25,Completed,PAY0003689
ORD0003928,CUST00082,STORE0015,2026-06-25,Cancelled,PAY0003928
ORD0004014,CUST00115,STORE0003,2026-06-25,Completed,PAY0004014
ORD0000112,CUST00010,STORE0017,2026-06-26,Completed,PAY0000112
ORD0000237,CUST00007,STORE0014,2026-06-26,Completed,PAY0000237
ORD0000335,CUST00031,STORE0009,2026-06-26,Completed,PAY0000335
ORD0000528,CUST00010,STORE0001,2026-06-26,Completed,PAY0000528
ORD0000633,CUST00044,STORE0006,2026-06-26,Completed,PAY0000633
ORD0001108,CUST00120,STORE0017,2026-06-26,Completed,PAY0001108
ORD0001361,CUST00009,STORE0016,2026-06-26,Completed,PAY0001361
ORD0001437,CUST00024,STORE0011,2026-06-26,Completed,PAY0001437
ORD0001734,CUST00125,STORE0016,2026-06-26,Completed,PAY0001734
ORD0002347,CUST00089,STORE0007,2026-06-26,Completed,PAY0002347
ORD0002452,CUST00145,STORE0009,2026-06-26,Completed,PAY0002452
ORD0002527,CUST00065,STORE0015,2026-06-26,Completed,PAY0002527
ORD0002576,CUST00044,STORE0012,2026-06-26,Completed,PAY0002576
ORD0002620,CUST00137,STORE0003,2026-06-26,Completed,PAY0002620
ORD0003021,CUST00142,STORE0012,2026-06-26,Completed,PAY0003021
ORD0003088,CUST00142,STORE0013,2026-06-26,Completed,PAY0003088
ORD0004157,CUST00071,STORE0018,2026-06-26,Completed,PAY0004157
ORD0000399,CUST00081,STORE0017,2026-06-27,Completed,PAY0000399
ORD0000839,CUST00022,STORE0016,2026-06-27,Completed,PAY0000839
ORD0000848,CUST00088,STORE0016,2026-06-27,Completed,PAY0000848
ORD0001096,CUST00135,STORE0002,2026-06-27,Completed,PAY0001096
ORD0001304,CUST00077,STORE0001,2026-06-27,Completed,PAY0001304
ORD0002046,CUST00078,STORE0010,2026-06-27,Completed,PAY0002046
ORD0002436,CUST00051,STORE0008,2026-06-27,Completed,PAY0002436
ORD0002597,CUST00087,STORE0008,2026-06-27,Completed,PAY0002597
ORD0002714,CUST00125,STORE0003,2026-06-27,Completed,PAY0002714
ORD0003130,CUST00104,STORE0003,2026-06-27,Completed,PAY0003130
ORD0003344,CUST00140,STORE0015,2026-06-27,Completed,PAY0003344
ORD0003565,CUST00044,STORE0014,2026-06-27,Completed,PAY0003565
ORD0000135,CUST00081,STORE0006,2026-06-28,Completed,PAY0000135
ORD0000534,CUST00078,STORE0009,2026-06-28,Completed,PAY0000534
ORD0000649,CUST00070,STORE0003,2026-06-28,Cancelled,PAY0000649
ORD0000800,CUST00109,STORE0017,2026-06-28,Completed,PAY0000800
ORD0001038,CUST00017,STORE0001,2026-06-28,Completed,PAY0001038
ORD0001070,CUST00054,STORE0010,2026-06-28,Completed,PAY0001070
ORD0001923,CUST00142,STORE0001,2026-06-28,Completed,PAY0001923
ORD0002092,CUST00093,STORE0010,2026-06-28,Completed,PAY0002092
ORD0002427,CUST00112,STORE0004,2026-06-28,Completed,PAY0002427
ORD0002470,CUST00017,STORE0005,2026-06-28,Completed,PAY0002470
ORD0002765,CUST00123,STORE0008,2026-06-28,Completed,PAY0002765
ORD0002799,CUST00123,STORE0017,2026-06-28,Completed,PAY0002799
ORD0002908,CUST00115,STORE0018,2026-06-28,Completed,PAY0002908
ORD0003119,CUST00134,STORE0010,2026-06-28,Completed,PAY0003119
ORD0003127,CUST00005,STORE0017,2026-06-28,Completed,PAY0003127
ORD0003430,CUST00021,STORE0006,2026-06-28,Completed,PAY0003430
ORD0003649,CUST00044,STORE0003,2026-06-28,Completed,PAY0003649
ORD0000031,CUST00027,STORE0005,2026-06-29,Completed,PAY0000031
ORD0000655,CUST00010,STORE0012,2026-06-29,Completed,PAY0000655
ORD0000821,CUST00036,STORE0016,2026-06-29,Completed,PAY0000821
ORD0001521,CUST00046,STORE0010,2026-06-29,Completed,PAY0001521
ORD0001825,CUST00127,STORE0004,2026-06-29,Completed,PAY0001825
ORD0002377,CUST00078,STORE0006,2026-06-29,Completed,PAY0002377
ORD0002614,CUST00027,STORE0003,2026-06-29,Completed,PAY0002614
ORD0002829,CUST00016,STORE0008,2026-06-29,Completed,PAY0002829
ORD0002865,CUST00108,STORE0015,2026-06-29,Completed,PAY0002865
ORD0003233,CUST00016,STORE0001,2026-06-29,Completed,PAY0003233
ORD0003271,CUST00001,STORE0017,2026-06-29,Completed,PAY0003271
ORD0003404,CUST00103,STORE0013,2026-06-29,Completed,PAY0003404
ORD0003540,CUST00003,STORE0017,2026-06-29,Completed,PAY0003540
ORD0003661,CUST00078,STORE0004,2026-06-29,Completed,PAY0003661
ORD0003713,CUST00104,STORE0006,2026-06-29,Completed,PAY0003713
ORD0003727,CUST00060,STORE0010,2026-06-29,Completed,PAY0003727
ORD0000037,CUST00085,STORE0015,2026-06-30,Completed,PAY0000037
ORD0000273,CUST00119,STORE0001,2026-06-30,Completed,PAY0000273
ORD0000613,CUST00065,STORE0005,2026-06-30,Completed,PAY0000613
ORD0001654,CUST00135,STORE0007,2026-06-30,Completed,PAY0001654
ORD0001776,CUST00141,STORE0001,2026-06-30,Completed,PAY0001776
ORD0001916,CUST00033,STORE0002,2026-06-30,Completed,PAY0001916
ORD0002131,CUST00119,STORE0016,2026-06-30,Completed,PAY0002131
ORD0002665,CUST00067,STORE0010,2026-06-30,Completed,PAY0002665
ORD0002774,CUST00059,STORE0010,2026-06-30,Completed,PAY0002774
ORD0002997,CUST00088,STORE0009,2026-06-30,Completed,PAY0002997
ORD0003079,CUST00112,STORE0011,2026-06-30,Completed,PAY0003079
ORD0003211,CUST00117,STORE0014,2026-06-30,Completed,PAY0003211
ORD0003356,CUST00126,STORE0016,2026-06-30,Completed,PAY0003356
ORD0003424,CUST00093,STORE0011,2026-06-30,Completed,PAY0003424
ORD0003452,CUST00021,STORE0017,2026-06-30,Completed,PAY0003452
ORD0003463,CUST00088,STORE0015,2026-06-30,Completed,PAY0003463
ORD0003532,CUST00102,STORE0003,2026-06-30,Completed,PAY0003532
ORD0003559,CUST00011,STORE0014,2026-06-30,Completed,PAY0003559
ORD0004102,CUST00136,STORE0009,2026-06-30,Completed,PAY0004102
ORD0000168,CUST00028,STORE0005,2026-07-01,Completed,PAY0000168
ORD0000976,CUST00108,STORE0003,2026-07-01,Completed,PAY0000976
ORD0001008,CUST00063,STORE0010,2026-07-01,Completed,PAY0001008
ORD0001220,CUST00115,STORE0007,2026-07-01,Completed,PAY0001220
ORD0001718,CUST00058,STORE0009,2026-07-01,Cancelled,PAY0001718
ORD0002299,CUST00130,STORE0002,2026-07-01,Cancelled,PAY0002299
ORD0003034,CUST00105,STORE0011,2026-07-01,Completed,PAY0003034
ORD0003353,CUST00065,STORE0010,2026-07-01,Completed,PAY0003353
ORD0003584,CUST00093,STORE0012,2026-07-01,Completed,PAY0003584
ORD0003589,CUST00083,STORE0017,2026-07-01,Completed,PAY0003589
ORD0003914,CUST00125,STORE0014,2026-07-01,Cancelled,PAY0003914
ORD0003945,CUST00067,STORE0012,2026-07-01,Completed,PAY0003945
ORD0004004,CUST00048,STORE0003,2026-07-01,Completed,PAY0004004
ORD0004137,CUST00149,STORE0017,2026-07-01,Cancelled,PAY0004137
ORD0000025,CUST00055,STORE0014,2026-07-02,Completed,PAY0000025
ORD0000525,CUST00150,STORE0008,2026-07-02,Completed,PAY0000525
ORD0000572,CUST00049,STORE0015,2026-07-02,Completed,PAY0000572
ORD0000695,CUST00042,STORE0004,2026-07-02,Completed,PAY0000695
ORD0000921,CUST00098,STORE0006,2026-07-02,Completed,PAY0000921
ORD0001389,CUST00082,STORE0011,2026-07-02,Completed,PAY0001389
ORD0001518,CUST00106,STORE0009,2026-07-02,Completed,PAY0001518
ORD0001737,CUST00019,STORE0017,2026-07-02,Completed,PAY0001737
ORD0001898,CUST00142,STORE0017,2026-07-02,Completed,PAY0001898
ORD0001915,CUST00135,STORE0017,2026-07-02,Completed,PAY0001915
ORD0002115,CUST00079,STORE0002,2026-07-02,Cancelled,PAY0002115
ORD0002593,CUST00129,STORE0006,2026-07-02,Completed,PAY0002593
ORD0002741,CUST00098,STORE0013,2026-07-02,Completed,PAY0002741
ORD0003133,CUST00145,STORE0013,2026-07-02,Completed,PAY0003133
ORD0003138,CUST00110,STORE0002,2026-07-02,Completed,PAY0003138
ORD0003360,CUST00022,STORE0007,2026-07-02,Completed,PAY0003360
ORD0003707,CUST00102,STORE0014,2026-07-02,Completed,PAY0003707
ORD0004129,CUST00121,STORE0013,2026-07-02,Completed,PAY0004129
ORD0000451,CUST00148,STORE0009,2026-07-03,Completed,PAY0000451
ORD0000465,CUST00035,STORE0015,2026-07-03,Completed,PAY0000465
ORD0000608,CUST00011,STORE0010,2026-07-03,Completed,PAY0000608
ORD0001111,CUST00021,STORE0011,2026-07-03,Completed,PAY0001111
ORD0001689,CUST00075,STORE0006,2026-07-03,Completed,PAY0001689
ORD0001692,CUST00145,STORE0002,2026-07-03,Completed,PAY0001692
ORD0001892,CUST00093,STORE0012,2026-07-03,Completed,PAY0001892
ORD0001906,CUST00052,STORE0006,2026-07-03,Cancelled,PAY0001906
ORD0001909,CUST00130,STORE0015,2026-07-03,Completed,PAY0001909
ORD0002854,CUST00036,STORE0003,2026-07-03,Completed,PAY0002854
ORD0003140,CUST00021,STORE0010,2026-07-03,Completed,PAY0003140
ORD0003480,CUST00099,STORE0011,2026-07-03,Completed,PAY0003480
ORD0003481,CUST00133,STORE0001,2026-07-03,Completed,PAY0003481
ORD0003735,CUST00114,STORE0013,2026-07-03,Completed,PAY0003735
ORD0004054,CUST00048,STORE0008,2026-07-03,Completed,PAY0004054
ORD0000226,CUST00104,STORE0007,2026-07-04,Completed,PAY0000226
ORD0000566,CUST00122,STORE0012,2026-07-04,Cancelled,PAY0000566
ORD0000600,CUST00107,STORE0017,2026-07-04,Completed,PAY0000600
ORD0000915,CUST00084,STORE0015,2026-07-04,Cancelled,PAY0000915
ORD0000940,CUST00069,STORE0002,2026-07-04,Cancelled,PAY0000940
ORD0000966,CUST00020,STORE0006,2026-07-04,Completed,PAY0000966
ORD0000990,CUST00025,STORE0015,2026-07-04,Completed,PAY0000990
ORD0001078,CUST00130,STORE0011,2026-07-04,Cancelled,PAY0001078
ORD0001165,CUST00119,STORE0004,2026-07-04,Completed,PAY0001165
ORD0001526,CUST00111,STORE0003,2026-07-04,Completed,PAY0001526
ORD0001811,CUST00025,STORE0001,2026-07-04,Completed,PAY0001811
ORD0001920,CUST00093,STORE0018,2026-07-04,Completed,PAY0001920
ORD0001975,CUST00063,STORE0013,2026-07-04,Completed,PAY0001975
ORD0002282,CUST00009,STORE0012,2026-07-04,Completed,PAY0002282
ORD0002329,CUST00099,STORE0006,2026-07-04,Completed,PAY0002329
ORD0002818,CUST00103,STORE0005,2026-07-04,Cancelled,PAY0002818
ORD0002830,CUST00071,STORE0015,2026-07-04,Completed,PAY0002830
ORD0003333,CUST00104,STORE0006,2026-07-04,Completed,PAY0003333
ORD0003414,CUST00054,STORE0017,2026-07-04,Completed,PAY0003414
ORD0000593,CUST00126,STORE0009,2026-07-05,Completed,PAY0000593
ORD0000685,CUST00091,STORE0005,2026-07-05,Completed,PAY0000685
ORD0000746,CUST00009,STORE0018,2026-07-05,Completed,PAY0000746
ORD0000770,CUST00083,STORE0010,2026-07-05,Completed,PAY0000770
ORD0000919,CUST00096,STORE0013,2026-07-05,Completed,PAY0000919
ORD0001110,CUST00064,STORE0016,2026-07-05,Completed,PAY0001110
ORD0001125,CUST00087,STORE0011,2026-07-05,Completed,PAY0001125
ORD0001203,CUST00041,STORE0002,2026-07-05,Completed,PAY0001203
ORD0001542,CUST00119,STORE0004,2026-07-05,Completed,PAY0001542
ORD0002065,CUST00068,STORE0009,2026-07-05,Completed,PAY0002065
ORD0002097,CUST00097,STORE0014,2026-07-05,Cancelled,PAY0002097
ORD0002294,CUST00091,STORE0017,2026-07-05,Cancelled,PAY0002294
ORD0002541,CUST00034,STORE0018,2026-07-05,Completed,PAY0002541
ORD0002802,CUST00097,STORE0016,2026-07-05,Completed,PAY0002802
ORD0002918,CUST00010,STORE0010,2026-07-05,Completed,PAY0002918
ORD0003030,CUST00023,STORE0015,2026-07-05,Completed,PAY0003030
ORD0003744,CUST00133,STORE0004,2026-07-05,Completed,PAY0003744
ORD0003965,CUST00060,STORE0008,2026-07-05,Completed,PAY0003965
ORD0000262,CUST00126,STORE0015,2026-07-06,Completed,PAY0000262
ORD0000531,CUST00008,STORE0017,2026-07-06,Completed,PAY0000531
ORD0000720,CUST00088,STORE0009,2026-07-06,Completed,PAY0000720
ORD0001455,CUST00032,STORE0008,2026-07-06,Completed,PAY0001455
ORD0001598,CUST00061,STORE0006,2026-07-06,Completed,PAY0001598
ORD0001820,CUST00096,STORE0011,2026-07-06,Completed,PAY0001820
ORD0001845,CUST00043,STORE0016,2026-07-06,Completed,PAY0001845
ORD0001868,CUST00084,STORE0010,2026-07-06,Completed,PAY0001868
ORD0002017,CUST00001,STORE0018,2026-07-06,Completed,PAY0002017
ORD0002116,CUST00086,STORE0016,2026-07-06,Completed,PAY0002116
ORD0002147,CUST00128,STORE0018,2026-07-06,Completed,PAY0002147
ORD0002264,CUST00090,STORE0010,2026-07-06,Completed,PAY0002264
ORD0002587,CUST00141,STORE0003,2026-07-06,Completed,PAY0002587
ORD0002621,CUST00066,STORE0011,2026-07-06,Completed,PAY0002621
ORD0002630,CUST00081,STORE0011,2026-07-06,Completed,PAY0002630
ORD0002681,CUST00049,STORE0013,2026-07-06,Completed,PAY0002681
ORD0003083,CUST00128,STORE0009,2026-07-06,Completed,PAY0003083
ORD0003347,CUST00009,STORE0014,2026-07-06,Completed,PAY0003347
ORD0003387,CUST00056,STORE0002,2026-07-06,Completed,PAY0003387
ORD0003843,CUST00138,STORE0004,2026-07-06,Completed,PAY0003843
ORD0003885,CUST00117,STORE0014,2026-07-06,Completed,PAY0003885
ORD0003995,CUST00109,STORE0005,2026-07-06,Completed,PAY0003995
ORD0000175,CUST00119,STORE0017,2026-07-07,Completed,PAY0000175
ORD0000212,CUST00025,STORE0015,2026-07-07,Completed,PAY0000212
ORD0000647,CUST00140,STORE0013,2026-07-07,Completed,PAY0000647
ORD0000806,CUST00111,STORE0010,2026-07-07,Completed,PAY0000806
ORD0000818,CUST00124,STORE0010,2026-07-07,Completed,PAY0000818
ORD0000904,CUST00122,STORE0016,2026-07-07,Completed,PAY0000904
ORD0001281,CUST00076,STORE0015,2026-07-07,Cancelled,PAY0001281
ORD0001463,CUST00138,STORE0003,2026-07-07,Completed,PAY0001463
ORD0001613,CUST00070,STORE0006,2026-07-07,Completed,PAY0001613
ORD0001723,CUST00113,STORE0011,2026-07-07,Completed,PAY0001723
ORD0002082,CUST00090,STORE0004,2026-07-07,Completed,PAY0002082
ORD0002356,CUST00136,STORE0010,2026-07-07,Completed,PAY0002356
ORD0002574,CUST00086,STORE0009,2026-07-07,Completed,PAY0002574
ORD0002753,CUST00122,STORE0017,2026-07-07,Completed,PAY0002753
ORD0002931,CUST00034,STORE0016,2026-07-07,Completed,PAY0002931
ORD0003022,CUST00046,STORE0001,2026-07-07,Completed,PAY0003022
ORD0003057,CUST00118,STORE0015,2026-07-07,Completed,PAY0003057
ORD0003183,CUST00138,STORE0017,2026-07-07,Completed,PAY0003183
ORD0003456,CUST00060,STORE0007,2026-07-07,Completed,PAY0003456
ORD0003906,CUST00034,STORE0005,2026-07-07,Completed,PAY0003906
ORD0000056,CUST00130,STORE0017,2026-07-08,Completed,PAY0000056
ORD0000460,CUST00140,STORE0014,2026-07-08,Completed,PAY0000460
ORD0001058,CUST00095,STORE0015,2026-07-08,Completed,PAY0001058
ORD0001338,CUST00139,STORE0010,2026-07-08,Completed,PAY0001338
ORD0001687,CUST00089,STORE0001,2026-07-08,Completed,PAY0001687
ORD0001864,CUST00093,STORE0016,2026-07-08,Completed,PAY0001864
ORD0001880,CUST00062,STORE0005,2026-07-08,Completed,PAY0001880
ORD0002384,CUST00142,STORE0014,2026-07-08,Completed,PAY0002384
ORD0003103,CUST00002,STORE0005,2026-07-08,Completed,PAY0003103
ORD0003281,CUST00048,STORE0009,2026-07-08,Completed,PAY0003281
ORD0003944,CUST00084,STORE0006,2026-07-08,Completed,PAY0003944
ORD0003972,CUST00093,STORE0018,2026-07-08,Cancelled,PAY0003972
ORD0004120,CUST00029,STORE0001,2026-07-08,Completed,PAY0004120
ORD0000119,CUST00010,STORE0007,2026-07-09,Completed,PAY0000119
ORD0000254,CUST00027,STORE0005,2026-07-09,Completed,PAY0000254
ORD0000620,CUST00127,STORE0003,2026-07-09,Completed,PAY0000620
ORD0001176,CUST00063,STORE0011,2026-07-09,Completed,PAY0001176
ORD0001225,CUST00123,STORE0013,2026-07-09,Completed,PAY0001225
ORD0001733,CUST00140,STORE0018,2026-07-09,Completed,PAY0001733
ORD0002006,CUST00019,STORE0006,2026-07-09,Completed,PAY0002006
ORD0002273,CUST00096,STORE0001,2026-07-09,Completed,PAY0002273
ORD0002455,CUST00058,STORE0008,2026-07-09,Completed,PAY0002455
ORD0002548,CUST00080,STORE0014,2026-07-09,Completed,PAY0002548
ORD0002725,CUST00099,STORE0010,2026-07-09,Completed,PAY0002725
ORD0003058,CUST00050,STORE0008,2026-07-09,Completed,PAY0003058
ORD0003071,CUST00083,STORE0016,2026-07-09,Completed,PAY0003071
ORD0003072,CUST00006,STORE0016,2026-07-09,Completed,PAY0003072
ORD0003074,CUST00021,STORE0004,2026-07-09,Completed,PAY0003074
ORD0003504,CUST00072,STORE0005,2026-07-09,Completed,PAY0003504
ORD0003637,CUST00141,STORE0005,2026-07-09,Completed,PAY0003637
ORD0003857,CUST00099,STORE0012,2026-07-09,Completed,PAY0003857
ORD0003919,CUST00115,STORE0008,2026-07-09,Completed,PAY0003919
ORD0004025,CUST00016,STORE0018,2026-07-09,Completed,PAY0004025
ORD0004173,CUST00033,STORE0004,2026-07-09,Completed,PAY0004173
ORD0000238,CUST00140,STORE0011,2026-07-10,Completed,PAY0000238
ORD0000406,CUST00143,STORE0013,2026-07-10,Completed,PAY0000406
ORD0000729,CUST00008,STORE0008,2026-07-10,Completed,PAY0000729
ORD0001094,CUST00012,STORE0005,2026-07-10,Completed,PAY0001094
ORD0001138,CUST00063,STORE0001,2026-07-10,Completed,PAY0001138
ORD0001199,CUST00147,STORE0014,2026-07-10,Completed,PAY0001199
ORD0001620,CUST00084,STORE0010,2026-07-10,Completed,PAY0001620
ORD0001779,CUST00118,STORE0014,2026-07-10,Completed,PAY0001779
ORD0001901,CUST00093,STORE0001,2026-07-10,Completed,PAY0001901
ORD0002041,CUST00110,STORE0009,2026-07-10,Completed,PAY0002041
ORD0002516,CUST00008,STORE0003,2026-07-10,Completed,PAY0002516
ORD0003150,CUST00014,STORE0005,2026-07-10,Completed,PAY0003150
ORD0003580,CUST00119,STORE0011,2026-07-10,Completed,PAY0003580
ORD0003721,CUST00055,STORE0009,2026-07-10,Completed,PAY0003721
ORD0003979,CUST00080,STORE0017,2026-07-10,Completed,PAY0003979
ORD0000141,CUST00013,STORE0001,2026-07-11,Completed,PAY0000141
ORD0000248,CUST00135,STORE0006,2026-07-11,Completed,PAY0000248
ORD0000325,CUST00146,STORE0008,2026-07-11,Completed,PAY0000325
ORD0001077,CUST00071,STORE0007,2026-07-11,Completed,PAY0001077
ORD0001122,CUST00091,STORE0010,2026-07-11,Completed,PAY0001122
ORD0001423,CUST00134,STORE0005,2026-07-11,Cancelled,PAY0001423
ORD0001631,CUST00145,STORE0007,2026-07-11,Completed,PAY0001631
ORD0002185,CUST00099,STORE0009,2026-07-11,Completed,PAY0002185
ORD0002683,CUST00069,STORE0003,2026-07-11,Completed,PAY0002683
ORD0002877,CUST00031,STORE0011,2026-07-11,Completed,PAY0002877
ORD0003188,CUST00114,STORE0006,2026-07-11,Completed,PAY0003188
ORD0003310,CUST00063,STORE0017,2026-07-11,Completed,PAY0003310
ORD0003417,CUST00138,STORE0001,2026-07-11,Completed,PAY0003417
ORD0003543,CUST00007,STORE0008,2026-07-11,Completed,PAY0003543
ORD0003679,CUST00095,STORE0015,2026-07-11,Completed,PAY0003679
ORD0003784,CUST00016,STORE0012,2026-07-11,Completed,PAY0003784
ORD0003968,CUST00015,STORE0015,2026-07-11,Completed,PAY0003968
ORD0000012,CUST00006,STORE0010,2026-07-12,Completed,PAY0000012
ORD0000189,CUST00047,STORE0007,2026-07-12,Completed,PAY0000189
ORD0000467,CUST00067,STORE0008,2026-07-12,Completed,PAY0000467
ORD0000574,CUST00105,STORE0001,2026-07-12,Completed,PAY0000574
ORD0000578,CUST00099,STORE0004,2026-07-12,Completed,PAY0000578
ORD0000706,CUST00144,STORE0006,2026-07-12,Cancelled,PAY0000706
ORD0001391,CUST00079,STORE0011,2026-07-12,Completed,PAY0001391
ORD0001471,CUST00138,STORE0003,2026-07-12,Completed,PAY0001471
ORD0001633,CUST00142,STORE0018,2026-07-12,Completed,PAY0001633
ORD0001865,CUST00030,STORE0012,2026-07-12,Cancelled,PAY0001865
ORD0001929,CUST00025,STORE0010,2026-07-12,Completed,PAY0001929
ORD0002085,CUST00065,STORE0017,2026-07-12,Completed,PAY0002085
ORD0002616,CUST00098,STORE0018,2026-07-12,Completed,PAY0002616
ORD0002668,CUST00059,STORE0015,2026-07-12,Completed,PAY0002668
ORD0002937,CUST00150,STORE0005,2026-07-12,Completed,PAY0002937
ORD0003301,CUST00055,STORE0016,2026-07-12,Completed,PAY0003301
ORD0003420,CUST00032,STORE0010,2026-07-12,Completed,PAY0003420
ORD0003433,CUST00091,STORE0015,2026-07-12,Cancelled,PAY0003433
ORD0003951,CUST00048,STORE0004,2026-07-12,Completed,PAY0003951
ORD0000007,CUST00127,STORE0001,2026-07-13,Completed,PAY0000007
ORD0000297,CUST00134,STORE0013,2026-07-13,Completed,PAY0000297
ORD0000381,CUST00131,STORE0014,2026-07-13,Completed,PAY0000381
ORD0001173,CUST00026,STORE0001,2026-07-13,Completed,PAY0001173
ORD0001228,CUST00108,STORE0003,2026-07-13,Completed,PAY0001228
ORD0001242,CUST00080,STORE0003,2026-07-13,Completed,PAY0001242
ORD0002187,CUST00146,STORE0011,2026-07-13,Completed,PAY0002187
ORD0002260,CUST00070,STORE0014,2026-07-13,Completed,PAY0002260
ORD0002555,CUST00131,STORE0016,2026-07-13,Completed,PAY0002555
ORD0002739,CUST00136,STORE0012,2026-07-13,Completed,PAY0002739
ORD0002833,CUST00076,STORE0013,2026-07-13,Completed,PAY0002833
ORD0002977,CUST00072,STORE0006,2026-07-13,Completed,PAY0002977
ORD0003551,CUST00109,STORE0008,2026-07-13,Cancelled,PAY0003551
ORD0003583,CUST00029,STORE0013,2026-07-13,Completed,PAY0003583
ORD0003708,CUST00133,STORE0015,2026-07-13,Cancelled,PAY0003708
ORD0000330,CUST00021,STORE0006,2026-07-14,Completed,PAY0000330
ORD0000421,CUST00094,STORE0015,2026-07-14,Completed,PAY0000421
ORD0000463,CUST00052,STORE0018,2026-07-14,Completed,PAY0000463
ORD0000627,CUST00078,STORE0005,2026-07-14,Completed,PAY0000627
ORD0000782,CUST00085,STORE0015,2026-07-14,Completed,PAY0000782
ORD0000882,CUST00117,STORE0012,2026-07-14,Completed,PAY0000882
ORD0001325,CUST00116,STORE0008,2026-07-14,Completed,PAY0001325
ORD0001491,CUST00107,STORE0005,2026-07-14,Completed,PAY0001491
ORD0002517,CUST00046,STORE0005,2026-07-14,Completed,PAY0002517
ORD0002570,CUST00091,STORE0008,2026-07-14,Completed,PAY0002570
ORD0002642,CUST00009,STORE0013,2026-07-14,Completed,PAY0002642
ORD0002644,CUST00146,STORE0015,2026-07-14,Completed,PAY0002644
ORD0003005,CUST00005,STORE0016,2026-07-14,Completed,PAY0003005
ORD0003013,CUST00062,STORE0013,2026-07-14,Completed,PAY0003013
ORD0003069,CUST00052,STORE0006,2026-07-14,Completed,PAY0003069
ORD0003702,CUST00030,STORE0004,2026-07-14,Completed,PAY0003702
ORD0003852,CUST00070,STORE0016,2026-07-14,Completed,PAY0003852
ORD0004135,CUST00144,STORE0013,2026-07-14,Completed,PAY0004135
ORD0000684,CUST00140,STORE0014,2026-07-15,Completed,PAY0000684
ORD0001010,CUST00106,STORE0014,2026-07-15,Completed,PAY0001010
ORD0001072,CUST00089,STORE0003,2026-07-15,Completed,PAY0001072
ORD0001847,CUST00095,STORE0008,2026-07-15,Completed,PAY0001847
ORD0001954,CUST00045,STORE0008,2026-07-15,Completed,PAY0001954
ORD0002208,CUST00008,STORE0005,2026-07-15,Completed,PAY0002208
ORD0002835,CUST00021,STORE0004,2026-07-15,Completed,PAY0002835
ORD0002881,CUST00064,STORE0002,2026-07-15,Completed,PAY0002881
ORD0003313,CUST00050,STORE0016,2026-07-15,Completed,PAY0003313
ORD0003378,CUST00148,STORE0016,2026-07-15,Completed,PAY0003378
ORD0003497,CUST00025,STORE0007,2026-07-15,Completed,PAY0003497
ORD0003907,CUST00117,STORE0006,2026-07-15,Completed,PAY0003907
ORD0004011,CUST00119,STORE0010,2026-07-15,Completed,PAY0004011
ORD0000478,CUST00004,STORE0011,2026-07-16,Completed,PAY0000478
ORD0000723,CUST00129,STORE0002,2026-07-16,Completed,PAY0000723
ORD0000738,CUST00077,STORE0007,2026-07-16,Completed,PAY0000738
ORD0001208,CUST00117,STORE0017,2026-07-16,Completed,PAY0001208
ORD0001529,CUST00092,STORE0010,2026-07-16,Completed,PAY0001529
ORD0002166,CUST00029,STORE0013,2026-07-16,Completed,PAY0002166
ORD0002391,CUST00036,STORE0018,2026-07-16,Completed,PAY0002391
ORD0002680,CUST00087,STORE0009,2026-07-16,Completed,PAY0002680
ORD0002863,CUST00045,STORE0016,2026-07-16,Completed,PAY0002863
ORD0002950,CUST00079,STORE0009,2026-07-16,Completed,PAY0002950
ORD0003274,CUST00036,STORE0017,2026-07-16,Completed,PAY0003274
ORD0003350,CUST00001,STORE0011,2026-07-16,Completed,PAY0003350
ORD0003388,CUST00123,STORE0009,2026-07-16,Completed,PAY0003388
ORD0003622,CUST00046,STORE0009,2026-07-16,Completed,PAY0003622
ORD0003701,CUST00139,STORE0001,2026-07-16,Completed,PAY0003701
ORD0003797,CUST00125,STORE0001,2026-07-16,Completed,PAY0003797
ORD0000425,CUST00041,STORE0018,2026-07-17,Completed,PAY0000425
ORD0000508,CUST00132,STORE0003,2026-07-17,Completed,PAY0000508
ORD0000879,CUST00083,STORE0014,2026-07-17,Completed,PAY0000879
ORD0001547,CUST00003,STORE0002,2026-07-17,Completed,PAY0001547
ORD0001769,CUST00090,STORE0003,2026-07-17,Completed,PAY0001769
ORD0002051,CUST00017,STORE0004,2026-07-17,Completed,PAY0002051
ORD0002232,CUST00016,STORE0015,2026-07-17,Completed,PAY0002232
ORD0002321,CUST00041,STORE0007,2026-07-17,Completed,PAY0002321
ORD0002837,CUST00127,STORE0003,2026-07-17,Completed,PAY0002837
ORD0003078,CUST00146,STORE0017,2026-07-17,Completed,PAY0003078
ORD0003164,CUST00114,STORE0004,2026-07-17,Completed,PAY0003164
ORD0003485,CUST00126,STORE0006,2026-07-17,Completed,PAY0003485
ORD0003654,CUST00068,STORE0012,2026-07-17,Completed,PAY0003654
ORD0003922,CUST00131,STORE0003,2026-07-17,Completed,PAY0003922
ORD0004015,CUST00030,STORE0014,2026-07-17,Completed,PAY0004015
ORD0000941,CUST00148,STORE0014,2026-07-18,Completed,PAY0000941
ORD0001053,CUST00148,STORE0016,2026-07-18,Completed,PAY0001053
ORD0001147,CUST00101,STORE0015,2026-07-18,Completed,PAY0001147
ORD0001400,CUST00065,STORE0013,2026-07-18,Completed,PAY0001400
ORD0001579,CUST00131,STORE0007,2026-07-18,Completed,PAY0001579
ORD0001775,CUST00103,STORE0009,2026-07-18,Completed,PAY0001775
ORD0002353,CUST00005,STORE0017,2026-07-18,Completed,PAY0002353
ORD0002791,CUST00044,STORE0011,2026-07-18,Completed,PAY0002791
ORD0003173,CUST00030,STORE0015,2026-07-18,Completed,PAY0003173
ORD0003207,CUST00113,STORE0001,2026-07-18,Completed,PAY0003207
ORD0003598,CUST00066,STORE0018,2026-07-18,Completed,PAY0003598
ORD0003684,CUST00051,STORE0017,2026-07-18,Completed,PAY0003684
ORD0003823,CUST00085,STORE0008,2026-07-18,Completed,PAY0003823
ORD0000136,CUST00012,STORE0014,2026-07-19,Cancelled,PAY0000136
ORD0000614,CUST00137,STORE0017,2026-07-19,Completed,PAY0000614
ORD0001099,CUST00012,STORE0012,2026-07-19,Completed,PAY0001099
ORD0001537,CUST00038,STORE0016,2026-07-19,Completed,PAY0001537
ORD0001830,CUST00056,STORE0012,2026-07-19,Completed,PAY0001830
ORD0002170,CUST00065,STORE0015,2026-07-19,Completed,PAY0002170
ORD0002216,CUST00120,STORE0015,2026-07-19,Completed,PAY0002216
ORD0002331,CUST00075,STORE0001,2026-07-19,Completed,PAY0002331
ORD0002573,CUST00052,STORE0014,2026-07-19,Completed,PAY0002573
ORD0002625,CUST00005,STORE0015,2026-07-19,Completed,PAY0002625
ORD0003106,CUST00090,STORE0005,2026-07-19,Completed,PAY0003106
ORD0003180,CUST00082,STORE0016,2026-07-19,Completed,PAY0003180
ORD0003717,CUST00030,STORE0009,2026-07-19,Completed,PAY0003717
ORD0000131,CUST00068,STORE0011,2026-07-20,Completed,PAY0000131
ORD0000211,CUST00136,STORE0017,2026-07-20,Completed,PAY0000211
ORD0000581,CUST00134,STORE0013,2026-07-20,Completed,PAY0000581
ORD0001196,CUST00120,STORE0012,2026-07-20,Completed,PAY0001196
ORD0001363,CUST00077,STORE0003,2026-07-20,Completed,PAY0001363
ORD0001525,CUST00108,STORE0014,2026-07-20,Completed,PAY0001525
ORD0001532,CUST00097,STORE0018,2026-07-20,Completed,PAY0001532
ORD0002057,CUST00142,STORE0005,2026-07-20,Completed,PAY0002057
ORD0002459,CUST00147,STORE0006,2026-07-20,Completed,PAY0002459
ORD0002582,CUST00138,STORE0006,2026-07-20,Completed,PAY0002582
ORD0002639,CUST00062,STORE0002,2026-07-20,Cancelled,PAY0002639
ORD0002807,CUST00023,STORE0013,2026-07-20,Completed,PAY0002807
ORD0003011,CUST00024,STORE0013,2026-07-20,Completed,PAY0003011
ORD0003065,CUST00106,STORE0018,2026-07-20,Completed,PAY0003065
ORD0003328,CUST00113,STORE0003,2026-07-20,Completed,PAY0003328
ORD0003358,CUST00103,STORE0010,2026-07-20,Cancelled,PAY0003358
ORD0003454,CUST00079,STORE0006,2026-07-20,Completed,PAY0003454
ORD0003501,CUST00010,STORE0001,2026-07-20,Completed,PAY0003501
ORD0000475,CUST00147,STORE0007,2026-07-21,Cancelled,PAY0000475
ORD0000539,CUST00141,STORE0007,2026-07-21,Completed,PAY0000539
ORD0000718,CUST00083,STORE0016,2026-07-21,Completed,PAY0000718
ORD0001050,CUST00123,STORE0007,2026-07-21,Completed,PAY0001050
ORD0001634,CUST00053,STORE0014,2026-07-21,Completed,PAY0001634
ORD0001791,CUST00080,STORE0005,2026-07-21,Completed,PAY0001791
ORD0001848,CUST00099,STORE0014,2026-07-21,Completed,PAY0001848
ORD0002148,CUST00076,STORE0007,2026-07-21,Completed,PAY0002148
ORD0002199,CUST00004,STORE0001,2026-07-21,Completed,PAY0002199
ORD0002483,CUST00121,STORE0014,2026-07-21,Cancelled,PAY0002483
ORD0002857,CUST00040,STORE0004,2026-07-21,Completed,PAY0002857
ORD0003926,CUST00016,STORE0001,2026-07-21,Completed,PAY0003926
ORD0000099,CUST00034,STORE0008,2026-07-22,Completed,PAY0000099
ORD0000151,CUST00034,STORE0006,2026-07-22,Completed,PAY0000151
ORD0000360,CUST00014,STORE0002,2026-07-22,Completed,PAY0000360
ORD0000538,CUST00006,STORE0001,2026-07-22,Completed,PAY0000538
ORD0000577,CUST00129,STORE0007,2026-07-22,Completed,PAY0000577
ORD0000589,CUST00136,STORE0010,2026-07-22,Completed,PAY0000589
ORD0000651,CUST00083,STORE0017,2026-07-22,Completed,PAY0000651
ORD0000698,CUST00065,STORE0010,2026-07-22,Completed,PAY0000698
ORD0001377,CUST00052,STORE0005,2026-07-22,Completed,PAY0001377
ORD0001409,CUST00005,STORE0014,2026-07-22,Completed,PAY0001409
ORD0002316,CUST00113,STORE0004,2026-07-22,Completed,PAY0002316
ORD0002754,CUST00013,STORE0013,2026-07-22,Completed,PAY0002754
ORD0003159,CUST00028,STORE0002,2026-07-22,Completed,PAY0003159
ORD0003242,CUST00082,STORE0018,2026-07-22,Completed,PAY0003242
ORD0003593,CUST00066,STORE0004,2026-07-22,Completed,PAY0003593
ORD0000027,CUST00015,STORE0008,2026-07-23,Completed,PAY0000027
ORD0000034,CUST00117,STORE0016,2026-07-23,Completed,PAY0000034
ORD0000831,CUST00011,STORE0004,2026-07-23,Cancelled,PAY0000831
ORD0000965,CUST00096,STORE0008,2026-07-23,Completed,PAY0000965
ORD0001401,CUST00098,STORE0012,2026-07-23,Completed,PAY0001401
ORD0001489,CUST00146,STORE0004,2026-07-23,Completed,PAY0001489
ORD0001632,CUST00137,STORE0002,2026-07-23,Completed,PAY0001632
ORD0002237,CUST00006,STORE0014,2026-07-23,Completed,PAY0002237
ORD0002601,CUST00083,STORE0015,2026-07-23,Cancelled,PAY0002601
ORD0002842,CUST00141,STORE0006,2026-07-23,Completed,PAY0002842
ORD0003250,CUST00058,STORE0007,2026-07-23,Completed,PAY0003250
ORD0003986,CUST00119,STORE0009,2026-07-23,Completed,PAY0003986
ORD0004028,CUST00049,STORE0007,2026-07-23,Completed,PAY0004028
ORD0004165,CUST00025,STORE0007,2026-07-23,Completed,PAY0004165
ORD0000154,CUST00078,STORE0013,2026-07-24,Completed,PAY0000154
ORD0000228,CUST00122,STORE0004,2026-07-24,Completed,PAY0000228
ORD0000356,CUST00125,STORE0018,2026-07-24,Completed,PAY0000356
ORD0000409,CUST00075,STORE0016,2026-07-24,Completed,PAY0000409
ORD0000487,CUST00094,STORE0016,2026-07-24,Completed,PAY0000487
ORD0001025,CUST00114,STORE0015,2026-07-24,Completed,PAY0001025
ORD0001123,CUST00086,STORE0004,2026-07-24,Completed,PAY0001123
ORD0001290,CUST00039,STORE0006,2026-07-24,Completed,PAY0001290
ORD0001362,CUST00094,STORE0016,2026-07-24,Completed,PAY0001362
ORD0001575,CUST00114,STORE0011,2026-07-24,Completed,PAY0001575
ORD0001643,CUST00096,STORE0018,2026-07-24,Completed,PAY0001643
ORD0001644,CUST00105,STORE0012,2026-07-24,Completed,PAY0001644
ORD0002068,CUST00146,STORE0009,2026-07-24,Completed,PAY0002068
ORD0002467,CUST00087,STORE0008,2026-07-24,Completed,PAY0002467
ORD0002704,CUST00015,STORE0001,2026-07-24,Completed,PAY0002704
ORD0002716,CUST00149,STORE0013,2026-07-24,Completed,PAY0002716
ORD0003014,CUST00008,STORE0016,2026-07-24,Completed,PAY0003014
ORD0003510,CUST00129,STORE0007,2026-07-24,Completed,PAY0003510
ORD0003633,CUST00058,STORE0003,2026-07-24,Cancelled,PAY0003633
ORD0000224,CUST00085,STORE0013,2026-07-25,Completed,PAY0000224
ORD0000405,CUST00078,STORE0015,2026-07-25,Completed,PAY0000405
ORD0000535,CUST00033,STORE0010,2026-07-25,Completed,PAY0000535
ORD0000624,CUST00133,STORE0010,2026-07-25,Completed,PAY0000624
ORD0000795,CUST00030,STORE0009,2026-07-25,Completed,PAY0000795
ORD0000992,CUST00141,STORE0007,2026-07-25,Completed,PAY0000992
ORD0001198,CUST00043,STORE0003,2026-07-25,Completed,PAY0001198
ORD0001249,CUST00041,STORE0009,2026-07-25,Completed,PAY0001249
ORD0001504,CUST00010,STORE0004,2026-07-25,Cancelled,PAY0001504
ORD0001587,CUST00081,STORE0016,2026-07-25,Completed,PAY0001587
ORD0002336,CUST00092,STORE0012,2026-07-25,Completed,PAY0002336
ORD0002598,CUST00146,STORE0016,2026-07-25,Completed,PAY0002598
ORD0002693,CUST00107,STORE0003,2026-07-25,Completed,PAY0002693
ORD0002961,CUST00003,STORE0013,2026-07-25,Completed,PAY0002961
ORD0003041,CUST00058,STORE0012,2026-07-25,Completed,PAY0003041
ORD0003092,CUST00097,STORE0003,2026-07-25,Completed,PAY0003092
ORD0003208,CUST00096,STORE0005,2026-07-25,Completed,PAY0003208
ORD0003309,CUST00105,STORE0014,2026-07-25,Completed,PAY0003309
ORD0003630,CUST00035,STORE0002,2026-07-25,Completed,PAY0003630
ORD0003664,CUST00015,STORE0005,2026-07-25,Completed,PAY0003664
ORD0003745,CUST00062,STORE0014,2026-07-25,Completed,PAY0003745
ORD0003878,CUST00043,STORE0011,2026-07-25,Completed,PAY0003878
ORD0003993,CUST00090,STORE0004,2026-07-25,Completed,PAY0003993
ORD0000334,CUST00076,STORE0004,2026-07-26,Completed,PAY0000334
ORD0000652,CUST00046,STORE0015,2026-07-26,Completed,PAY0000652
ORD0000797,CUST00055,STORE0006,2026-07-26,Completed,PAY0000797
ORD0001003,CUST00021,STORE0012,2026-07-26,Completed,PAY0001003
ORD0001061,CUST00062,STORE0013,2026-07-26,Completed,PAY0001061
ORD0001159,CUST00027,STORE0018,2026-07-26,Completed,PAY0001159
ORD0001852,CUST00014,STORE0012,2026-07-26,Completed,PAY0001852
ORD0001914,CUST00136,STORE0003,2026-07-26,Completed,PAY0001914
ORD0002088,CUST00078,STORE0003,2026-07-26,Completed,PAY0002088
ORD0002163,CUST00021,STORE0004,2026-07-26,Completed,PAY0002163
ORD0002492,CUST00101,STORE0003,2026-07-26,Completed,PAY0002492
ORD0002600,CUST00053,STORE0018,2026-07-26,Completed,PAY0002600
ORD0002978,CUST00018,STORE0001,2026-07-26,Completed,PAY0002978
ORD0003149,CUST00097,STORE0007,2026-07-26,Completed,PAY0003149
ORD0003372,CUST00069,STORE0008,2026-07-26,Completed,PAY0003372
ORD0003409,CUST00149,STORE0015,2026-07-26,Completed,PAY0003409
ORD0004149,CUST00073,STORE0012,2026-07-26,Completed,PAY0004149
ORD0000639,CUST00053,STORE0016,2026-07-27,Completed,PAY0000639
ORD0001324,CUST00057,STORE0017,2026-07-27,Completed,PAY0001324
ORD0001470,CUST00125,STORE0014,2026-07-27,Completed,PAY0001470
ORD0001545,CUST00004,STORE0011,2026-07-27,Completed,PAY0001545
ORD0001910,CUST00104,STORE0003,2026-07-27,Completed,PAY0001910
ORD0002066,CUST00028,STORE0005,2026-07-27,Completed,PAY0002066
ORD0002075,CUST00011,STORE0003,2026-07-27,Completed,PAY0002075
ORD0002383,CUST00128,STORE0005,2026-07-27,Completed,PAY0002383
ORD0002859,CUST00077,STORE0011,2026-07-27,Completed,PAY0002859
ORD0003292,CUST00005,STORE0007,2026-07-27,Completed,PAY0003292
ORD0003650,CUST00103,STORE0004,2026-07-27,Completed,PAY0003650
ORD0003762,CUST00008,STORE0001,2026-07-27,Completed,PAY0003762
ORD0003997,CUST00087,STORE0001,2026-07-27,Completed,PAY0003997
ORD0000293,CUST00063,STORE0016,2026-07-28,Completed,PAY0000293
ORD0000363,CUST00057,STORE0003,2026-07-28,Completed,PAY0000363
ORD0000540,CUST00034,STORE0016,2026-07-28,Completed,PAY0000540
ORD0000783,CUST00082,STORE0004,2026-07-28,Completed,PAY0000783
ORD0000791,CUST00054,STORE0012,2026-07-28,Completed,PAY0000791
ORD0001152,CUST00119,STORE0001,2026-07-28,Completed,PAY0001152
ORD0001222,CUST00136,STORE0015,2026-07-28,Completed,PAY0001222
ORD0001637,CUST00050,STORE0018,2026-07-28,Completed,PAY0001637
ORD0002076,CUST00147,STORE0018,2026-07-28,Completed,PAY0002076
ORD0003128,CUST00131,STORE0009,2026-07-28,Completed,PAY0003128
ORD0003174,CUST00063,STORE0011,2026-07-28,Completed,PAY0003174
ORD0003256,CUST00145,STORE0008,2026-07-28,Completed,PAY0003256
ORD0004081,CUST00011,STORE0017,2026-07-28,Cancelled,PAY0004081
ORD0000288,CUST00029,STORE0014,2026-07-29,Completed,PAY0000288
ORD0000554,CUST00129,STORE0004,2026-07-29,Completed,PAY0000554
ORD0001092,CUST00026,STORE0011,2026-07-29,Completed,PAY0001092
ORD0001248,CUST00130,STORE0015,2026-07-29,Completed,PAY0001248
ORD0001257,CUST00143,STORE0008,2026-07-29,Completed,PAY0001257
ORD0002375,CUST00110,STORE0014,2026-07-29,Completed,PAY0002375
ORD0002770,CUST00045,STORE0009,2026-07-29,Completed,PAY0002770
ORD0002919,CUST00065,STORE0016,2026-07-29,Completed,PAY0002919
ORD0003068,CUST00040,STORE0002,2026-07-29,Completed,PAY0003068
ORD0003223,CUST00052,STORE0005,2026-07-29,Cancelled,PAY0003223
ORD0004001,CUST00126,STORE0012,2026-07-29,Completed,PAY0004001
ORD0000111,CUST00127,STORE0002,2026-07-30,Completed,PAY0000111
ORD0000249,CUST00039,STORE0017,2026-07-30,Completed,PAY0000249
ORD0000694,CUST00044,STORE0018,2026-07-30,Completed,PAY0000694
ORD0000786,CUST00122,STORE0008,2026-07-30,Cancelled,PAY0000786
ORD0001052,CUST00103,STORE0001,2026-07-30,Completed,PAY0001052
ORD0001115,CUST00052,STORE0012,2026-07-30,Completed,PAY0001115
ORD0001135,CUST00009,STORE0009,2026-07-30,Completed,PAY0001135
ORD0001538,CUST00037,STORE0012,2026-07-30,Completed,PAY0001538
ORD0001540,CUST00036,STORE0001,2026-07-30,Cancelled,PAY0001540
ORD0001817,CUST00096,STORE0001,2026-07-30,Completed,PAY0001817
ORD0002307,CUST00064,STORE0014,2026-07-30,Completed,PAY0002307
ORD0002856,CUST00016,STORE0009,2026-07-30,Completed,PAY0002856
ORD0003046,CUST00141,STORE0009,2026-07-30,Completed,PAY0003046
ORD0003161,CUST00002,STORE0010,2026-07-30,Completed,PAY0003161
ORD0003212,CUST00119,STORE0017,2026-07-30,Completed,PAY0003212
ORD0003930,CUST00064,STORE0007,2026-07-30,Completed,PAY0003930
ORD0004126,CUST00035,STORE0018,2026-07-30,Completed,PAY0004126
ORD0004142,CUST00004,STORE0017,2026-07-30,Completed,PAY0004142
ORD0000109,CUST00099,STORE0012,2026-07-31,Completed,PAY0000109
ORD0000980,CUST00014,STORE0010,2026-07-31,Completed,PAY0000980
ORD0001154,CUST00040,STORE0007,2026-07-31,Completed,PAY0001154
ORD0001375,CUST00051,STORE0001,2026-07-31,Completed,PAY0001375
ORD0001854,CUST00137,STORE0008,2026-07-31,Completed,PAY0001854
ORD0002014,CUST00114,STORE0008,2026-07-31,Completed,PAY0002014
ORD0002334,CUST00092,STORE0004,2026-07-31,Completed,PAY0002334
ORD0002400,CUST00130,STORE0008,2026-07-31,Completed,PAY0002400
ORD0003724,CUST00143,STORE0009,2026-07-31,Completed,PAY0003724
ORD0003873,CUST00031,STORE0002,2026-07-31,Completed,PAY0003873
ORD0000272,CUST00082,STORE0003,2026-08-01,Completed,PAY0000272
ORD0000377,CUST00110,STORE0016,2026-08-01,Completed,PAY0000377
ORD0000766,CUST00010,STORE0002,2026-08-01,Completed,PAY0000766
ORD0000979,CUST00113,STORE0013,2026-08-01,Completed,PAY0000979
ORD0000991,CUST00131,STORE0014,2026-08-01,Cancelled,PAY0000991
ORD0001076,CUST00057,STORE0015,2026-08-01,Completed,PAY0001076
ORD0001951,CUST00064,STORE0009,2026-08-01,Completed,PAY0001951
ORD0002281,CUST00039,STORE0009,2026-08-01,Completed,PAY0002281
ORD0002425,CUST00090,STORE0014,2026-08-01,Cancelled,PAY0002425
ORD0002489,CUST00060,STORE0012,2026-08-01,Completed,PAY0002489
ORD0003171,CUST00144,STORE0010,2026-08-01,Completed,PAY0003171
ORD0003614,CUST00068,STORE0012,2026-08-01,Completed,PAY0003614
ORD0003929,CUST00050,STORE0004,2026-08-01,Completed,PAY0003929
ORD0004108,CUST00057,STORE0018,2026-08-01,Completed,PAY0004108
ORD0000017,CUST00052,STORE0004,2026-08-02,Completed,PAY0000017
ORD0000567,CUST00124,STORE0014,2026-08-02,Completed,PAY0000567
ORD0000660,CUST00090,STORE0001,2026-08-02,Completed,PAY0000660
ORD0000724,CUST00014,STORE0008,2026-08-02,Completed,PAY0000724
ORD0000749,CUST00096,STORE0017,2026-08-02,Completed,PAY0000749
ORD0000809,CUST00043,STORE0002,2026-08-02,Completed,PAY0000809
ORD0000856,CUST00067,STORE0008,2026-08-02,Completed,PAY0000856
ORD0001032,CUST00122,STORE0013,2026-08-02,Completed,PAY0001032
ORD0002072,CUST00105,STORE0017,2026-08-02,Completed,PAY0002072
ORD0002622,CUST00072,STORE0009,2026-08-02,Completed,PAY0002622
ORD0002834,CUST00073,STORE0013,2026-08-02,Completed,PAY0002834
ORD0003213,CUST00079,STORE0008,2026-08-02,Completed,PAY0003213
ORD0003482,CUST00080,STORE0016,2026-08-02,Completed,PAY0003482
ORD0003544,CUST00089,STORE0016,2026-08-02,Completed,PAY0003544
ORD0003791,CUST00025,STORE0010,2026-08-02,Cancelled,PAY0003791
ORD0000059,CUST00082,STORE0002,2026-08-03,Completed,PAY0000059
ORD0000142,CUST00078,STORE0015,2026-08-03,Completed,PAY0000142
ORD0000371,CUST00077,STORE0011,2026-08-03,Completed,PAY0000371
ORD0001258,CUST00027,STORE0014,2026-08-03,Completed,PAY0001258
ORD0002228,CUST00068,STORE0009,2026-08-03,Completed,PAY0002228
ORD0002559,CUST00149,STORE0016,2026-08-03,Completed,PAY0002559
ORD0001171,CUST00017,STORE0012,2026-08-04,Completed,PAY0001171
ORD0001524,CUST00130,STORE0013,2026-08-04,Completed,PAY0001524
ORD0001707,CUST00033,STORE0002,2026-08-04,Completed,PAY0001707
ORD0001982,CUST00016,STORE0008,2026-08-04,Completed,PAY0001982
ORD0002093,CUST00055,STORE0010,2026-08-04,Completed,PAY0002093
ORD0002239,CUST00007,STORE0007,2026-08-04,Cancelled,PAY0002239
ORD0002240,CUST00076,STORE0014,2026-08-04,Completed,PAY0002240
ORD0002275,CUST00043,STORE0012,2026-08-04,Completed,PAY0002275
ORD0002340,CUST00081,STORE0015,2026-08-04,Completed,PAY0002340
ORD0002530,CUST00101,STORE0006,2026-08-04,Cancelled,PAY0002530
ORD0002748,CUST00122,STORE0012,2026-08-04,Completed,PAY0002748
ORD0002852,CUST00008,STORE0008,2026-08-04,Completed,PAY0002852
ORD0002952,CUST00128,STORE0017,2026-08-04,Completed,PAY0002952
ORD0003063,CUST00058,STORE0014,2026-08-04,Completed,PAY0003063
ORD0003153,CUST00032,STORE0011,2026-08-04,Completed,PAY0003153
ORD0003890,CUST00036,STORE0004,2026-08-04,Completed,PAY0003890
ORD0004005,CUST00031,STORE0005,2026-08-04,Completed,PAY0004005
ORD0000134,CUST00137,STORE0018,2026-08-05,Completed,PAY0000134
ORD0000384,CUST00011,STORE0006,2026-08-05,Completed,PAY0000384
ORD0000434,CUST00099,STORE0001,2026-08-05,Completed,PAY0000434
ORD0001392,CUST00069,STORE0013,2026-08-05,Completed,PAY0001392
ORD0001395,CUST00032,STORE0018,2026-08-05,Completed,PAY0001395
ORD0001995,CUST00055,STORE0004,2026-08-05,Completed,PAY0001995
ORD0002407,CUST00065,STORE0009,2026-08-05,Completed,PAY0002407
ORD0002426,CUST00129,STORE0015,2026-08-05,Completed,PAY0002426
ORD0002755,CUST00075,STORE0006,2026-08-05,Completed,PAY0002755
ORD0003468,CUST00045,STORE0010,2026-08-05,Completed,PAY0003468
ORD0000003,CUST00121,STORE0014,2026-08-06,Completed,PAY0000003
ORD0000290,CUST00149,STORE0010,2026-08-06,Completed,PAY0000290
ORD0000414,CUST00006,STORE0018,2026-08-06,Completed,PAY0000414
ORD0000863,CUST00112,STORE0001,2026-08-06,Completed,PAY0000863
ORD0000961,CUST00085,STORE0006,2026-08-06,Completed,PAY0000961
ORD0001129,CUST00043,STORE0013,2026-08-06,Completed,PAY0001129
ORD0001922,CUST00114,STORE0002,2026-08-06,Completed,PAY0001922
ORD0002089,CUST00093,STORE0001,2026-08-06,Completed,PAY0002089
ORD0002108,CUST00068,STORE0016,2026-08-06,Completed,PAY0002108
ORD0002150,CUST00057,STORE0015,2026-08-06,Completed,PAY0002150
ORD0002410,CUST00002,STORE0018,2026-08-06,Completed,PAY0002410
ORD0002817,CUST00148,STORE0004,2026-08-06,Completed,PAY0002817
ORD0002873,CUST00053,STORE0004,2026-08-06,Completed,PAY0002873
ORD0003970,CUST00002,STORE0005,2026-08-06,Completed,PAY0003970
ORD0000159,CUST00141,STORE0012,2026-08-07,Completed,PAY0000159
ORD0000227,CUST00059,STORE0016,2026-08-07,Completed,PAY0000227
ORD0000234,CUST00005,STORE0015,2026-08-07,Completed,PAY0000234
ORD0000676,CUST00119,STORE0011,2026-08-07,Completed,PAY0000676
ORD0000714,CUST00129,STORE0006,2026-08-07,Completed,PAY0000714
ORD0000896,CUST00051,STORE0017,2026-08-07,Completed,PAY0000896
ORD0001106,CUST00008,STORE0008,2026-08-07,Completed,PAY0001106
ORD0001425,CUST00053,STORE0015,2026-08-07,Completed,PAY0001425
ORD0001530,CUST00005,STORE0013,2026-08-07,Completed,PAY0001530
ORD0001783,CUST00013,STORE0009,2026-08-07,Completed,PAY0001783
ORD0002024,CUST00080,STORE0016,2026-08-07,Completed,PAY0002024
ORD0002033,CUST00038,STORE0015,2026-08-07,Completed,PAY0002033
ORD0002839,CUST00069,STORE0002,2026-08-07,Completed,PAY0002839
ORD0002871,CUST00114,STORE0004,2026-08-07,Completed,PAY0002871
ORD0002886,CUST00057,STORE0006,2026-08-07,Cancelled,PAY0002886
ORD0002898,CUST00116,STORE0004,2026-08-07,Completed,PAY0002898
ORD0004035,CUST00092,STORE0015,2026-08-07,Completed,PAY0004035
ORD0000240,CUST00094,STORE0005,2026-08-08,Completed,PAY0000240
ORD0000504,CUST00030,STORE0006,2026-08-08,Completed,PAY0000504
ORD0001188,CUST00055,STORE0017,2026-08-08,Completed,PAY0001188
ORD0001628,CUST00102,STORE0002,2026-08-08,Completed,PAY0001628
ORD0001802,CUST00067,STORE0016,2026-08-08,Cancelled,PAY0001802
ORD0001961,CUST00132,STORE0008,2026-08-08,Completed,PAY0001961
ORD0002144,CUST00024,STORE0012,2026-08-08,Completed,PAY0002144
ORD0002212,CUST00105,STORE0007,2026-08-08,Completed,PAY0002212
ORD0002396,CUST00027,STORE0013,2026-08-08,Completed,PAY0002396
ORD0002460,CUST00016,STORE0014,2026-08-08,Completed,PAY0002460
ORD0002780,CUST00130,STORE0014,2026-08-08,Completed,PAY0002780
ORD0002832,CUST00053,STORE0011,2026-08-08,Completed,PAY0002832
ORD0003148,CUST00094,STORE0015,2026-08-08,Completed,PAY0003148
ORD0003204,CUST00061,STORE0012,2026-08-08,Completed,PAY0003204
ORD0003206,CUST00040,STORE0017,2026-08-08,Completed,PAY0003206
ORD0003327,CUST00027,STORE0009,2026-08-08,Completed,PAY0003327
ORD0003667,CUST00129,STORE0001,2026-08-08,Completed,PAY0003667
ORD0000086,CUST00148,STORE0014,2026-08-09,Completed,PAY0000086
ORD0000169,CUST00066,STORE0006,2026-08-09,Completed,PAY0000169
ORD0000552,CUST00049,STORE0018,2026-08-09,Completed,PAY0000552
ORD0000648,CUST00045,STORE0013,2026-08-09,Completed,PAY0000648
ORD0000712,CUST00009,STORE0001,2026-08-09,Completed,PAY0000712
ORD0001046,CUST00067,STORE0004,2026-08-09,Completed,PAY0001046
ORD0001299,CUST00061,STORE0016,2026-08-09,Completed,PAY0001299
ORD0002181,CUST00126,STORE0016,2026-08-09,Completed,PAY0002181
ORD0002522,CUST00002,STORE0006,2026-08-09,Completed,PAY0002522
ORD0002729,CUST00103,STORE0010,2026-08-09,Completed,PAY0002729
ORD0002932,CUST00075,STORE0009,2026-08-09,Completed,PAY0002932
ORD0003039,CUST00083,STORE0017,2026-08-09,Completed,PAY0003039
ORD0003541,CUST00108,STORE0005,2026-08-09,Completed,PAY0003541
ORD0003546,CUST00003,STORE0012,2026-08-09,Cancelled,PAY0003546
ORD0003658,CUST00089,STORE0005,2026-08-09,Completed,PAY0003658
ORD0003751,CUST00065,STORE0016,2026-08-09,Completed,PAY0003751
ORD0004065,CUST00022,STORE0014,2026-08-09,Completed,PAY0004065
ORD0000188,CUST00147,STORE0013,2026-08-10,Completed,PAY0000188
ORD0000235,CUST00074,STORE0016,2026-08-10,Completed,PAY0000235
ORD0001086,CUST00123,STORE0018,2026-08-10,Completed,PAY0001086
ORD0001349,CUST00135,STORE0012,2026-08-10,Completed,PAY0001349
ORD0001978,CUST00146,STORE0001,2026-08-10,Completed,PAY0001978
ORD0002034,CUST00063,STORE0018,2026-08-10,Completed,PAY0002034
ORD0002200,CUST00097,STORE0013,2026-08-10,Completed,PAY0002200
ORD0003277,CUST00044,STORE0004,2026-08-10,Completed,PAY0003277
ORD0003294,CUST00012,STORE0015,2026-08-10,Completed,PAY0003294
ORD0004053,CUST00106,STORE0003,2026-08-10,Completed,PAY0004053
ORD0000052,CUST00142,STORE0002,2026-08-11,Cancelled,PAY0000052
ORD0000378,CUST00027,STORE0007,2026-08-11,Completed,PAY0000378
ORD0000483,CUST00121,STORE0017,2026-08-11,Completed,PAY0000483
ORD0000947,CUST00114,STORE0001,2026-08-11,Completed,PAY0000947
ORD0001265,CUST00060,STORE0006,2026-08-11,Cancelled,PAY0001265
ORD0001454,CUST00021,STORE0001,2026-08-11,Cancelled,PAY0001454
ORD0001589,CUST00015,STORE0001,2026-08-11,Completed,PAY0001589
ORD0001736,CUST00078,STORE0014,2026-08-11,Completed,PAY0001736
ORD0002418,CUST00113,STORE0001,2026-08-11,Cancelled,PAY0002418
ORD0002465,CUST00064,STORE0014,2026-08-11,Completed,PAY0002465
ORD0002475,CUST00056,STORE0011,2026-08-11,Completed,PAY0002475
ORD0002612,CUST00019,STORE0005,2026-08-11,Completed,PAY0002612
ORD0003369,CUST00133,STORE0011,2026-08-11,Completed,PAY0003369
ORD0003421,CUST00150,STORE0011,2026-08-11,Completed,PAY0003421
ORD0003578,CUST00015,STORE0014,2026-08-11,Completed,PAY0003578
ORD0003883,CUST00121,STORE0012,2026-08-11,Completed,PAY0003883
ORD0004153,CUST00109,STORE0013,2026-08-11,Completed,PAY0004153
ORD0000043,CUST00035,STORE0012,2026-08-12,Completed,PAY0000043
ORD0000128,CUST00023,STORE0002,2026-08-12,Completed,PAY0000128
ORD0000244,CUST00144,STORE0005,2026-08-12,Completed,PAY0000244
ORD0000383,CUST00146,STORE0006,2026-08-12,Completed,PAY0000383
ORD0000407,CUST00119,STORE0018,2026-08-12,Completed,PAY0000407
ORD0000628,CUST00060,STORE0016,2026-08-12,Completed,PAY0000628
ORD0000677,CUST00099,STORE0013,2026-08-12,Completed,PAY0000677
ORD0000780,CUST00139,STORE0002,2026-08-12,Completed,PAY0000780
ORD0001012,CUST00037,STORE0008,2026-08-12,Completed,PAY0001012
ORD0001051,CUST00080,STORE0015,2026-08-12,Cancelled,PAY0001051
ORD0001390,CUST00052,STORE0002,2026-08-12,Completed,PAY0001390
ORD0001600,CUST00093,STORE0010,2026-08-12,Completed,PAY0001600
ORD0001926,CUST00035,STORE0018,2026-08-12,Completed,PAY0001926
ORD0001965,CUST00126,STORE0003,2026-08-12,Completed,PAY0001965
ORD0001970,CUST00138,STORE0004,2026-08-12,Completed,PAY0001970
ORD0002094,CUST00109,STORE0015,2026-08-12,Completed,PAY0002094
ORD0002414,CUST00047,STORE0005,2026-08-12,Completed,PAY0002414
ORD0002690,CUST00113,STORE0008,2026-08-12,Completed,PAY0002690
ORD0003001,CUST00061,STORE0009,2026-08-12,Completed,PAY0003001
ORD0003136,CUST00027,STORE0014,2026-08-12,Completed,PAY0003136
ORD0003380,CUST00057,STORE0003,2026-08-12,Completed,PAY0003380
ORD0004039,CUST00128,STORE0014,2026-08-12,Completed,PAY0004039
ORD0000041,CUST00023,STORE0004,2026-08-13,Completed,PAY0000041
ORD0000177,CUST00126,STORE0013,2026-08-13,Completed,PAY0000177
ORD0000479,CUST00099,STORE0011,2026-08-13,Completed,PAY0000479
ORD0000750,CUST00031,STORE0016,2026-08-13,Completed,PAY0000750
ORD0001011,CUST00087,STORE0011,2026-08-13,Cancelled,PAY0001011
ORD0001175,CUST00139,STORE0004,2026-08-13,Completed,PAY0001175
ORD0001932,CUST00047,STORE0009,2026-08-13,Completed,PAY0001932
ORD0002325,CUST00138,STORE0017,2026-08-13,Completed,PAY0002325
ORD0002507,CUST00123,STORE0006,2026-08-13,Completed,PAY0002507
ORD0002990,CUST00043,STORE0012,2026-08-13,Completed,PAY0002990
ORD0003037,CUST00016,STORE0005,2026-08-13,Completed,PAY0003037
ORD0003626,CUST00057,STORE0006,2026-08-13,Completed,PAY0003626
ORD0003716,CUST00139,STORE0012,2026-08-13,Completed,PAY0003716
ORD0004116,CUST00137,STORE0007,2026-08-13,Completed,PAY0004116
ORD0004191,CUST00108,STORE0004,2026-08-13,Completed,PAY0004191
ORD0000199,CUST00069,STORE0004,2026-08-14,Completed,PAY0000199
ORD0000499,CUST00118,STORE0017,2026-08-14,Completed,PAY0000499
ORD0000622,CUST00070,STORE0018,2026-08-14,Completed,PAY0000622
ORD0000657,CUST00087,STORE0003,2026-08-14,Completed,PAY0000657
ORD0000865,CUST00020,STORE0016,2026-08-14,Completed,PAY0000865
ORD0001074,CUST00013,STORE0007,2026-08-14,Completed,PAY0001074
ORD0001163,CUST00073,STORE0010,2026-08-14,Completed,PAY0001163
ORD0002035,CUST00033,STORE0001,2026-08-14,Completed,PAY0002035
ORD0002095,CUST00056,STORE0001,2026-08-14,Completed,PAY0002095
ORD0002177,CUST00048,STORE0008,2026-08-14,Completed,PAY0002177
ORD0002592,CUST00067,STORE0007,2026-08-14,Completed,PAY0002592
ORD0002637,CUST00141,STORE0006,2026-08-14,Completed,PAY0002637
ORD0002861,CUST00011,STORE0002,2026-08-14,Completed,PAY0002861
ORD0003227,CUST00044,STORE0016,2026-08-14,Completed,PAY0003227
ORD0003391,CUST00027,STORE0010,2026-08-14,Completed,PAY0003391
ORD0003478,CUST00115,STORE0015,2026-08-14,Completed,PAY0003478
ORD0003560,CUST00006,STORE0004,2026-08-14,Completed,PAY0003560
ORD0000342,CUST00117,STORE0007,2026-08-15,Completed,PAY0000342
ORD0000937,CUST00067,STORE0011,2026-08-15,Completed,PAY0000937
ORD0001263,CUST00115,STORE0016,2026-08-15,Completed,PAY0001263
ORD0001311,CUST00134,STORE0001,2026-08-15,Completed,PAY0001311
ORD0001398,CUST00118,STORE0014,2026-08-15,Completed,PAY0001398
ORD0001571,CUST00115,STORE0015,2026-08-15,Completed,PAY0001571
ORD0001739,CUST00058,STORE0009,2026-08-15,Completed,PAY0001739
ORD0002103,CUST00099,STORE0012,2026-08-15,Completed,PAY0002103
ORD0002210,CUST00033,STORE0003,2026-08-15,Completed,PAY0002210
ORD0002311,CUST00072,STORE0004,2026-08-15,Completed,PAY0002311
ORD0002312,CUST00054,STORE0012,2026-08-15,Completed,PAY0002312
ORD0002615,CUST00008,STORE0011,2026-08-15,Completed,PAY0002615
ORD0003258,CUST00064,STORE0016,2026-08-15,Completed,PAY0003258
ORD0003311,CUST00002,STORE0006,2026-08-15,Completed,PAY0003311
ORD0003582,CUST00075,STORE0009,2026-08-15,Completed,PAY0003582
ORD0003793,CUST00125,STORE0011,2026-08-15,Completed,PAY0003793
ORD0003917,CUST00106,STORE0006,2026-08-15,Completed,PAY0003917
ORD0000157,CUST00084,STORE0018,2026-08-16,Completed,PAY0000157
ORD0000423,CUST00115,STORE0018,2026-08-16,Completed,PAY0000423
ORD0000523,CUST00010,STORE0003,2026-08-16,Cancelled,PAY0000523
ORD0000734,CUST00136,STORE0004,2026-08-16,Completed,PAY0000734
ORD0000916,CUST00070,STORE0010,2026-08-16,Completed,PAY0000916
ORD0001475,CUST00068,STORE0008,2026-08-16,Completed,PAY0001475
ORD0001713,CUST00012,STORE0011,2026-08-16,Completed,PAY0001713
ORD0001827,CUST00138,STORE0009,2026-08-16,Completed,PAY0001827
ORD0001990,CUST00039,STORE0014,2026-08-16,Completed,PAY0001990
ORD0002204,CUST00028,STORE0013,2026-08-16,Completed,PAY0002204
ORD0002696,CUST00064,STORE0018,2026-08-16,Completed,PAY0002696
ORD0003122,CUST00009,STORE0002,2026-08-16,Completed,PAY0003122
ORD0003232,CUST00095,STORE0001,2026-08-16,Completed,PAY0003232
ORD0003246,CUST00138,STORE0014,2026-08-16,Completed,PAY0003246
ORD0003787,CUST00132,STORE0010,2026-08-16,Completed,PAY0003787
ORD0003814,CUST00105,STORE0007,2026-08-16,Completed,PAY0003814
ORD0004117,CUST00097,STORE0001,2026-08-16,Completed,PAY0004117
ORD0000183,CUST00115,STORE0004,2026-08-17,Completed,PAY0000183
ORD0000547,CUST00137,STORE0004,2026-08-17,Completed,PAY0000547
ORD0001416,CUST00084,STORE0013,2026-08-17,Completed,PAY0001416
ORD0001450,CUST00046,STORE0017,2026-08-17,Cancelled,PAY0001450
ORD0001508,CUST00064,STORE0012,2026-08-17,Completed,PAY0001508
ORD0001594,CUST00040,STORE0003,2026-08-17,Completed,PAY0001594
ORD0001756,CUST00001,STORE0013,2026-08-17,Completed,PAY0001756
ORD0003156,CUST00007,STORE0002,2026-08-17,Completed,PAY0003156
ORD0003548,CUST00025,STORE0009,2026-08-17,Completed,PAY0003548
ORD0003612,CUST00066,STORE0005,2026-08-17,Completed,PAY0003612
ORD0003628,CUST00056,STORE0003,2026-08-17,Cancelled,PAY0003628
ORD0003651,CUST00035,STORE0006,2026-08-17,Completed,PAY0003651
ORD0003796,CUST00018,STORE0018,2026-08-17,Completed,PAY0003796
ORD0000485,CUST00025,STORE0016,2026-08-18,Completed,PAY0000485
ORD0000564,CUST00024,STORE0016,2026-08-18,Completed,PAY0000564
ORD0000607,CUST00062,STORE0003,2026-08-18,Completed,PAY0000607
ORD0000899,CUST00054,STORE0013,2026-08-18,Completed,PAY0000899
ORD0000956,CUST00137,STORE0010,2026-08-18,Cancelled,PAY0000956
ORD0000995,CUST00059,STORE0009,2026-08-18,Completed,PAY0000995
ORD0001113,CUST00005,STORE0012,2026-08-18,Completed,PAY0001113
ORD0001509,CUST00059,STORE0007,2026-08-18,Completed,PAY0001509
ORD0001560,CUST00111,STORE0010,2026-08-18,Completed,PAY0001560
ORD0001744,CUST00101,STORE0018,2026-08-18,Completed,PAY0001744
ORD0001992,CUST00053,STORE0006,2026-08-18,Completed,PAY0001992
ORD0002397,CUST00137,STORE0002,2026-08-18,Completed,PAY0002397
ORD0002402,CUST00041,STORE0012,2026-08-18,Completed,PAY0002402
ORD0002735,CUST00009,STORE0008,2026-08-18,Completed,PAY0002735
ORD0002800,CUST00006,STORE0010,2026-08-18,Cancelled,PAY0002800
ORD0003422,CUST00132,STORE0005,2026-08-18,Completed,PAY0003422
ORD0003599,CUST00120,STORE0011,2026-08-18,Completed,PAY0003599
ORD0003765,CUST00125,STORE0016,2026-08-18,Completed,PAY0003765
ORD0003956,CUST00100,STORE0007,2026-08-18,Completed,PAY0003956
ORD0004080,CUST00132,STORE0005,2026-08-18,Completed,PAY0004080
ORD0000215,CUST00038,STORE0012,2026-08-19,Completed,PAY0000215
ORD0000532,CUST00002,STORE0017,2026-08-19,Completed,PAY0000532
ORD0000998,CUST00011,STORE0009,2026-08-19,Completed,PAY0000998
ORD0001109,CUST00055,STORE0010,2026-08-19,Completed,PAY0001109
ORD0001120,CUST00001,STORE0006,2026-08-19,Cancelled,PAY0001120
ORD0001209,CUST00047,STORE0015,2026-08-19,Completed,PAY0001209
ORD0001469,CUST00071,STORE0015,2026-08-19,Completed,PAY0001469
ORD0001567,CUST00120,STORE0009,2026-08-19,Completed,PAY0001567
ORD0001712,CUST00120,STORE0018,2026-08-19,Completed,PAY0001712
ORD0001856,CUST00014,STORE0011,2026-08-19,Completed,PAY0001856
ORD0002485,CUST00025,STORE0016,2026-08-19,Completed,PAY0002485
ORD0003010,CUST00012,STORE0009,2026-08-19,Completed,PAY0003010
ORD0004022,CUST00103,STORE0012,2026-08-19,Completed,PAY0004022
ORD0000049,CUST00002,STORE0001,2026-08-20,Cancelled,PAY0000049
ORD0000251,CUST00021,STORE0003,2026-08-20,Completed,PAY0000251
ORD0000296,CUST00070,STORE0007,2026-08-20,Completed,PAY0000296
ORD0000354,CUST00116,STORE0003,2026-08-20,Completed,PAY0000354
ORD0000823,CUST00125,STORE0003,2026-08-20,Completed,PAY0000823
ORD0001059,CUST00125,STORE0002,2026-08-20,Completed,PAY0001059
ORD0001472,CUST00095,STORE0015,2026-08-20,Completed,PAY0001472
ORD0001492,CUST00146,STORE0009,2026-08-20,Completed,PAY0001492
ORD0001497,CUST00002,STORE0017,2026-08-20,Completed,PAY0001497
ORD0001558,CUST00116,STORE0001,2026-08-20,Completed,PAY0001558
ORD0001694,CUST00145,STORE0008,2026-08-20,Completed,PAY0001694
ORD0001729,CUST00080,STORE0004,2026-08-20,Completed,PAY0001729
ORD0001869,CUST00138,STORE0009,2026-08-20,Completed,PAY0001869
ORD0002509,CUST00048,STORE0005,2026-08-20,Cancelled,PAY0002509
ORD0002914,CUST00041,STORE0013,2026-08-20,Completed,PAY0002914
ORD0002953,CUST00077,STORE0005,2026-08-20,Completed,PAY0002953
ORD0003673,CUST00059,STORE0004,2026-08-20,Cancelled,PAY0003673
ORD0000343,CUST00148,STORE0015,2026-08-21,Completed,PAY0000343
ORD0000509,CUST00030,STORE0015,2026-08-21,Completed,PAY0000509
ORD0000681,CUST00046,STORE0009,2026-08-21,Completed,PAY0000681
ORD0001339,CUST00029,STORE0002,2026-08-21,Completed,PAY0001339
ORD0002480,CUST00121,STORE0002,2026-08-21,Completed,PAY0002480
ORD0003348,CUST00140,STORE0014,2026-08-21,Completed,PAY0003348
ORD0003743,CUST00120,STORE0013,2026-08-21,Completed,PAY0003743
ORD0003862,CUST00055,STORE0015,2026-08-21,Completed,PAY0003862
ORD0000388,CUST00074,STORE0013,2026-08-22,Completed,PAY0000388
ORD0000411,CUST00075,STORE0012,2026-08-22,Completed,PAY0000411
ORD0000756,CUST00021,STORE0002,2026-08-22,Completed,PAY0000756
ORD0000925,CUST00095,STORE0004,2026-08-22,Completed,PAY0000925
ORD0000930,CUST00103,STORE0015,2026-08-22,Completed,PAY0000930
ORD0001279,CUST00061,STORE0015,2026-08-22,Completed,PAY0001279
ORD0001368,CUST00093,STORE0012,2026-08-22,Completed,PAY0001368
ORD0001584,CUST00073,STORE0014,2026-08-22,Completed,PAY0001584
ORD0001667,CUST00087,STORE0011,2026-08-22,Completed,PAY0001667
ORD0001777,CUST00047,STORE0014,2026-08-22,Completed,PAY0001777
ORD0002511,CUST00114,STORE0016,2026-08-22,Completed,PAY0002511
ORD0002513,CUST00049,STORE0001,2026-08-22,Completed,PAY0002513
ORD0002537,CUST00091,STORE0008,2026-08-22,Completed,PAY0002537
ORD0002685,CUST00071,STORE0017,2026-08-22,Completed,PAY0002685
ORD0002963,CUST00007,STORE0006,2026-08-22,Completed,PAY0002963
ORD0003270,CUST00055,STORE0003,2026-08-22,Cancelled,PAY0003270
ORD0003777,CUST00115,STORE0013,2026-08-22,Completed,PAY0003777
ORD0003969,CUST00142,STORE0001,2026-08-22,Completed,PAY0003969
ORD0000057,CUST00088,STORE0007,2026-08-23,Completed,PAY0000057
ORD0001066,CUST00013,STORE0014,2026-08-23,Completed,PAY0001066
ORD0001194,CUST00077,STORE0014,2026-08-23,Completed,PAY0001194
ORD0001272,CUST00115,STORE0001,2026-08-23,Completed,PAY0001272
ORD0001322,CUST00011,STORE0005,2026-08-23,Completed,PAY0001322
ORD0001527,CUST00072,STORE0018,2026-08-23,Cancelled,PAY0001527
ORD0001576,CUST00125,STORE0011,2026-08-23,Completed,PAY0001576
ORD0001711,CUST00136,STORE0005,2026-08-23,Completed,PAY0001711
ORD0001911,CUST00110,STORE0010,2026-08-23,Completed,PAY0001911
ORD0001946,CUST00088,STORE0017,2026-08-23,Completed,PAY0001946
ORD0002012,CUST00144,STORE0007,2026-08-23,Completed,PAY0002012
ORD0002229,CUST00039,STORE0001,2026-08-23,Completed,PAY0002229
ORD0002394,CUST00141,STORE0018,2026-08-23,Completed,PAY0002394
ORD0003283,CUST00089,STORE0010,2026-08-23,Completed,PAY0003283
ORD0003937,CUST00140,STORE0015,2026-08-23,Completed,PAY0003937
ORD0004063,CUST00047,STORE0018,2026-08-23,Cancelled,PAY0004063
ORD0004067,CUST00089,STORE0017,2026-08-23,Completed,PAY0004067
ORD0000011,CUST00029,STORE0011,2026-08-24,Completed,PAY0000011
ORD0000412,CUST00054,STORE0014,2026-08-24,Completed,PAY0000412
ORD0000801,CUST00051,STORE0013,2026-08-24,Completed,PAY0000801
ORD0001347,CUST00023,STORE0014,2026-08-24,Cancelled,PAY0001347
ORD0001705,CUST00092,STORE0008,2026-08-24,Completed,PAY0001705
ORD0002376,CUST00020,STORE0013,2026-08-24,Completed,PAY0002376
ORD0002949,CUST00129,STORE0016,2026-08-24,Completed,PAY0002949
ORD0003522,CUST00143,STORE0014,2026-08-24,Completed,PAY0003522
ORD0003562,CUST00089,STORE0008,2026-08-24,Completed,PAY0003562
ORD0003889,CUST00026,STORE0003,2026-08-24,Cancelled,PAY0003889
ORD0003975,CUST00090,STORE0011,2026-08-24,Completed,PAY0003975
ORD0004132,CUST00138,STORE0013,2026-08-24,Completed,PAY0004132
ORD0000190,CUST00013,STORE0015,2026-08-25,Completed,PAY0000190
ORD0000322,CUST00006,STORE0002,2026-08-25,Cancelled,PAY0000322
ORD0000427,CUST00144,STORE0003,2026-08-25,Completed,PAY0000427
ORD0000464,CUST00093,STORE0011,2026-08-25,Cancelled,PAY0000464
ORD0000609,CUST00092,STORE0011,2026-08-25,Completed,PAY0000609
ORD0001243,CUST00023,STORE0001,2026-08-25,Completed,PAY0001243
ORD0001358,CUST00052,STORE0010,2026-08-25,Completed,PAY0001358
ORD0002118,CUST00010,STORE0016,2026-08-25,Completed,PAY0002118
ORD0002432,CUST00144,STORE0012,2026-08-25,Completed,PAY0002432
ORD0002494,CUST00052,STORE0009,2026-08-25,Completed,PAY0002494
ORD0002603,CUST00057,STORE0017,2026-08-25,Completed,PAY0002603
ORD0002710,CUST00061,STORE0010,2026-08-25,Completed,PAY0002710
ORD0003044,CUST00135,STORE0018,2026-08-25,Completed,PAY0003044
ORD0003635,CUST00090,STORE0018,2026-08-25,Completed,PAY0003635
ORD0003647,CUST00044,STORE0009,2026-08-25,Completed,PAY0003647
ORD0000822,CUST00104,STORE0005,2026-08-26,Completed,PAY0000822
ORD0001429,CUST00081,STORE0006,2026-08-26,Completed,PAY0001429
ORD0001635,CUST00116,STORE0010,2026-08-26,Completed,PAY0001635
ORD0001657,CUST00109,STORE0004,2026-08-26,Completed,PAY0001657
ORD0001950,CUST00051,STORE0001,2026-08-26,Completed,PAY0001950
ORD0002030,CUST00043,STORE0008,2026-08-26,Completed,PAY0002030
ORD0002101,CUST00107,STORE0002,2026-08-26,Completed,PAY0002101
ORD0002298,CUST00138,STORE0006,2026-08-26,Completed,PAY0002298
ORD0002471,CUST00076,STORE0017,2026-08-26,Completed,PAY0002471
ORD0002727,CUST00053,STORE0004,2026-08-26,Completed,PAY0002727
ORD0002958,CUST00028,STORE0017,2026-08-26,Completed,PAY0002958
ORD0003461,CUST00051,STORE0016,2026-08-26,Completed,PAY0003461
ORD0000442,CUST00041,STORE0010,2026-08-27,Completed,PAY0000442
ORD0000497,CUST00126,STORE0013,2026-08-27,Completed,PAY0000497
ORD0000813,CUST00006,STORE0006,2026-08-27,Completed,PAY0000813
ORD0001028,CUST00023,STORE0016,2026-08-27,Completed,PAY0001028
ORD0001088,CUST00084,STORE0005,2026-08-27,Completed,PAY0001088
ORD0001131,CUST00081,STORE0014,2026-08-27,Completed,PAY0001131
ORD0001268,CUST00110,STORE0006,2026-08-27,Completed,PAY0001268
ORD0001360,CUST00032,STORE0012,2026-08-27,Completed,PAY0001360
ORD0001595,CUST00012,STORE0012,2026-08-27,Completed,PAY0001595
ORD0002238,CUST00029,STORE0009,2026-08-27,Completed,PAY0002238
ORD0002894,CUST00021,STORE0004,2026-08-27,Cancelled,PAY0002894
ORD0003107,CUST00145,STORE0018,2026-08-27,Completed,PAY0003107
ORD0003273,CUST00146,STORE0011,2026-08-27,Completed,PAY0003273
ORD0003502,CUST00048,STORE0009,2026-08-27,Completed,PAY0003502
ORD0003824,CUST00146,STORE0005,2026-08-27,Completed,PAY0003824
ORD0000077,CUST00114,STORE0008,2026-08-28,Completed,PAY0000077
ORD0000270,CUST00132,STORE0009,2026-08-28,Completed,PAY0000270
ORD0000289,CUST00141,STORE0016,2026-08-28,Completed,PAY0000289
ORD0000511,CUST00094,STORE0015,2026-08-28,Completed,PAY0000511
ORD0001462,CUST00004,STORE0016,2026-08-28,Completed,PAY0001462
ORD0001760,CUST00093,STORE0018,2026-08-28,Completed,PAY0001760
ORD0001888,CUST00078,STORE0013,2026-08-28,Completed,PAY0001888
ORD0002223,CUST00120,STORE0015,2026-08-28,Completed,PAY0002223
ORD0003186,CUST00122,STORE0001,2026-08-28,Completed,PAY0003186
ORD0003216,CUST00082,STORE0009,2026-08-28,Completed,PAY0003216
ORD0003590,CUST00066,STORE0009,2026-08-28,Completed,PAY0003590
ORD0003936,CUST00025,STORE0007,2026-08-28,Completed,PAY0003936
ORD0004145,CUST00030,STORE0014,2026-08-28,Completed,PAY0004145
ORD0004161,CUST00108,STORE0008,2026-08-28,Completed,PAY0004161
ORD0004166,CUST00091,STORE0004,2026-08-28,Completed,PAY0004166
ORD0000050,CUST00017,STORE0002,2026-08-29,Completed,PAY0000050
ORD0000095,CUST00145,STORE0014,2026-08-29,Completed,PAY0000095
ORD0000725,CUST00072,STORE0014,2026-08-29,Completed,PAY0000725
ORD0001182,CUST00029,STORE0004,2026-08-29,Completed,PAY0001182
ORD0001351,CUST00063,STORE0001,2026-08-29,Completed,PAY0001351
ORD0001500,CUST00106,STORE0011,2026-08-29,Completed,PAY0001500
ORD0001703,CUST00145,STORE0015,2026-08-29,Completed,PAY0001703
ORD0002019,CUST00129,STORE0016,2026-08-29,Cancelled,PAY0002019
ORD0002186,CUST00058,STORE0010,2026-08-29,Completed,PAY0002186
ORD0002284,CUST00001,STORE0015,2026-08-29,Completed,PAY0002284
ORD0002428,CUST00002,STORE0001,2026-08-29,Completed,PAY0002428
ORD0002506,CUST00110,STORE0003,2026-08-29,Completed,PAY0002506
ORD0002545,CUST00133,STORE0009,2026-08-29,Completed,PAY0002545
ORD0002786,CUST00106,STORE0011,2026-08-29,Completed,PAY0002786
ORD0002888,CUST00030,STORE0018,2026-08-29,Completed,PAY0002888
ORD0003050,CUST00051,STORE0003,2026-08-29,Completed,PAY0003050
ORD0003175,CUST00013,STORE0007,2026-08-29,Completed,PAY0003175
ORD0003241,CUST00109,STORE0003,2026-08-29,Completed,PAY0003241
ORD0004069,CUST00033,STORE0008,2026-08-29,Completed,PAY0004069
ORD0004113,CUST00113,STORE0008,2026-08-29,Cancelled,PAY0004113
ORD0000179,CUST00088,STORE0009,2026-08-30,Completed,PAY0000179
ORD0000195,CUST00011,STORE0015,2026-08-30,Cancelled,PAY0000195
ORD0000498,CUST00121,STORE0003,2026-08-30,Completed,PAY0000498
ORD0000537,CUST00082,STORE0005,2026-08-30,Completed,PAY0000537
ORD0000546,CUST00109,STORE0014,2026-08-30,Completed,PAY0000546
ORD0000618,CUST00058,STORE0011,2026-08-30,Completed,PAY0000618
ORD0001107,CUST00088,STORE0013,2026-08-30,Completed,PAY0001107
ORD0001116,CUST00128,STORE0016,2026-08-30,Completed,PAY0001116
ORD0001210,CUST00116,STORE0007,2026-08-30,Completed,PAY0001210
ORD0001457,CUST00084,STORE0011,2026-08-30,Completed,PAY0001457
ORD0001498,CUST00071,STORE0008,2026-08-30,Completed,PAY0001498
ORD0001603,CUST00114,STORE0016,2026-08-30,Cancelled,PAY0001603
ORD0001752,CUST00037,STORE0016,2026-08-30,Completed,PAY0001752
ORD0001755,CUST00045,STORE0002,2026-08-30,Cancelled,PAY0001755
ORD0001787,CUST00086,STORE0010,2026-08-30,Completed,PAY0001787
ORD0001931,CUST00140,STORE0006,2026-08-30,Completed,PAY0001931
ORD0001957,CUST00018,STORE0013,2026-08-30,Cancelled,PAY0001957
ORD0002236,CUST00134,STORE0018,2026-08-30,Completed,PAY0002236
ORD0002246,CUST00043,STORE0012,2026-08-30,Completed,PAY0002246
ORD0002803,CUST00081,STORE0003,2026-08-30,Completed,PAY0002803
ORD0002808,CUST00145,STORE0015,2026-08-30,Completed,PAY0002808
ORD0003643,CUST00037,STORE0005,2026-08-30,Completed,PAY0003643
ORD0003685,CUST00092,STORE0017,2026-08-30,Completed,PAY0003685
ORD0004057,CUST00139,STORE0006,2026-08-30,Completed,PAY0004057
ORD0004066,CUST00073,STORE0009,2026-08-30,Completed,PAY0004066
ORD0000145,CUST00019,STORE0010,2026-08-31,Completed,PAY0000145
ORD0000640,CUST00070,STORE0002,2026-08-31,Completed,PAY0000640
ORD0000644,CUST00016,STORE0007,2026-08-31,Completed,PAY0000644
ORD0000814,CUST00064,STORE0008,2026-08-31,Completed,PAY0000814
ORD0001124,CUST00122,STORE0015,2026-08-31,Completed,PAY0001124
ORD0001134,CUST00026,STORE0008,2026-08-31,Completed,PAY0001134
ORD0001245,CUST00140,STORE0003,2026-08-31,Completed,PAY0001245
ORD0001728,CUST00007,STORE0008,2026-08-31,Completed,PAY0001728
ORD0001815,CUST00005,STORE0018,2026-08-31,Completed,PAY0001815
ORD0001882,CUST00079,STORE0016,2026-08-31,Completed,PAY0001882
ORD0001900,CUST00140,STORE0005,2026-08-31,Completed,PAY0001900
ORD0002248,CUST00086,STORE0004,2026-08-31,Completed,PAY0002248
ORD0002827,CUST00049,STORE0006,2026-08-31,Completed,PAY0002827
ORD0002836,CUST00121,STORE0016,2026-08-31,Completed,PAY0002836
ORD0002972,CUST00052,STORE0008,2026-08-31,Completed,PAY0002972
ORD0002986,CUST00100,STORE0015,2026-08-31,Completed,PAY0002986
ORD0003355,CUST00024,STORE0011,2026-08-31,Completed,PAY0003355
ORD0003397,CUST00079,STORE0010,2026-08-31,Completed,PAY0003397
ORD0003435,CUST00041,STORE0003,2026-08-31,Completed,PAY0003435
ORD0003440,CUST00011,STORE0001,2026-08-31,Completed,PAY0003440
ORD0003555,CUST00118,STORE0003,2026-08-31,Completed,PAY0003555
ORD0003596,CUST00016,STORE0014,2026-08-31,Completed,PAY0003596
ORD0000044,CUST00048,STORE0010,2026-09-01,Completed,PAY0000044
ORD0000186,CUST00006,STORE0005,2026-09-01,Completed,PAY0000186
ORD0000286,CUST00058,STORE0011,2026-09-01,Completed,PAY0000286
ORD0000416,CUST00028,STORE0010,2026-09-01,Completed,PAY0000416
ORD0000529,CUST00111,STORE0007,2026-09-01,Completed,PAY0000529
ORD0000610,CUST00146,STORE0012,2026-09-01,Completed,PAY0000610
ORD0000635,CUST00108,STORE0003,2026-09-01,Completed,PAY0000635
ORD0000903,CUST00004,STORE0017,2026-09-01,Completed,PAY0000903
ORD0001104,CUST00100,STORE0010,2026-09-01,Completed,PAY0001104
ORD0001232,CUST00104,STORE0018,2026-09-01,Completed,PAY0001232
ORD0001274,CUST00008,STORE0017,2026-09-01,Cancelled,PAY0001274
ORD0001295,CUST00051,STORE0011,2026-09-01,Completed,PAY0001295
ORD0001495,CUST00046,STORE0001,2026-09-01,Completed,PAY0001495
ORD0001566,CUST00052,STORE0014,2026-09-01,Completed,PAY0001566
ORD0001797,CUST00077,STORE0013,2026-09-01,Completed,PAY0001797
ORD0002381,CUST00105,STORE0009,2026-09-01,Completed,PAY0002381
ORD0002605,CUST00101,STORE0002,2026-09-01,Completed,PAY0002605
ORD0002706,CUST00067,STORE0011,2026-09-01,Completed,PAY0002706
ORD0002779,CUST00108,STORE0006,2026-09-01,Completed,PAY0002779
ORD0002945,CUST00135,STORE0001,2026-09-01,Completed,PAY0002945
ORD0003498,CUST00135,STORE0011,2026-09-01,Completed,PAY0003498
ORD0003847,CUST00067,STORE0010,2026-09-01,Completed,PAY0003847
ORD0000032,CUST00109,STORE0004,2026-09-02,Completed,PAY0000032
ORD0000133,CUST00124,STORE0010,2026-09-02,Completed,PAY0000133
ORD0000231,CUST00135,STORE0002,2026-09-02,Completed,PAY0000231
ORD0000938,CUST00063,STORE0002,2026-09-02,Cancelled,PAY0000938
ORD0001101,CUST00081,STORE0008,2026-09-02,Completed,PAY0001101
ORD0002078,CUST00118,STORE0011,2026-09-02,Completed,PAY0002078
ORD0002395,CUST00060,STORE0002,2026-09-02,Completed,PAY0002395
ORD0002434,CUST00111,STORE0017,2026-09-02,Completed,PAY0002434
ORD0002543,CUST00045,STORE0009,2026-09-02,Completed,PAY0002543
ORD0002866,CUST00048,STORE0001,2026-09-02,Completed,PAY0002866
ORD0002943,CUST00013,STORE0003,2026-09-02,Completed,PAY0002943
ORD0002999,CUST00045,STORE0002,2026-09-02,Completed,PAY0002999
ORD0003260,CUST00086,STORE0008,2026-09-02,Completed,PAY0003260
ORD0003493,CUST00028,STORE0013,2026-09-02,Completed,PAY0003493
ORD0003850,CUST00029,STORE0016,2026-09-02,Completed,PAY0003850
ORD0003920,CUST00085,STORE0001,2026-09-02,Completed,PAY0003920
ORD0003921,CUST00115,STORE0014,2026-09-02,Completed,PAY0003921
ORD0003978,CUST00070,STORE0008,2026-09-02,Completed,PAY0003978
ORD0004103,CUST00148,STORE0002,2026-09-02,Completed,PAY0004103
ORD0000108,CUST00128,STORE0003,2026-09-03,Completed,PAY0000108
ORD0000178,CUST00096,STORE0012,2026-09-03,Completed,PAY0000178
ORD0000314,CUST00116,STORE0010,2026-09-03,Completed,PAY0000314
ORD0000379,CUST00120,STORE0017,2026-09-03,Completed,PAY0000379
ORD0000393,CUST00128,STORE0005,2026-09-03,Completed,PAY0000393
ORD0000443,CUST00075,STORE0010,2026-09-03,Completed,PAY0000443
ORD0000513,CUST00109,STORE0011,2026-09-03,Completed,PAY0000513
ORD0000760,CUST00079,STORE0011,2026-09-03,Completed,PAY0000760
ORD0000830,CUST00124,STORE0007,2026-09-03,Completed,PAY0000830
ORD0000842,CUST00050,STORE0006,2026-09-03,Completed,PAY0000842
ORD0001235,CUST00100,STORE0006,2026-09-03,Completed,PAY0001235
ORD0001480,CUST00085,STORE0017,2026-09-03,Completed,PAY0001480
ORD0001913,CUST00072,STORE0010,2026-09-03,Completed,PAY0001913
ORD0002042,CUST00103,STORE0010,2026-09-03,Completed,PAY0002042
ORD0002107,CUST00028,STORE0015,2026-09-03,Completed,PAY0002107
ORD0002462,CUST00121,STORE0011,2026-09-03,Cancelled,PAY0002462
ORD0003252,CUST00083,STORE0018,2026-09-03,Completed,PAY0003252
ORD0003459,CUST00123,STORE0017,2026-09-03,Completed,PAY0003459
ORD0003675,CUST00074,STORE0016,2026-09-03,Completed,PAY0003675
ORD0003962,CUST00066,STORE0003,2026-09-03,Completed,PAY0003962
ORD0004037,CUST00058,STORE0008,2026-09-03,Completed,PAY0004037
ORD0004156,CUST00047,STORE0013,2026-09-03,Completed,PAY0004156
ORD0000670,CUST00003,STORE0013,2026-09-04,Completed,PAY0000670
ORD0000671,CUST00054,STORE0011,2026-09-04,Cancelled,PAY0000671
ORD0000812,CUST00113,STORE0012,2026-09-04,Completed,PAY0000812
ORD0000949,CUST00150,STORE0013,2026-09-04,Completed,PAY0000949
ORD0001023,CUST00134,STORE0004,2026-09-04,Completed,PAY0001023
ORD0001860,CUST00071,STORE0009,2026-09-04,Completed,PAY0001860
ORD0002038,CUST00084,STORE0002,2026-09-04,Completed,PAY0002038
ORD0002055,CUST00108,STORE0015,2026-09-04,Cancelled,PAY0002055
ORD0002449,CUST00113,STORE0015,2026-09-04,Completed,PAY0002449
ORD0002677,CUST00135,STORE0003,2026-09-04,Cancelled,PAY0002677
ORD0003205,CUST00024,STORE0018,2026-09-04,Completed,PAY0003205
ORD0003248,CUST00059,STORE0007,2026-09-04,Completed,PAY0003248
ORD0003495,CUST00023,STORE0007,2026-09-04,Cancelled,PAY0003495
ORD0003844,CUST00119,STORE0004,2026-09-04,Completed,PAY0003844
ORD0004139,CUST00137,STORE0015,2026-09-04,Completed,PAY0004139
ORD0000015,CUST00013,STORE0013,2026-09-05,Completed,PAY0000015
ORD0000026,CUST00024,STORE0001,2026-09-05,Completed,PAY0000026
ORD0000205,CUST00017,STORE0015,2026-09-05,Completed,PAY0000205
ORD0000317,CUST00142,STORE0008,2026-09-05,Completed,PAY0000317
ORD0001451,CUST00122,STORE0001,2026-09-05,Cancelled,PAY0001451
ORD0002218,CUST00044,STORE0018,2026-09-05,Completed,PAY0002218
ORD0002440,CUST00146,STORE0018,2026-09-05,Completed,PAY0002440
ORD0002448,CUST00126,STORE0016,2026-09-05,Completed,PAY0002448
ORD0002658,CUST00037,STORE0005,2026-09-05,Completed,PAY0002658
ORD0002973,CUST00061,STORE0013,2026-09-05,Completed,PAY0002973
ORD0003008,CUST00106,STORE0002,2026-09-05,Cancelled,PAY0003008
ORD0003167,CUST00141,STORE0004,2026-09-05,Completed,PAY0003167
ORD0003322,CUST00140,STORE0013,2026-09-05,Completed,PAY0003322
ORD0003887,CUST00062,STORE0009,2026-09-05,Completed,PAY0003887
ORD0004114,CUST00057,STORE0012,2026-09-05,Completed,PAY0004114
ORD0004151,CUST00129,STORE0007,2026-09-05,Completed,PAY0004151
ORD0000481,CUST00149,STORE0011,2026-09-06,Completed,PAY0000481
ORD0000536,CUST00008,STORE0017,2026-09-06,Completed,PAY0000536
ORD0001002,CUST00106,STORE0005,2026-09-06,Completed,PAY0001002
ORD0001095,CUST00017,STORE0007,2026-09-06,Completed,PAY0001095
ORD0001383,CUST00006,STORE0011,2026-09-06,Completed,PAY0001383
ORD0001593,CUST00126,STORE0016,2026-09-06,Completed,PAY0001593
ORD0002269,CUST00123,STORE0007,2026-09-06,Completed,PAY0002269
ORD0002736,CUST00030,STORE0008,2026-09-06,Completed,PAY0002736
ORD0003059,CUST00107,STORE0018,2026-09-06,Completed,PAY0003059
ORD0003605,CUST00043,STORE0013,2026-09-06,Completed,PAY0003605
ORD0003780,CUST00084,STORE0001,2026-09-06,Completed,PAY0003780
ORD0003918,CUST00084,STORE0008,2026-09-06,Completed,PAY0003918
ORD0004075,CUST00068,STORE0015,2026-09-06,Completed,PAY0004075
ORD0004198,CUST00071,STORE0007,2026-09-06,Completed,PAY0004198
ORD0000815,CUST00116,STORE0010,2026-09-07,Completed,PAY0000815
ORD0000840,CUST00074,STORE0018,2026-09-07,Completed,PAY0000840
ORD0000942,CUST00130,STORE0017,2026-09-07,Completed,PAY0000942
ORD0001150,CUST00081,STORE0014,2026-09-07,Completed,PAY0001150
ORD0001197,CUST00086,STORE0006,2026-09-07,Completed,PAY0001197
ORD0001329,CUST00146,STORE0002,2026-09-07,Completed,PAY0001329
ORD0001638,CUST00001,STORE0005,2026-09-07,Completed,PAY0001638
ORD0002167,CUST00107,STORE0008,2026-09-07,Completed,PAY0002167
ORD0002205,CUST00150,STORE0006,2026-09-07,Completed,PAY0002205
ORD0002399,CUST00110,STORE0017,2026-09-07,Completed,PAY0002399
ORD0002500,CUST00057,STORE0014,2026-09-07,Cancelled,PAY0002500
ORD0002561,CUST00110,STORE0016,2026-09-07,Completed,PAY0002561
ORD0002695,CUST00043,STORE0014,2026-09-07,Completed,PAY0002695
ORD0002740,CUST00011,STORE0003,2026-09-07,Completed,PAY0002740
ORD0002783,CUST00014,STORE0003,2026-09-07,Completed,PAY0002783
ORD0003169,CUST00062,STORE0009,2026-09-07,Completed,PAY0003169
ORD0003786,CUST00110,STORE0016,2026-09-07,Completed,PAY0003786
ORD0003828,CUST00114,STORE0007,2026-09-07,Completed,PAY0003828
ORD0003964,CUST00073,STORE0011,2026-09-07,Completed,PAY0003964
ORD0004105,CUST00069,STORE0016,2026-09-07,Completed,PAY0004105
ORD0000480,CUST00119,STORE0017,2026-09-08,Completed,PAY0000480
ORD0000512,CUST00102,STORE0015,2026-09-08,Completed,PAY0000512
ORD0000632,CUST00044,STORE0006,2026-09-08,Cancelled,PAY0000632
ORD0001006,CUST00034,STORE0001,2026-09-08,Completed,PAY0001006
ORD0001517,CUST00121,STORE0001,2026-09-08,Completed,PAY0001517
ORD0001949,CUST00021,STORE0007,2026-09-08,Completed,PAY0001949
ORD0002193,CUST00070,STORE0004,2026-09-08,Cancelled,PAY0002193
ORD0002293,CUST00024,STORE0003,2026-09-08,Completed,PAY0002293
ORD0002358,CUST00018,STORE0006,2026-09-08,Completed,PAY0002358
ORD0002581,CUST00080,STORE0004,2026-09-08,Completed,PAY0002581
ORD0002853,CUST00121,STORE0007,2026-09-08,Cancelled,PAY0002853
ORD0002911,CUST00026,STORE0007,2026-09-08,Completed,PAY0002911
ORD0003135,CUST00137,STORE0008,2026-09-08,Completed,PAY0003135
ORD0003377,CUST00014,STORE0005,2026-09-08,Completed,PAY0003377
ORD0003469,CUST00150,STORE0002,2026-09-08,Completed,PAY0003469
ORD0003525,CUST00130,STORE0003,2026-09-08,Completed,PAY0003525
ORD0003550,CUST00070,STORE0009,2026-09-08,Completed,PAY0003550
ORD0003558,CUST00138,STORE0012,2026-09-08,Completed,PAY0003558
ORD0003700,CUST00009,STORE0014,2026-09-08,Completed,PAY0003700
ORD0003767,CUST00100,STORE0015,2026-09-08,Completed,PAY0003767
ORD0003798,CUST00103,STORE0011,2026-09-08,Completed,PAY0003798
ORD0000115,CUST00028,STORE0005,2026-09-09,Completed,PAY0000115
ORD0000229,CUST00132,STORE0010,2026-09-09,Completed,PAY0000229
ORD0000477,CUST00067,STORE0016,2026-09-09,Completed,PAY0000477
ORD0000598,CUST00113,STORE0009,2026-09-09,Completed,PAY0000598
ORD0001127,CUST00027,STORE0004,2026-09-09,Completed,PAY0001127
ORD0001288,CUST00053,STORE0013,2026-09-09,Cancelled,PAY0001288
ORD0001396,CUST00042,STORE0001,2026-09-09,Completed,PAY0001396
ORD0001461,CUST00120,STORE0010,2026-09-09,Completed,PAY0001461
ORD0001554,CUST00019,STORE0009,2026-09-09,Completed,PAY0001554
ORD0002104,CUST00071,STORE0008,2026-09-09,Completed,PAY0002104
ORD0002122,CUST00066,STORE0010,2026-09-09,Cancelled,PAY0002122
ORD0002387,CUST00014,STORE0006,2026-09-09,Completed,PAY0002387
ORD0002404,CUST00053,STORE0017,2026-09-09,Completed,PAY0002404
ORD0002508,CUST00144,STORE0002,2026-09-09,Completed,PAY0002508
ORD0002520,CUST00055,STORE0003,2026-09-09,Completed,PAY0002520
ORD0002525,CUST00124,STORE0006,2026-09-09,Completed,PAY0002525
ORD0003053,CUST00032,STORE0008,2026-09-09,Completed,PAY0003053
ORD0003332,CUST00020,STORE0008,2026-09-09,Completed,PAY0003332
ORD0003425,CUST00143,STORE0007,2026-09-09,Completed,PAY0003425
ORD0004197,CUST00114,STORE0018,2026-09-09,Completed,PAY0004197
ORD0000284,CUST00056,STORE0013,2026-09-10,Completed,PAY0000284
ORD0000458,CUST00103,STORE0011,2026-09-10,Completed,PAY0000458
ORD0001026,CUST00098,STORE0014,2026-09-10,Completed,PAY0001026
ORD0001214,CUST00059,STORE0018,2026-09-10,Completed,PAY0001214
ORD0001306,CUST00011,STORE0006,2026-09-10,Completed,PAY0001306
ORD0001353,CUST00107,STORE0018,2026-09-10,Completed,PAY0001353
ORD0001749,CUST00061,STORE0007,2026-09-10,Completed,PAY0001749
ORD0001890,CUST00125,STORE0018,2026-09-10,Completed,PAY0001890
ORD0001968,CUST00044,STORE0012,2026-09-10,Completed,PAY0001968
ORD0002062,CUST00131,STORE0014,2026-09-10,Completed,PAY0002062
ORD0002332,CUST00148,STORE0003,2026-09-10,Completed,PAY0002332
ORD0003209,CUST00039,STORE0005,2026-09-10,Completed,PAY0003209
ORD0003290,CUST00115,STORE0009,2026-09-10,Completed,PAY0003290
ORD0003728,CUST00096,STORE0012,2026-09-10,Completed,PAY0003728
ORD0004013,CUST00016,STORE0018,2026-09-10,Completed,PAY0004013
ORD0000118,CUST00131,STORE0012,2026-09-11,Completed,PAY0000118
ORD0000811,CUST00143,STORE0010,2026-09-11,Completed,PAY0000811
ORD0001216,CUST00123,STORE0013,2026-09-11,Completed,PAY0001216
ORD0001227,CUST00110,STORE0018,2026-09-11,Completed,PAY0001227
ORD0001352,CUST00042,STORE0011,2026-09-11,Completed,PAY0001352
ORD0001541,CUST00007,STORE0002,2026-09-11,Completed,PAY0001541
ORD0001706,CUST00130,STORE0015,2026-09-11,Completed,PAY0001706
ORD0001772,CUST00090,STORE0016,2026-09-11,Completed,PAY0001772
ORD0002052,CUST00016,STORE0004,2026-09-11,Completed,PAY0002052
ORD0002059,CUST00027,STORE0003,2026-09-11,Completed,PAY0002059
ORD0002734,CUST00030,STORE0016,2026-09-11,Completed,PAY0002734
ORD0002749,CUST00078,STORE0017,2026-09-11,Completed,PAY0002749
ORD0002790,CUST00042,STORE0017,2026-09-11,Completed,PAY0002790
ORD0003012,CUST00119,STORE0018,2026-09-11,Completed,PAY0003012
ORD0003410,CUST00082,STORE0008,2026-09-11,Completed,PAY0003410
ORD0003624,CUST00109,STORE0005,2026-09-11,Completed,PAY0003624
ORD0003749,CUST00020,STORE0017,2026-09-11,Completed,PAY0003749
ORD0003896,CUST00141,STORE0016,2026-09-11,Completed,PAY0003896
ORD0003923,CUST00001,STORE0014,2026-09-11,Completed,PAY0003923
ORD0004006,CUST00125,STORE0001,2026-09-11,Completed,PAY0004006
ORD0004119,CUST00054,STORE0007,2026-09-11,Completed,PAY0004119
ORD0000261,CUST00120,STORE0002,2026-09-12,Completed,PAY0000261
ORD0000833,CUST00055,STORE0008,2026-09-12,Completed,PAY0000833
ORD0001144,CUST00101,STORE0013,2026-09-12,Completed,PAY0001144
ORD0001303,CUST00083,STORE0015,2026-09-12,Completed,PAY0001303
ORD0001427,CUST00066,STORE0010,2026-09-12,Completed,PAY0001427
ORD0001543,CUST00124,STORE0001,2026-09-12,Completed,PAY0001543
ORD0001715,CUST00117,STORE0002,2026-09-12,Completed,PAY0001715
ORD0001724,CUST00099,STORE0010,2026-09-12,Completed,PAY0001724
ORD0002139,CUST00115,STORE0001,2026-09-12,Completed,PAY0002139
ORD0002262,CUST00068,STORE0013,2026-09-12,Completed,PAY0002262
ORD0002335,CUST00065,STORE0015,2026-09-12,Cancelled,PAY0002335
ORD0002731,CUST00059,STORE0015,2026-09-12,Completed,PAY0002731
ORD0002924,CUST00092,STORE0002,2026-09-12,Completed,PAY0002924
ORD0003195,CUST00010,STORE0004,2026-09-12,Completed,PAY0003195
ORD0003351,CUST00102,STORE0015,2026-09-12,Completed,PAY0003351
ORD0004073,CUST00089,STORE0003,2026-09-12,Completed,PAY0004073
ORD0000078,CUST00066,STORE0017,2026-09-13,Completed,PAY0000078
ORD0000295,CUST00129,STORE0012,2026-09-13,Completed,PAY0000295
ORD0000397,CUST00032,STORE0007,2026-09-13,Completed,PAY0000397
ORD0000496,CUST00002,STORE0010,2026-09-13,Completed,PAY0000496
ORD0000588,CUST00131,STORE0001,2026-09-13,Completed,PAY0000588
ORD0000771,CUST00099,STORE0016,2026-09-13,Completed,PAY0000771
ORD0000819,CUST00084,STORE0011,2026-09-13,Completed,PAY0000819
ORD0001126,CUST00106,STORE0016,2026-09-13,Completed,PAY0001126
ORD0001345,CUST00097,STORE0010,2026-09-13,Completed,PAY0001345
ORD0001536,CUST00064,STORE0006,2026-09-13,Completed,PAY0001536
ORD0002153,CUST00041,STORE0009,2026-09-13,Completed,PAY0002153
ORD0003324,CUST00053,STORE0008,2026-09-13,Completed,PAY0003324
ORD0003733,CUST00002,STORE0007,2026-09-13,Completed,PAY0003733
ORD0003990,CUST00052,STORE0002,2026-09-13,Completed,PAY0003990
ORD0000556,CUST00116,STORE0001,2026-09-14,Completed,PAY0000556
ORD0000682,CUST00041,STORE0003,2026-09-14,Completed,PAY0000682
ORD0000973,CUST00069,STORE0017,2026-09-14,Completed,PAY0000973
ORD0001035,CUST00096,STORE0015,2026-09-14,Completed,PAY0001035
ORD0001333,CUST00142,STORE0012,2026-09-14,Completed,PAY0001333
ORD0001357,CUST00141,STORE0017,2026-09-14,Completed,PAY0001357
ORD0001411,CUST00008,STORE0005,2026-09-14,Completed,PAY0001411
ORD0001431,CUST00073,STORE0005,2026-09-14,Completed,PAY0001431
ORD0001443,CUST00030,STORE0006,2026-09-14,Completed,PAY0001443
ORD0001528,CUST00021,STORE0016,2026-09-14,Completed,PAY0001528
ORD0001758,CUST00121,STORE0011,2026-09-14,Completed,PAY0001758
ORD0001855,CUST00126,STORE0016,2026-09-14,Completed,PAY0001855
ORD0001938,CUST00006,STORE0012,2026-09-14,Completed,PAY0001938
ORD0002245,CUST00068,STORE0010,2026-09-14,Completed,PAY0002245
ORD0002291,CUST00034,STORE0018,2026-09-14,Completed,PAY0002291
ORD0002689,CUST00148,STORE0018,2026-09-14,Completed,PAY0002689
ORD0002750,CUST00071,STORE0005,2026-09-14,Completed,PAY0002750
ORD0002906,CUST00146,STORE0017,2026-09-14,Completed,PAY0002906
ORD0002942,CUST00068,STORE0002,2026-09-14,Completed,PAY0002942
ORD0003359,CUST00078,STORE0014,2026-09-14,Completed,PAY0003359
ORD0003527,CUST00079,STORE0013,2026-09-14,Completed,PAY0003527
ORD0004070,CUST00103,STORE0011,2026-09-14,Completed,PAY0004070
ORD0004100,CUST00121,STORE0005,2026-09-14,Completed,PAY0004100
