OrderItemID,OrderID,ProductID,Quantity,UnitPrice,Discount,LineAmount
ITEM00000001,ORD0000428,PROD00043,5,1033.45,0.1,4650.53
ITEM00000002,ORD0002129,PROD00031,2,27602.46,0.05,52444.67
ITEM00000003,ORD0001614,PROD00045,1,24509.37,0.0,24509.37
ITEM00000004,ORD0003492,PROD00028,5,3343.12,0.0,16715.6
ITEM00000005,ORD0003681,PROD00054,1,36912.87,0.0,36912.87
ITEM00000006,ORD0004173,PROD00058,2,18182.64,0.0,36365.28
ITEM00000007,ORD0002038,PROD00021,5,22045.15,0.0,110225.75
ITEM00000008,ORD0002810,PROD00052,2,3686.71,0.0,7373.42
ITEM00000009,ORD0004064,PROD00094,1,30366.64,0.15,25811.64
ITEM00000010,ORD0003250,PROD00023,4,10927.01,0.05,41522.64
ITEM00000011,ORD0001210,PROD00051,1,26642.17,0.15,22645.84
ITEM00000012,ORD0000592,PROD00048,4,19471.18,0.0,77884.72
ITEM00000013,ORD0001144,PROD00091,1,36997.61,0.1,33297.85
ITEM00000014,ORD0000634,PROD00076,3,8213.19,0.1,22175.61
ITEM00000015,ORD0002761,PROD00014,1,32042.32,0.0,32042.32
ITEM00000016,ORD0000438,PROD00077,4,4512.83,0.05,17148.75
ITEM00000017,ORD0000300,PROD00051,1,26642.17,0.0,26642.17
ITEM00000018,ORD0000880,PROD00082,1,24230.95,0.0,24230.95
ITEM00000019,ORD0000330,PROD00033,3,14237.63,0.05,40577.25
ITEM00000020,ORD0002080,PROD00058,4,18182.64,,72730.56
ITEM00000021,ORD0001584,PROD00057,4,31419.96,0.05,119395.85
ITEM00000022,ORD0002763,PROD00048,5,19471.18,0.0,97355.9
ITEM00000023,ORD0003047,PROD00060,1,26022.82,0.1,23420.54
ITEM00000024,ORD0003625,PROD00084,2,33636.84,0.05,63910.0
ITEM00000025,ORD0001835,PROD00100,3,5870.04,0.0,17610.12
ITEM00000026,ORD0002103,PROD00044,3,25709.47,0.0,77128.41
ITEM00000027,ORD0000100,PROD00022,3,36913.73,0.0,110741.19
ITEM00000028,ORD0001029,PROD00003,2,4841.6,0.0,9683.2
ITEM00000029,ORD0003253,PROD00053,3,32924.49,0.0,98773.47
ITEM00000030,ORD0000613,PROD00036,3,25163.54,0.05,71716.09
ITEM00000031,ORD0003760,PROD00022,1,36913.73,0.05,35068.04
ITEM00000032,ORD0001984,PROD00096,3,8593.11,0.15,21912.43
ITEM00000033,ORD0000200,PROD00043,1,1033.45,0.05,981.78
ITEM00000034,ORD0001489,PROD00049,1,36803.75,0.05,34963.56
ITEM00000035,ORD0003460,PROD00071,3,10168.48,0.05,28980.17
ITEM00000036,ORD0003387,PROD00086,3,7222.29,0.1,19500.18
ITEM00000037,ORD0003817,PROD00068,5,27586.06,0.15,117240.76
ITEM00000038,ORD0003104,PROD00046,3,17992.73,0.0,53978.19
ITEM00000039,ORD0002351,PROD00018,5,18573.59,0.0,92867.95
ITEM00000040,ORD0002206,PROD00032,1,21985.37,0.0,21985.37
ITEM00000041,ORD0003990,PROD00095,1,2383.13,0.0,2383.13
ITEM00000042,ORD0001078,PROD00096,3,8593.11,0.0,25779.33
ITEM00000043,ORD0000380,PROD00036,5,25163.54,0.1,113235.93
ITEM00000044,ORD0003555,PROD00075,4,21538.55,0.15,73231.07
ITEM00000045,ORD0003863,PROD00035,3,29473.68,0.0,88421.04
ITEM00000046,ORD0002053,PROD00045,1,24509.37,0.1,22058.43
ITEM00000047,ORD0003126,PROD00016,1,39122.87,0.0,39122.87
ITEM00000048,ORD0000724,PROD00027,1,6847.94,0.1,6163.15
ITEM00000049,ORD0001597,PROD00097,2,31284.13,0.0,62568.26
ITEM00000050,ORD0002485,PROD00026,5,20955.68,0.1,94300.56
ITEM00000051,ORD0003320,PROD00076,1,8213.19,0.05,7802.53
ITEM00000052,ORD0003678,PROD00006,4,6374.03,0.0,25496.12
ITEM00000053,ORD0000885,PROD00043,1,1033.45,0.05,981.78
ITEM00000054,ORD0002407,PROD00053,3,32924.49,0.0,98773.47
ITEM00000055,ORD0001758,PROD00077,1,4512.83,0.05,4287.19
ITEM00000056,ORD0001392,PROD00072,1,4790.71,0.05,4551.17
ITEM00000057,ORD0000858,PROD00040,5,26930.85,0.1,121188.82
ITEM00000058,ORD0001180,PROD00051,2,26642.17,0.0,53284.34
ITEM00000059,ORD0000101,PROD00006,5,6374.03,0.0,31870.15
ITEM00000060,ORD0003606,PROD00099,2,1583.05,0.0,3166.1
ITEM00000061,ORD0000546,PROD00001,3,24639.04,0.05,70221.26
ITEM00000062,ORD0000777,PROD00081,2,11731.11,0.1,21116.0
ITEM00000063,ORD0001392,PROD00001,3,24639.04,0.05,70221.26
ITEM00000064,ORD0002569,PROD00023,5,10927.01,0.05,51903.3
ITEM00000065,ORD0003711,PROD00086,4,7222.29,0.0,28889.16
ITEM00000066,ORD0002348,PROD00064,4,22156.12,0.05,84193.26
ITEM00000067,ORD0000539,PROD00046,5,17992.73,0.0,89963.65
ITEM00000068,ORD0003027,PROD00028,3,3343.12,0.05,9527.89
ITEM00000069,ORD0001977,PROD00039,4,5270.61,0.0,21082.44
ITEM00000070,ORD0003311,PROD00040,2,26930.85,0.1,48475.53
ITEM00000071,ORD0000382,PROD00034,2,6989.97,0.0,13979.94
ITEM00000072,ORD0002525,PROD00085,1,30956.16,0.1,27860.54
ITEM00000073,ORD0000889,PROD00094,1,30366.64,0.0,30366.64
ITEM00000074,ORD0000366,PROD00034,2,6989.97,0.05,13280.94
ITEM00000075,ORD0003928,PROD00094,2,30366.64,0.05,57696.62
ITEM00000076,ORD0001612,PROD00041,4,31482.01,0.05,119631.64
ITEM00000077,ORD0001598,PROD00094,3,30366.64,0.0,91099.92
ITEM00000078,ORD0004195,PROD00013,2,12889.42,0.15,21912.01
ITEM00000079,ORD0001138,PROD00090,5,24075.28,0.15,102319.94
ITEM00000080,ORD0001938,PROD00047,4,19432.07,0.05,73841.87
ITEM00000081,ORD0000010,PROD00015,5,16977.12,0.0,84885.6
ITEM00000082,ORD0002248,PROD00096,2,8593.11,0.0,17186.22
ITEM00000083,ORD0000033,PROD00033,4,14237.63,0.05,54102.99
ITEM00000084,ORD0000626,PROD00051,1,26642.17,0.0,26642.17
ITEM00000085,ORD0002724,PROD00004,2,14185.5,0.05,26952.45
ITEM00000086,ORD0002147,PROD00079,4,28032.28,0.15,95309.75
ITEM00000087,ORD0000432,PROD00067,2,9721.17,0.0,19442.34
ITEM00000088,ORD0003654,PROD00017,5,1380.2,0.0,6901.0
ITEM00000089,ORD0003099,PROD00083,2,996.44,0.05,1893.24
ITEM00000090,ORD0002629,PROD00054,5,36912.87,0.0,184564.35
ITEM00000091,ORD0001289,PROD00080,2,1983.77,0.15,3372.41
ITEM00000092,ORD0001391,PROD00045,5,24509.37,0.05,116419.51
ITEM00000093,ORD0002278,PROD00047,5,19432.07,0.0,97160.35
ITEM00000094,ORD0004074,PROD00059,1,12601.2,0.0,12601.2
ITEM00000095,ORD0000931,PROD00062,5,15772.0,0.0,78860.0
ITEM00000096,ORD0003397,PROD00021,4,22045.15,0.2,70544.48
ITEM00000097,ORD0000807,PROD00079,2,28032.28,0.1,50458.1
ITEM00000098,ORD0001890,PROD00079,4,28032.28,0.0,112129.12
ITEM00000099,ORD0002911,PROD00020,4,36266.39,0.1,130559.0
ITEM00000100,ORD0002186,PROD00014,1,32042.32,0.15,27235.97
ITEM00000101,ORD0003143,PROD00003,4,4841.6,0.0,19366.4
ITEM00000102,ORD0003976,PROD00055,1,23334.75,0.0,23334.75
ITEM00000103,ORD0003920,PROD00009,1,28460.8,0.05,27037.76
ITEM00000104,ORD0003715,PROD00045,3,24509.37,0.0,73528.11
ITEM00000105,ORD0001709,PROD00068,3,27586.06,0.05,78620.27
ITEM00000106,ORD0002174,PROD00067,2,9721.17,0.1,17498.11
ITEM00000107,ORD0000317,PROD00020,4,36266.39,0.0,145065.56
ITEM00000108,ORD0001444,PROD00081,3,11731.11,0.05,33433.66
ITEM00000109,ORD0003851,PROD00030,5,31849.17,0.05,151283.56
ITEM00000110,ORD0002543,PROD00058,5,18182.64,0.0,90913.2
ITEM00000111,ORD0002784,PROD00068,3,27586.06,0.1,74482.36
ITEM00000112,ORD0001157,PROD00080,4,1983.77,0.05,7538.33
ITEM00000113,ORD0000966,PROD00084,4,33636.84,0.15,114365.26
ITEM00000114,ORD0000900,PROD00001,1,24639.04,0.0,24639.04
ITEM00000115,ORD0000055,PROD00019,3,21401.39,0.0,64204.17
ITEM00000116,ORD0000279,PROD00026,5,20955.68,0.0,104778.4
ITEM00000117,ORD0001790,PROD00017,3,1380.2,0.15,3519.51
ITEM00000118,ORD0002194,PROD00098,2,11569.88,0.0,23139.76
ITEM00000119,ORD0003066,PROD00071,3,10168.48,0.1,27454.9
ITEM00000120,ORD0000275,PROD00003,1,4841.6,0.0,4841.6
ITEM00000121,ORD0003481,PROD00095,1,2383.13,0.0,2383.13
ITEM00000122,ORD0001471,PROD00045,2,24509.37,0.05,46567.8
ITEM00000123,ORD0001079,PROD00062,3,15772.0,0.0,47316.0
ITEM00000124,ORD0000001,PROD00087,3,12584.23,0.1,33977.42
ITEM00000125,ORD0002528,PROD00031,1,27602.46,0.05,26222.34
ITEM00000126,ORD0002798,PROD00058,5,18182.64,0.05,86367.54
ITEM00000127,ORD0002628,PROD00016,1,39122.87,0.0,39122.87
ITEM00000128,ORD0001401,PROD00044,4,25709.47,0.05,97695.99
ITEM00000129,ORD0000560,PROD00020,5,36266.39,0.1,163198.76
ITEM00000130,ORD0001815,PROD00015,1,16977.12,0.15,14430.55
ITEM00000131,ORD0004089,PROD00065,5,15361.54,0.1,69126.93
ITEM00000132,ORD0000071,PROD00058,1,18182.64,0.05,17273.51
ITEM00000133,ORD0000678,PROD00024,4,21256.79,0.05,80775.8
ITEM00000134,ORD0000482,PROD00064,1,22156.12,0.05,21048.31
ITEM00000135,ORD0002234,PROD00080,1,1983.77,0.0,1983.77
ITEM00000136,ORD0001117,PROD00100,5,5870.04,0.0,29350.2
ITEM00000137,ORD0000961,PROD00035,3,29473.68,0.15,75157.88
ITEM00000138,ORD0000277,PROD00080,1,1983.77,0.0,1983.77
ITEM00000139,ORD0000424,PROD00037,3,10709.86,0.05,30523.1
ITEM00000140,ORD0000577,PROD00006,5,6374.03,0.15,27089.63
ITEM00000141,ORD0001790,PROD00003,2,4841.6,0.05,9199.04
ITEM00000142,ORD0001339,PROD00046,4,17992.73,0.05,68372.37
ITEM00000143,ORD0001516,PROD00028,4,3343.12,0.1,12035.23
ITEM00000144,ORD0003576,PROD00032,2,21985.37,0.2,35176.59
ITEM00000145,ORD0000797,PROD00068,1,27586.06,0.0,27586.06
ITEM00000146,ORD0000569,PROD00027,1,6847.94,0.1,6163.15
ITEM00000147,ORD0001788,PROD00096,1,8593.11,0.0,8593.11
ITEM00000148,ORD0002164,PROD00082,1,24230.95,0.15,20596.31
ITEM00000149,ORD0003898,PROD00058,5,18182.64,0.05,86367.54
ITEM00000150,ORD0001924,PROD00068,4,27586.06,0.1,99309.82
ITEM00000151,ORD0000367,PROD00044,1,25709.47,0.15,21853.05
ITEM00000152,ORD0000966,PROD00085,3,30956.16,0.0,92868.48
ITEM00000153,ORD0001483,PROD00080,1,1983.77,0.0,1983.77
ITEM00000154,ORD0001059,PROD00014,1,32042.32,0.15,27235.97
ITEM00000155,ORD0000957,PROD00019,3,21401.39,0.0,64204.17
ITEM00000156,ORD0002141,PROD00048,4,19471.18,0.0,77884.72
ITEM00000157,ORD0000573,PROD00019,3,21401.39,0.0,64204.17
ITEM00000158,ORD0000966,PROD00003,3,4841.6,0.05,13798.56
ITEM00000159,ORD0004122,PROD00016,4,39122.87,0.0,156491.48
ITEM00000160,ORD0002119,PROD00093,1,10532.57,0.0,10532.57
ITEM00000161,ORD0000383,PROD00067,2,9721.17,0.05,18470.22
ITEM00000162,ORD0003886,PROD00096,1,8593.11,0.2,6874.49
ITEM00000163,ORD0000939,PROD00016,4,39122.87,0.0,156491.48
ITEM00000164,ORD0001271,PROD00021,4,22045.15,0.1,79362.54
ITEM00000165,ORD0003873,PROD00023,3,10927.01,0.2,26224.82
ITEM00000166,ORD0000273,PROD00021,1,22045.15,0.0,22045.15
ITEM00000167,ORD0003528,PROD00004,5,14185.5,0.15,60288.38
ITEM00000168,ORD0002023,PROD00026,2,20955.68,0.0,41911.36
ITEM00000169,ORD0002558,PROD00092,3,22785.65,0.1,61521.26
ITEM00000170,ORD0000511,PROD00079,2,28032.28,0.0,56064.56
ITEM00000171,ORD0001264,PROD00062,5,15772.0,0.0,78860.0
ITEM00000172,ORD0001918,PROD00046,4,17992.73,0.15,61175.28
ITEM00000173,ORD0001339,PROD00057,5,31419.96,0.05,149244.81
ITEM00000174,ORD0003655,PROD00008,4,37921.27,0.05,144100.83
ITEM00000175,ORD0002618,PROD00096,4,8593.11,0.0,34372.44
ITEM00000176,ORD0003785,PROD00010,5,21479.33,0.15,91287.15
ITEM00000177,ORD0001139,PROD00059,3,12601.2,0.0,37803.6
ITEM00000178,ORD0000102,PROD00086,3,7222.29,0.05,20583.53
ITEM00000179,ORD0001727,PROD00086,2,7222.29,0.05,13722.35
ITEM00000180,ORD0001091,PROD00094,1,30366.64,0.0,30366.64
ITEM00000181,ORD0001573,PROD00003,3,4841.6,0.05,13798.56
ITEM00000182,ORD0003188,PROD00026,5,20955.68,0.05,99539.48
ITEM00000183,ORD0002146,PROD00036,4,25163.54,0.1,90588.74
ITEM00000184,ORD0003060,PROD00082,1,24230.95,0.0,24230.95
ITEM00000185,ORD0000727,PROD00074,5,7552.65,0.0,37763.25
ITEM00000186,ORD0003863,PROD00047,2,19432.07,0.0,38864.14
ITEM00000187,ORD0000016,PROD00032,3,21985.37,0.1,59360.5
ITEM00000188,ORD0002485,PROD00032,4,21985.37,0.05,83544.41
ITEM00000189,ORD0002471,PROD00083,3,996.44,0.1,2690.39
ITEM00000190,ORD0003928,PROD00051,2,26642.17,0.0,53284.34
ITEM00000191,ORD0000974,PROD00033,2,14237.63,0.1,25627.73
ITEM00000192,ORD0002133,PROD00094,4,30366.64,0.05,115393.23
ITEM00000193,ORD0003736,PROD00071,2,10168.48,0.0,20336.96
ITEM00000194,ORD0003490,PROD00019,5,21401.39,0.0,107006.95
ITEM00000195,ORD0001135,PROD00082,5,24230.95,0.05,115097.01
ITEM00000196,ORD0002419,PROD00096,3,8593.11,0.0,25779.33
ITEM00000197,ORD0002700,PROD00026,5,20955.68,0.0,104778.4
ITEM00000198,ORD0002334,PROD00050,4,29435.69,0.1,105968.48
ITEM00000199,ORD0001974,PROD00067,1,9721.17,0.15,8262.99
ITEM00000200,ORD0001696,PROD00045,4,24509.37,0.05,93135.61
ITEM00000201,ORD0000531,PROD00071,2,10168.48,0.0,20336.96
ITEM00000202,ORD0002222,PROD00041,3,31482.01,0.0,94446.03
ITEM00000203,ORD0003745,PROD00093,4,10532.57,0.0,42130.28
ITEM00000204,ORD0000080,PROD00033,3,14237.63,0.0,42712.89
ITEM00000205,ORD0001913,PROD00008,3,37921.27,0.15,96699.24
ITEM00000206,ORD0002941,PROD00052,1,3686.71,0.0,3686.71
ITEM00000207,ORD0004171,PROD00006,5,6374.03,0.15,27089.63
ITEM00000208,ORD0003195,PROD00037,2,10709.86,0.15,18206.76
ITEM00000209,ORD0001635,PROD00046,3,17992.73,0.05,51279.28
ITEM00000210,ORD0001516,PROD00093,2,10532.57,0.15,17905.37
ITEM00000211,ORD0000334,PROD00049,4,36803.75,0.05,139854.25
ITEM00000212,ORD0000162,PROD00077,3,4512.83,0.0,13538.49
ITEM00000213,ORD0003242,PROD00086,3,7222.29,0.0,21666.87
ITEM00000214,ORD0003702,PROD00043,4,1033.45,0.0,4133.8
ITEM00000215,ORD0000742,PROD00032,2,21985.37,0.0,43970.74
ITEM00000216,ORD0001232,PROD00002,5,9793.58,0.05,46519.5
ITEM00000217,ORD0000828,PROD00033,5,14237.63,0.0,71188.15
ITEM00000218,ORD0001456,PROD00031,1,27602.46,0.05,26222.34
ITEM00000219,ORD0000495,PROD00028,2,3343.12,0.0,6686.24
ITEM00000220,ORD0000029,PROD00097,5,31284.13,0.05,148599.62
ITEM00000221,ORD0003250,PROD00010,4,21479.33,0.05,81621.45
ITEM00000222,ORD0001286,PROD00035,4,29473.68,0.0,117894.72
ITEM00000223,ORD0000837,PROD00009,1,28460.8,0.05,27037.76
ITEM00000224,ORD0002212,PROD00093,2,10532.57,0.0,21065.14
ITEM00000225,ORD0004159,PROD00100,2,5870.04,0.0,11740.08
ITEM00000226,ORD0001274,PROD00061,3,29654.17,0.1,80066.26
ITEM00000227,ORD0003098,PROD00052,1,3686.71,0.0,3686.71
ITEM00000228,ORD0002588,PROD00068,3,27586.06,0.0,82758.18
ITEM00000229,ORD0002286,PROD00038,3,11449.14,0.0,34347.42
ITEM00000230,ORD0003367,PROD00017,5,1380.2,0.05,6555.95
ITEM00000231,ORD0004008,PROD00049,3,36803.75,0.1,99370.12
ITEM00000232,ORD0001138,PROD00046,2,17992.73,0.1,32386.91
ITEM00000233,ORD0002383,PROD00065,4,15361.54,0.1,55301.54
ITEM00000234,ORD0002116,PROD00045,3,24509.37,0.1,66175.3
ITEM00000235,ORD0001478,PROD00036,2,25163.54,0.0,50327.08
ITEM00000236,ORD0001642,PROD00072,1,4790.71,0.1,4311.64
ITEM00000237,ORD0003804,PROD00083,3,996.44,0.0,2989.32
ITEM00000238,ORD0003659,PROD00083,2,996.44,0.2,1594.3
ITEM00000239,ORD0000482,PROD00037,3,10709.86,0.15,27310.14
ITEM00000240,ORD0000558,PROD00070,4,2111.98,0.05,8025.52
ITEM00000241,ORD0002217,PROD00043,4,1033.45,0.05,3927.11
ITEM00000242,ORD0003430,PROD00004,2,14185.5,0.05,26952.45
ITEM00000243,ORD0001759,PROD00024,5,21256.79,0.1,95655.56
ITEM00000244,ORD0003735,PROD00057,4,31419.96,0.05,119395.85
ITEM00000245,ORD0001235,PROD00033,2,14237.63,0.05,27051.5
ITEM00000246,ORD0002698,PROD00059,2,12601.2,0.0,25202.4
ITEM00000247,ORD0003401,PROD00045,5,24509.37,0.05,116419.51
ITEM00000248,ORD0001124,PROD00025,1,14036.44,0.0,14036.44
ITEM00000249,ORD0000673,PROD00029,5,11616.0,0.2,46464.0
ITEM00000250,ORD0000448,PROD00097,4,31284.13,0.05,118879.69
ITEM00000251,ORD0003582,PROD00063,3,12483.91,0.0,37451.73
ITEM00000252,ORD0001877,PROD00063,3,12483.91,0.05,35579.14
ITEM00000253,ORD0003986,PROD00089,4,38999.15,0.1,140396.94
ITEM00000254,ORD0003841,PROD00007,2,3268.05,0.05,6209.3
ITEM00000255,ORD0001819,PROD00021,4,22045.15,0.0,88180.6
ITEM00000256,ORD0000264,PROD00070,5,2111.98,0.05,10031.9
ITEM00000257,ORD0003882,PROD00005,1,25505.44,0.0,25505.44
ITEM00000258,ORD0003934,PROD00037,1,10709.86,0.05,10174.37
ITEM00000259,ORD0002217,PROD00036,2,25163.54,0.1,45294.37
ITEM00000260,ORD0000595,PROD00005,2,25505.44,0.1,45909.79
ITEM00000261,ORD0002654,PROD00005,4,25505.44,0.05,96920.67
ITEM00000262,ORD0003957,PROD00006,4,6374.03,0.1,22946.51
ITEM00000263,ORD0001119,PROD00097,4,31284.13,0.0,125136.52
ITEM00000264,ORD0003431,PROD00035,1,29473.68,0.05,28000.0
ITEM00000265,ORD0000479,PROD00073,5,22314.85,0.1,100416.82
ITEM00000266,ORD0002981,PROD00030,2,31849.17,0.05,60513.42
ITEM00000267,ORD0000059,PROD00082,3,24230.95,0.0,72692.85
ITEM00000268,ORD0003658,PROD00007,4,3268.05,0.0,13072.2
ITEM00000269,ORD0002880,PROD00052,2,3686.71,0.1,6636.08
ITEM00000270,ORD0001206,PROD00008,5,37921.27,0.05,180126.03
ITEM00000271,ORD0000162,PROD00003,3,4841.6,0.05,13798.56
ITEM00000272,ORD0002739,PROD00070,2,2111.98,0.0,4223.96
ITEM00000273,ORD0002293,PROD00052,5,3686.71,0.2,14746.84
ITEM00000274,ORD0000777,PROD00083,2,996.44,0.05,1893.24
ITEM00000275,ORD0001500,PROD00064,3,22156.12,0.0,66468.36
ITEM00000276,ORD0001963,PROD00034,1,6989.97,0.0,6989.97
ITEM00000277,ORD0002738,PROD00003,1,4841.6,0.05,4599.52
ITEM00000278,ORD0000676,PROD00015,2,16977.12,0.0,33954.24
ITEM00000279,ORD0000203,PROD00079,2,28032.28,0.05,53261.33
ITEM00000280,ORD0002908,PROD00037,2,10709.86,0.0,21419.72
ITEM00000281,ORD0002773,PROD00026,4,20955.68,0.1,75440.45
ITEM00000282,ORD0002900,PROD00022,1,36913.73,0.1,33222.36
ITEM00000283,ORD0003055,PROD00011,1,39396.81,0.05,37426.97
ITEM00000284,ORD0003517,PROD00068,2,27586.06,0.05,52413.51
ITEM00000285,ORD0002734,PROD00021,3,22045.15,0.1,59521.91
ITEM00000286,ORD0002418,PROD00019,4,21401.39,0.0,85605.56
ITEM00000287,ORD0000795,PROD00051,2,26642.17,0.05,50620.12
ITEM00000288,ORD0002869,PROD00086,3,7222.29,0.0,21666.87
ITEM00000289,ORD0001491,PROD00016,1,39122.87,0.05,37166.73
ITEM00000290,ORD0003202,PROD00035,3,29473.68,0.1,79578.94
ITEM00000291,ORD0000774,PROD00040,1,26930.85,0.15,22891.22
ITEM00000292,ORD0002732,PROD00010,4,21479.33,0.1,77325.59
ITEM00000293,ORD0004129,PROD00093,2,10532.57,0.15,17905.37
ITEM00000294,ORD0002327,PROD00080,2,1983.77,0.0,3967.54
ITEM00000295,ORD0002803,PROD00016,3,39122.87,0.1,105631.75
ITEM00000296,ORD0001061,PROD00099,2,1583.05,0.0,3166.1
ITEM00000297,ORD0003920,PROD00077,3,4512.83,0.05,12861.57
ITEM00000298,ORD0001788,PROD00081,3,11731.11,0.05,33433.66
ITEM00000299,ORD0003878,PROD00048,5,19471.18,0.05,92488.1
ITEM00000300,ORD0002523,PROD00002,2,9793.58,0.0,19587.16
ITEM00000301,ORD0000779,PROD00017,4,1380.2,0.05,5244.76
ITEM00000302,ORD0001160,PROD00079,2,28032.28,0.0,56064.56
ITEM00000303,ORD0000619,PROD00070,2,2111.98,0.05,4012.76
ITEM00000304,ORD0003676,PROD00098,2,11569.88,0.0,23139.76
ITEM00000305,ORD0002724,PROD00099,3,1583.05,0.15,4036.78
ITEM00000306,ORD0002796,PROD00058,4,18182.64,0.05,69094.03
ITEM00000307,ORD0003923,PROD00036,3,25163.54,0.0,75490.62
ITEM00000308,ORD0001486,PROD00020,3,36266.39,0.0,108799.17
ITEM00000309,ORD0000415,PROD00056,5,23188.7,0.05,110146.32
ITEM00000310,ORD0002949,PROD00028,5,3343.12,0.05,15879.82
ITEM00000311,ORD0000451,PROD00039,4,5270.61,0.0,21082.44
ITEM00000312,ORD0004180,PROD00021,3,22045.15,0.1,59521.91
ITEM00000313,ORD0000213,PROD00041,5,31482.01,0.0,157410.05
ITEM00000314,ORD0000738,PROD00034,4,6989.97,0.1,25163.89
ITEM00000315,ORD0003140,PROD00018,4,18573.59,0.05,70579.64
ITEM00000316,ORD0002015,PROD00082,5,24230.95,0.15,102981.54
ITEM00000317,ORD0001923,PROD00090,4,24075.28,0.1,86671.01
ITEM00000318,ORD0001562,PROD00025,5,14036.44,0.05,66673.09
ITEM00000319,ORD0002210,PROD00098,5,11569.88,0.0,57849.4
ITEM00000320,ORD0001113,PROD00052,4,3686.71,0.0,14746.84
ITEM00000321,ORD0002440,PROD00064,2,22156.12,0.05,42096.63
ITEM00000322,ORD0002469,PROD00061,5,29654.17,0.15,126030.22
ITEM00000323,ORD0002581,PROD00009,5,28460.8,0.1,128073.6
ITEM00000324,ORD0002247,PROD00051,3,26642.17,0.0,79926.51
ITEM00000325,ORD0002724,PROD00083,2,996.44,0.05,1893.24
ITEM00000326,ORD0003396,PROD00014,2,32042.32,0.0,64084.64
ITEM00000327,ORD0000487,PROD00091,4,36997.61,0.05,140590.92
ITEM00000328,ORD0001641,PROD00059,5,12601.2,0.15,53555.1
ITEM00000329,ORD0003005,PROD00089,5,38999.15,0.05,185245.96
ITEM00000330,ORD0002722,PROD00024,3,21256.79,0.2,51016.3
ITEM00000331,ORD0003188,PROD00044,4,25709.47,0.05,97695.99
ITEM00000332,ORD0001341,PROD00086,2,7222.29,0.05,13722.35
ITEM00000333,ORD0003589,PROD00010,5,21479.33,0.05,102026.82
ITEM00000334,ORD0002312,PROD00084,4,33636.84,0.05,127819.99
ITEM00000335,ORD0000319,PROD00046,2,17992.73,0.05,34186.19
ITEM00000336,ORD0002148,PROD00003,4,4841.6,0.0,19366.4
ITEM00000337,ORD0001857,PROD00058,2,18182.64,0.0,36365.28
ITEM00000338,ORD0002136,PROD00078,5,4156.2,0.2,16624.8
ITEM00000339,ORD0002508,PROD00060,5,26022.82,0.0,130114.1
ITEM00000340,ORD0003219,PROD00044,2,25709.47,0.1,46277.05
ITEM00000341,ORD0000572,PROD00083,2,996.44,0.0,1992.88
ITEM00000342,ORD0000382,PROD00049,4,36803.75,0.05,139854.25
ITEM00000343,ORD0001150,PROD00070,3,2111.98,0.15,5385.55
ITEM00000344,ORD0000806,PROD00050,1,29435.69,0.0,29435.69
ITEM00000345,ORD0000423,PROD00028,1,3343.12,0.15,2841.65
ITEM00000346,ORD0003888,PROD00063,3,12483.91,0.15,31833.97
ITEM00000347,ORD0002708,PROD00090,5,24075.28,0.05,114357.58
ITEM00000348,ORD0003678,PROD00021,4,22045.15,0.0,88180.6
ITEM00000349,ORD0001868,PROD00058,3,18182.64,0.05,51820.52
ITEM00000350,ORD0001326,PROD00081,4,11731.11,0.0,46924.44
ITEM00000351,ORD0001182,PROD00078,5,4156.2,0.0,20781.0
ITEM00000352,ORD0001515,PROD00003,3,4841.6,0.1,13072.32
ITEM00000353,ORD0000815,PROD00033,2,14237.63,0.1,25627.73
ITEM00000354,ORD0002015,PROD00037,3,10709.86,0.1,28916.62
ITEM00000355,ORD0001137,PROD00060,5,26022.82,0.1,117102.69
ITEM00000356,ORD0003456,PROD00086,5,7222.29,0.1,32500.3
ITEM00000357,ORD0001238,PROD00076,3,8213.19,0.05,23407.59
ITEM00000358,ORD0000624,PROD00060,2,26022.82,0.0,52045.64
ITEM00000359,ORD0000196,PROD00053,1,32924.49,0.15,27985.82
ITEM00000360,ORD0001636,PROD00029,4,11616.0,0.05,44140.8
ITEM00000361,ORD0000623,PROD00024,1,21256.79,0.05,20193.95
ITEM00000362,ORD0003110,PROD00031,4,27602.46,0.0,110409.84
ITEM00000363,ORD0002064,PROD00029,4,11616.0,0.1,41817.6
ITEM00000364,ORD0003153,PROD00032,3,21985.37,0.15,56062.69
ITEM00000365,ORD0000407,PROD00045,1,24509.37,0.0,24509.37
ITEM00000366,ORD0001309,PROD00070,4,2111.98,0.1,7603.13
ITEM00000367,ORD0002977,PROD00071,4,10168.48,0.1,36606.53
ITEM00000368,ORD0002448,PROD00036,2,25163.54,0.15,42778.02
ITEM00000369,ORD0000042,PROD00041,1,31482.01,0.05,29907.91
ITEM00000370,ORD0001502,PROD00075,2,21538.55,0.0,43077.1
ITEM00000371,ORD0000984,PROD00081,4,11731.11,0.2,37539.55
ITEM00000372,ORD0003695,PROD00061,3,29654.17,0.05,84514.38
ITEM00000373,ORD0002986,PROD00082,4,24230.95,0.15,82385.23
ITEM00000374,ORD0003584,PROD00025,1,14036.44,0.1,12632.8
ITEM00000375,ORD0003943,PROD00083,4,996.44,0.0,3985.76
ITEM00000376,ORD0001084,PROD00031,3,27602.46,0.0,82807.38
ITEM00000377,ORD0002513,PROD00049,1,36803.75,0.05,34963.56
ITEM00000378,ORD0001303,PROD00086,1,7222.29,0.0,7222.29
ITEM00000379,ORD0001405,PROD00030,1,31849.17,0.0,31849.17
ITEM00000380,ORD0003375,PROD00064,4,22156.12,0.1,79762.03
ITEM00000381,ORD0001915,PROD00079,4,28032.28,0.1,100916.21
ITEM00000382,ORD0002489,PROD00014,1,32042.32,0.0,32042.32
ITEM00000383,ORD0004024,PROD00087,1,12584.23,0.0,12584.23
ITEM00000384,ORD0001728,PROD00061,3,29654.17,0.2,71170.01
ITEM00000385,ORD0002039,PROD00035,4,29473.68,0.15,100210.51
ITEM00000386,ORD0002961,PROD00075,4,21538.55,0.15,73231.07
ITEM00000387,ORD0001624,PROD00020,2,36266.39,0.05,68906.14
ITEM00000388,ORD0002848,PROD00031,4,27602.46,0.1,99368.86
ITEM00000389,ORD0001834,PROD00023,1,10927.01,0.0,10927.01
ITEM00000390,ORD0002288,PROD00025,4,14036.44,0.05,53338.47
ITEM00000391,ORD0003750,PROD00075,4,21538.55,0.05,81846.49
ITEM00000392,ORD0001032,PROD00074,5,7552.65,0.05,35875.09
ITEM00000393,ORD0003969,PROD00062,1,15772.0,0.0,15772.0
ITEM00000394,ORD0002322,PROD00005,5,25505.44,0.1,114774.48
ITEM00000395,ORD0001138,PROD00090,1,24075.28,0.0,24075.28
ITEM00000396,ORD0002455,PROD00069,2,20171.63,0.05,38326.1
ITEM00000397,ORD0000259,PROD00092,2,22785.65,0.1,41014.17
ITEM00000398,ORD0004092,PROD00015,2,16977.12,0.0,33954.24
ITEM00000399,ORD0003049,PROD00076,1,8213.19,0.1,7391.87
ITEM00000400,ORD0002492,PROD00046,3,17992.73,0.0,53978.19
ITEM00000401,ORD0000383,PROD00087,4,12584.23,0.0,50336.92
ITEM00000402,ORD0003187,PROD00096,3,8593.11,0.0,25779.33
ITEM00000403,ORD0003830,PROD00026,2,20955.68,0.1,37720.22
ITEM00000404,ORD0001815,PROD00010,3,21479.33,0.05,61216.09
ITEM00000405,ORD0000328,PROD00004,5,14185.5,0.05,67381.12
ITEM00000406,ORD0001779,PROD00036,2,25163.54,0.05,47810.73
ITEM00000407,ORD0001124,PROD00019,3,21401.39,0.0,64204.17
ITEM00000408,ORD0001657,PROD00068,1,27586.06,0.1,24827.45
ITEM00000409,ORD0001691,PROD00072,1,4790.71,0.05,4551.17
ITEM00000410,ORD0002567,PROD00065,3,15361.54,0.1,41476.16
ITEM00000411,ORD0001487,PROD00016,2,39122.87,0.1,70421.17
ITEM00000412,ORD0002646,PROD00037,1,10709.86,0.0,10709.86
ITEM00000413,ORD0003450,PROD00017,2,1380.2,0.05,2622.38
ITEM00000414,ORD0000934,PROD00064,4,22156.12,0.0,88624.48
ITEM00000415,ORD0003490,PROD00016,3,39122.87,0.0,117368.61
ITEM00000416,ORD0002434,PROD00036,3,25163.54,0.15,64167.03
ITEM00000417,ORD0002307,PROD00076,5,8213.19,0.0,41065.95
ITEM00000418,ORD0002053,PROD00065,2,15361.54,0.15,26114.62
ITEM00000419,ORD0001521,PROD00100,4,5870.04,0.05,22306.15
ITEM00000420,ORD0003817,PROD00002,1,9793.58,0.1,8814.22
ITEM00000421,ORD0002613,PROD00067,1,9721.17,0.05,9235.11
ITEM00000422,ORD0002135,PROD00074,4,7552.65,0.0,30210.6
ITEM00000423,ORD0001499,PROD00035,3,29473.68,0.1,79578.94
ITEM00000424,ORD0000665,PROD00047,3,19432.07,0.0,58296.21
ITEM00000425,ORD0000447,PROD00066,4,45048.76,0.0,180195.04
ITEM00000426,ORD0003402,PROD00081,4,11731.11,0.0,46924.44
ITEM00000427,ORD0002382,PROD00055,1,23334.75,0.1,21001.28
ITEM00000428,ORD0000493,PROD00032,5,21985.37,0.2,87941.48
ITEM00000429,ORD0003493,PROD00052,4,3686.71,0.0,14746.84
ITEM00000430,ORD0000940,PROD00064,2,22156.12,0.0,44312.24
ITEM00000431,ORD0002555,PROD00099,1,1583.05,0.0,1583.05
ITEM00000432,ORD0003364,PROD00062,5,15772.0,0.05,74917.0
ITEM00000433,ORD0001446,PROD00082,1,24230.95,0.0,24230.95
ITEM00000434,ORD0003888,PROD00008,2,37921.27,0.2,60674.03
ITEM00000435,ORD0001516,PROD00066,2,45048.76,0.0,90097.52
ITEM00000436,ORD0000070,PROD00059,3,12601.2,0.0,37803.6
ITEM00000437,ORD0002258,PROD00084,4,33636.84,0.05,127819.99
ITEM00000438,ORD0001077,PROD00099,5,1583.05,0.05,7519.49
ITEM00000439,ORD0000325,PROD00041,3,31482.01,0.0,94446.03
ITEM00000440,ORD0000626,PROD00065,3,15361.54,0.15,39171.93
ITEM00000441,ORD0003037,PROD00030,1,31849.17,0.0,31849.17
ITEM00000442,ORD0002230,PROD00032,2,21985.37,0.2,35176.59
ITEM00000443,ORD0002538,PROD00098,3,11569.88,0.05,32974.16
ITEM00000444,ORD0000141,PROD00009,2,28460.8,0.1,51229.44
ITEM00000445,ORD0000244,PROD00089,3,38999.15,0.15,99447.83
ITEM00000446,ORD0004151,PROD00095,4,2383.13,0.0,9532.52
ITEM00000447,ORD0002526,PROD00035,4,29473.68,0.2,94315.78
ITEM00000448,ORD0000280,PROD00007,3,3268.05,0.05,9313.94
ITEM00000449,ORD0001890,PROD00051,5,26642.17,0.0,133210.85
ITEM00000450,ORD0002120,PROD00043,4,1033.45,0.1,3720.42
ITEM00000451,ORD0003460,PROD00052,4,3686.71,0.1,13272.16
ITEM00000452,ORD0000371,PROD00090,4,24075.28,0.05,91486.06
ITEM00000453,ORD0003583,PROD00028,5,3343.12,0.1,15044.04
ITEM00000454,ORD0003734,PROD00044,3,25709.47,0.1,69415.57
ITEM00000455,ORD0003329,PROD00028,1,3343.12,0.2,2674.5
ITEM00000456,ORD0002744,PROD00060,4,26022.82,0.1,93682.15
ITEM00000457,ORD0002242,PROD00096,5,8593.11,0.0,42965.55
ITEM00000458,ORD0000682,PROD00084,4,33636.84,0.05,127819.99
ITEM00000459,ORD0002937,PROD00085,4,30956.16,0.05,117633.41
ITEM00000460,ORD0002027,PROD00037,3,10709.86,0.0,32129.58
ITEM00000461,ORD0003459,PROD00026,3,20955.68,0.0,62867.04
ITEM00000462,ORD0002099,PROD00012,4,41743.91,0.05,158626.86
ITEM00000463,ORD0002299,PROD00100,5,5870.04,0.0,29350.2
ITEM00000464,ORD0000098,PROD00084,1,33636.84,0.05,31955.0
ITEM00000465,ORD0003216,PROD00008,4,37921.27,0.05,144100.83
ITEM00000466,ORD0000298,PROD00006,2,6374.03,0.1,11473.25
ITEM00000467,ORD0004055,PROD00031,4,27602.46,0.15,93848.36
ITEM00000468,ORD0003723,PROD00100,2,5870.04,0.0,11740.08
ITEM00000469,ORD0003645,PROD00035,4,29473.68,0.05,111999.98
ITEM00000470,ORD0002742,PROD00048,5,19471.18,0.1,87620.31
ITEM00000471,ORD0000920,PROD00073,2,22314.85,0.0,44629.7
ITEM00000472,ORD0003119,PROD00073,5,22314.85,0.2,89259.4
ITEM00000473,ORD0002073,PROD00005,3,25505.44,0.0,76516.32
ITEM00000474,ORD0004153,PROD00002,3,9793.58,0.2,23504.59
ITEM00000475,ORD0003385,PROD00080,4,1983.77,0.1,7141.57
ITEM00000476,ORD0000905,PROD00065,3,15361.54,0.0,46084.62
ITEM00000477,ORD0001584,PROD00070,5,2111.98,0.15,8975.91
ITEM00000478,ORD0003144,PROD00097,2,31284.13,0.05,59439.85
ITEM00000479,ORD0001283,PROD00019,5,21401.39,0.15,90955.91
ITEM00000480,ORD0002900,PROD00053,2,32924.49,0.0,65848.98
ITEM00000481,ORD0003370,PROD00021,3,22045.15,0.05,62828.68
ITEM00000482,ORD0003963,PROD00022,3,36913.73,0.0,110741.19
ITEM00000483,ORD0002345,PROD00005,4,25505.44,0.0,102021.76
ITEM00000484,ORD0000842,PROD00002,5,9793.58,0.0,48967.9
ITEM00000485,ORD0002318,PROD00008,5,37921.27,0.15,161165.4
ITEM00000486,ORD0000523,PROD00054,4,36912.87,0.05,140268.91
ITEM00000487,ORD0002684,PROD00045,5,24509.37,0.1,110292.16
ITEM00000488,ORD0003865,PROD00098,2,11569.88,0.0,23139.76
ITEM00000489,ORD0001333,PROD00038,2,11449.14,0.1,20608.45
ITEM00000490,ORD0001156,PROD00081,2,11731.11,0.15,19942.89
ITEM00000491,ORD0002977,PROD00017,1,1380.2,0.1,1242.18
ITEM00000492,ORD0003198,PROD00073,5,22314.85,0.0,111574.25
ITEM00000493,ORD0003662,PROD00044,2,25709.47,0.0,51418.94
ITEM00000494,ORD0001526,PROD00082,3,24230.95,0.05,69058.21
ITEM00000495,ORD0002722,PROD00091,3,36997.61,0.05,105443.19
ITEM00000496,ORD0002254,PROD00076,3,8213.19,0.0,24639.57
ITEM00000497,ORD0002914,PROD00086,2,7222.29,0.0,14444.58
ITEM00000498,ORD0001409,PROD00051,3,26642.17,0.0,79926.51
ITEM00000499,ORD0000642,PROD00031,1,27602.46,0.05,26222.34
ITEM00000500,ORD0003745,PROD00083,4,996.44,0.05,3786.47
ITEM00000501,ORD0002735,PROD00035,2,29473.68,0.05,55999.99
ITEM00000502,ORD0002035,PROD00011,3,39396.81,0.0,118190.43
ITEM00000503,ORD0000820,PROD00053,3,32924.49,0.0,98773.47
ITEM00000504,ORD0003647,PROD00017,5,1380.2,0.0,6901.0
ITEM00000505,ORD0002196,PROD00070,4,2111.98,0.0,8447.92
ITEM00000506,ORD0002666,PROD00040,5,26930.85,0.05,127921.54
ITEM00000507,ORD0002386,PROD00042,1,28474.31,0.05,27050.59
ITEM00000508,ORD0002936,PROD00032,1,21985.37,0.05,20886.1
ITEM00000509,ORD0000218,PROD00067,1,9721.17,0.0,9721.17
ITEM00000510,ORD0000146,PROD00014,1,32042.32,0.1,28838.09
ITEM00000511,ORD0003789,PROD00057,2,31419.96,0.0,62839.92
ITEM00000512,ORD0001824,PROD00068,4,27586.06,0.1,99309.82
ITEM00000513,ORD0000935,PROD00071,4,10168.48,0.15,34572.83
ITEM00000514,ORD0001014,PROD00056,5,23188.7,0.0,115943.5
ITEM00000515,ORD0002285,PROD00086,4,7222.29,0.1,26000.24
ITEM00000516,ORD0002674,PROD00042,3,28474.31,0.0,85422.93
ITEM00000517,ORD0000923,PROD00067,2,9721.17,0.1,17498.11
ITEM00000518,ORD0001421,PROD00038,1,11449.14,0.0,11449.14
ITEM00000519,ORD0002151,PROD00034,5,6989.97,0.05,33202.36
ITEM00000520,ORD0001824,PROD00086,2,7222.29,0.0,14444.58
ITEM00000521,ORD0003375,PROD00030,5,31849.17,0.0,159245.85
ITEM00000522,ORD0002254,PROD00082,1,24230.95,0.0,24230.95
ITEM00000523,ORD0002914,PROD00043,1,1033.45,0.2,826.76
ITEM00000524,ORD0001185,PROD00067,1,9721.17,0.0,9721.17
ITEM00000525,ORD0002736,PROD00078,1,4156.2,0.0,4156.2
ITEM00000526,ORD0001648,PROD00013,1,12889.42,0.0,12889.42
ITEM00000527,ORD0001762,PROD00061,1,29654.17,0.0,29654.17
ITEM00000528,ORD0001365,PROD00089,5,38999.15,0.0,194995.75
ITEM00000529,ORD0002212,PROD00072,2,4790.71,0.05,9102.35
ITEM00000530,ORD0002657,PROD00029,3,11616.0,0.05,33105.6
ITEM00000531,ORD0000904,PROD00033,1,14237.63,0.0,14237.63
ITEM00000532,ORD0001089,PROD00100,1,5870.04,0.05,5576.54
ITEM00000533,ORD0004079,PROD00047,1,19432.07,0.15,16517.26
ITEM00000534,ORD0000656,PROD00026,3,20955.68,0.15,53436.98
ITEM00000535,ORD0001918,PROD00027,5,6847.94,0.0,34239.7
ITEM00000536,ORD0000252,PROD00065,3,15361.54,0.0,46084.62
ITEM00000537,ORD0001307,PROD00037,4,10709.86,0.1,38555.5
ITEM00000538,ORD0003313,PROD00065,3,15361.54,0.0,46084.62
ITEM00000539,ORD0002120,PROD00002,1,9793.58,0.0,9793.58
ITEM00000540,ORD0000384,PROD00023,4,10927.01,0.05,41522.64
ITEM00000541,ORD0000659,PROD00026,1,20955.68,0.05,19907.9
ITEM00000542,ORD0002524,PROD00061,5,29654.17,0.1,133443.76
ITEM00000543,ORD0002673,PROD00003,1,4841.6,0.05,4599.52
ITEM00000544,ORD0000343,PROD00051,1,26642.17,0.0,26642.17
ITEM00000545,ORD0000603,PROD00028,4,3343.12,0.0,13372.48
ITEM00000546,ORD0000767,PROD00001,1,24639.04,0.15,20943.18
ITEM00000547,ORD0002497,PROD00094,5,30366.64,0.05,144241.54
ITEM00000548,ORD0002340,PROD00022,5,36913.73,0.0,184568.65
ITEM00000549,ORD0003608,PROD00098,4,11569.88,0.05,43965.54
ITEM00000550,ORD0000768,PROD00032,5,21985.37,0.0,109926.85
ITEM00000551,ORD0001295,PROD00006,3,6374.03,0.0,19122.09
ITEM00000552,ORD0003033,PROD00044,4,25709.47,0.0,102837.88
ITEM00000553,ORD0001856,PROD00030,2,31849.17,0.0,63698.34
ITEM00000554,ORD0003608,PROD00066,2,45048.76,0.1,81087.77
ITEM00000555,ORD0003285,PROD00087,2,12584.23,0.0,25168.46
ITEM00000556,ORD0003351,PROD00086,5,7222.29,0.05,34305.88
ITEM00000557,ORD0000986,PROD00100,3,5870.04,0.15,14968.6
ITEM00000558,ORD0003051,PROD00026,5,20955.68,0.0,104778.4
ITEM00000559,ORD0001125,PROD00087,3,12584.23,0.15,32089.79
ITEM00000560,ORD0002963,PROD00019,1,21401.39,0.2,17121.11
ITEM00000561,ORD0000572,PROD00084,5,33636.84,0.0,168184.2
ITEM00000562,ORD0001222,PROD00065,2,15361.54,0.1,27650.77
ITEM00000563,ORD0003597,PROD00031,2,27602.46,0.05,52444.67
ITEM00000564,ORD0001095,PROD00049,4,36803.75,0.0,147215.0
ITEM00000565,ORD0001932,PROD00084,2,33636.84,0.05,63910.0
ITEM00000566,ORD0002938,PROD00087,4,12584.23,0.0,50336.92
ITEM00000567,ORD0003232,PROD00003,4,4841.6,0.05,18398.08
ITEM00000568,ORD0000377,PROD00041,4,31482.01,0.1,113335.24
ITEM00000569,ORD0003660,PROD00087,3,12584.23,0.1,33977.42
ITEM00000570,ORD0000249,PROD00027,3,6847.94,0.05,19516.63
ITEM00000571,ORD0000245,PROD00031,2,27602.46,0.05,52444.67
ITEM00000572,ORD0000480,PROD00055,3,23334.75,0.05,66504.04
ITEM00000573,ORD0003492,PROD00088,4,32457.45,0.0,129829.8
ITEM00000574,ORD0003027,PROD00066,2,45048.76,0.0,90097.52
ITEM00000575,ORD0004050,PROD00018,2,18573.59,0.0,37147.18
ITEM00000576,ORD0001195,PROD00078,2,4156.2,0.1,7481.16
ITEM00000577,ORD0002826,PROD00030,4,31849.17,0.1,114657.01
ITEM00000578,ORD0003650,PROD00036,1,25163.54,0.1,22647.19
ITEM00000579,ORD0003620,PROD00100,5,5870.04,0.15,24947.67
ITEM00000580,ORD0000440,PROD00059,2,12601.2,0.0,25202.4
ITEM00000581,ORD0002475,PROD00048,3,19471.18,0.0,58413.54
ITEM00000582,ORD0000239,PROD00054,4,36912.87,0.2,118121.18
ITEM00000583,ORD0003434,PROD00046,5,17992.73,0.2,71970.92
ITEM00000584,ORD0003011,PROD00052,5,3686.71,0.0,18433.55
ITEM00000585,ORD0000305,PROD00076,1,8213.19,0.05,7802.53
ITEM00000586,ORD0001051,PROD00015,5,16977.12,0.1,76397.04
ITEM00000587,ORD0000912,PROD00067,2,9721.17,0.15,16525.99
ITEM00000588,ORD0001569,PROD00004,4,14185.5,0.05,53904.9
ITEM00000589,ORD0002717,PROD00090,3,24075.28,0.0,72225.84
ITEM00000590,ORD0003170,PROD00090,5,24075.28,0.0,120376.4
ITEM00000591,ORD0000852,PROD00067,1,9721.17,0.15,8262.99
ITEM00000592,ORD0003702,PROD00071,4,10168.48,0.15,34572.83
ITEM00000593,ORD0001635,PROD00068,4,27586.06,0.05,104827.03
ITEM00000594,ORD0003655,PROD00054,5,36912.87,0.0,184564.35
ITEM00000595,ORD0002713,PROD00088,5,32457.45,0.05,154172.89
ITEM00000596,ORD0000752,PROD00063,5,12483.91,0.15,53056.62
ITEM00000597,ORD0003232,PROD00068,5,27586.06,0.0,137930.3
ITEM00000598,ORD0003749,PROD00067,2,9721.17,0.05,18470.22
ITEM00000599,ORD0001881,PROD00052,5,3686.71,0.0,18433.55
ITEM00000600,ORD0002574,PROD00049,1,36803.75,0.05,34963.56
ITEM00000601,ORD0003987,PROD00063,4,12483.91,0.05,47438.86
ITEM00000602,ORD0003744,PROD00028,4,3343.12,0.1,12035.23
ITEM00000603,ORD0002525,PROD00090,2,24075.28,0.05,45743.03
ITEM00000604,ORD0003134,PROD00074,4,7552.65,0.05,28700.07
ITEM00000605,ORD0003653,PROD00014,2,32042.32,0.05,60880.41
ITEM00000606,ORD0001406,PROD00018,3,18573.59,0.15,47362.65
ITEM00000607,ORD0002936,PROD00094,1,30366.64,0.05,28848.31
ITEM00000608,ORD0003100,PROD00005,3,25505.44,0.0,76516.32
ITEM00000609,ORD0003218,PROD00054,4,36912.87,0.0,147651.48
ITEM00000610,ORD0002192,PROD00080,5,1983.77,0.15,8431.02
ITEM00000611,ORD0003606,PROD00095,3,2383.13,0.05,6791.92
ITEM00000612,ORD0001421,PROD00062,4,15772.0,0.0,63088.0
ITEM00000613,ORD0001908,PROD00049,5,36803.75,0.0,184018.75
ITEM00000614,ORD0001350,PROD00041,4,31482.01,0.0,125928.04
ITEM00000615,ORD0002767,PROD00094,5,30366.64,0.05,144241.54
ITEM00000616,ORD0003356,PROD00065,5,15361.54,0.1,69126.93
ITEM00000617,ORD0003785,PROD00094,4,30366.64,0.05,115393.23
ITEM00000618,ORD0002559,PROD00078,4,4156.2,0.0,16624.8
ITEM00000619,ORD0003741,PROD00040,3,26930.85,0.0,80792.55
ITEM00000620,ORD0000554,PROD00043,3,1033.45,0.05,2945.33
ITEM00000621,ORD0001924,PROD00075,3,21538.55,0.15,54923.3
ITEM00000622,ORD0004001,PROD00075,1,21538.55,0.0,21538.55
ITEM00000623,ORD0003895,PROD00047,5,19432.07,0.1,87444.32
ITEM00000624,ORD0000566,PROD00083,3,996.44,0.0,2989.32
ITEM00000625,ORD0000802,PROD00041,1,31482.01,0.05,29907.91
ITEM00000626,ORD0000367,PROD00084,5,33636.84,0.15,142956.57
ITEM00000627,ORD0001126,PROD00016,2,39122.87,0.0,78245.74
ITEM00000628,ORD0001393,PROD00010,3,21479.33,0.1,57994.19
ITEM00000629,ORD0003117,PROD00076,3,8213.19,0.05,23407.59
ITEM00000630,ORD0002317,PROD00060,1,26022.82,0.0,26022.82
ITEM00000631,ORD0003107,PROD00001,2,24639.04,0.0,49278.08
ITEM00000632,ORD0003086,PROD00009,2,28460.8,0.05,54075.52
ITEM00000633,ORD0003987,PROD00100,2,5870.04,0.05,11153.08
ITEM00000634,ORD0003245,PROD00014,3,32042.32,0.05,91320.61
ITEM00000635,ORD0001141,PROD00059,3,12601.2,0.05,35913.42
ITEM00000636,ORD0000902,PROD00017,3,1380.2,0.0,4140.6
ITEM00000637,ORD0001465,PROD00017,5,1380.2,0.05,6555.95
ITEM00000638,ORD0004165,PROD00035,2,29473.68,0.1,53052.62
ITEM00000639,ORD0003901,PROD00044,1,25709.47,0.1,23138.52
ITEM00000640,ORD0002186,PROD00064,3,22156.12,0.05,63144.94
ITEM00000641,ORD0000114,PROD00061,5,29654.17,0.2,118616.68
ITEM00000642,ORD0000906,PROD00079,5,28032.28,0.0,140161.4
ITEM00000643,ORD0001340,PROD00089,1,38999.15,0.0,38999.15
ITEM00000644,ORD0002078,PROD00035,4,29473.68,0.05,111999.98
ITEM00000645,ORD0001575,PROD00019,4,21401.39,0.0,85605.56
ITEM00000646,ORD0000329,PROD00015,1,16977.12,0.05,16128.26
ITEM00000647,ORD0000221,PROD00054,2,36912.87,0.0,73825.74
ITEM00000648,ORD0003067,PROD00070,4,2111.98,0.0,8447.92
ITEM00000649,ORD0000787,PROD00091,5,36997.61,0.05,175738.65
ITEM00000650,ORD0002432,PROD00069,4,20171.63,0.1,72617.87
ITEM00000651,ORD0003722,PROD00030,2,31849.17,0.05,60513.42
ITEM00000652,ORD0002128,PROD00052,1,3686.71,0.05,3502.37
ITEM00000653,ORD0001938,PROD00020,2,36266.39,0.0,72532.78
ITEM00000654,ORD0001127,PROD00085,5,30956.16,0.0,154780.8
ITEM00000655,ORD0003705,PROD00055,2,23334.75,0.1,42002.55
ITEM00000656,ORD0000587,PROD00008,4,37921.27,0.05,144100.83
ITEM00000657,ORD0001809,PROD00093,5,10532.57,0.15,44763.42
ITEM00000658,ORD0001328,PROD00048,4,19471.18,0.0,77884.72
ITEM00000659,ORD0000367,PROD00073,5,22314.85,0.0,111574.25
ITEM00000660,ORD0000419,PROD00051,2,26642.17,0.15,45291.69
ITEM00000661,ORD0001397,PROD00001,3,24639.04,0.0,73917.12
ITEM00000662,ORD0002597,PROD00019,4,21401.39,0.05,81325.28
ITEM00000663,ORD0003087,PROD00083,3,996.44,0.05,2839.85
ITEM00000664,ORD0002925,PROD00057,5,31419.96,0.05,149244.81
ITEM00000665,ORD0000588,PROD00051,5,26642.17,0.15,113229.22
ITEM00000666,ORD0003223,PROD00043,5,1033.45,0.05,4908.89
ITEM00000667,ORD0002139,PROD00098,2,11569.88,0.05,21982.77
ITEM00000668,ORD0000908,PROD00016,1,39122.87,0.0,39122.87
ITEM00000669,ORD0003030,PROD00056,4,23188.7,0.0,92754.8
ITEM00000670,ORD0002154,PROD00040,3,26930.85,0.1,72713.3
ITEM00000671,ORD0002980,PROD00085,3,30956.16,0.0,92868.48
ITEM00000672,ORD0002529,PROD00007,2,3268.05,0.1,5882.49
ITEM00000673,ORD0002454,PROD00038,2,11449.14,0.0,22898.28
ITEM00000674,ORD0000634,PROD00078,4,4156.2,0.15,14131.08
ITEM00000675,ORD0000025,PROD00100,1,5870.04,0.0,5870.04
ITEM00000676,ORD0001901,PROD00084,1,33636.84,0.05,31955.0
ITEM00000677,ORD0000396,PROD00048,3,19471.18,0.0,58413.54
ITEM00000678,ORD0000331,PROD00050,1,29435.69,0.0,29435.69
ITEM00000679,ORD0002651,PROD00063,4,12483.91,0.0,49935.64
ITEM00000680,ORD0003719,PROD00042,1,28474.31,0.05,27050.59
ITEM00000681,ORD0001682,PROD00006,1,6374.03,0.05,6055.33
ITEM00000682,ORD0000808,PROD00074,4,7552.65,0.1,27189.54
ITEM00000683,ORD0002446,PROD00082,4,24230.95,0.05,92077.61
ITEM00000684,ORD0002035,PROD00070,2,2111.98,0.15,3590.37
ITEM00000685,ORD0003921,PROD00032,3,21985.37,0.1,59360.5
ITEM00000686,ORD0003807,PROD00048,5,19471.18,0.2,77884.72
ITEM00000687,ORD0000302,PROD00013,4,12889.42,0.15,43824.03
ITEM00000688,ORD0000246,PROD00022,2,36913.73,0.2,59061.97
ITEM00000689,ORD0000454,PROD00002,5,9793.58,0.0,48967.9
ITEM00000690,ORD0004000,PROD00099,5,1583.05,0.15,6727.96
ITEM00000691,ORD0002161,PROD00005,1,25505.44,0.1,22954.9
ITEM00000692,ORD0002885,PROD00091,2,36997.61,0.05,70295.46
ITEM00000693,ORD0000267,PROD00100,1,5870.04,0.0,5870.04
ITEM00000694,ORD0004196,PROD00034,5,6989.97,0.0,34949.85
ITEM00000695,ORD0001727,PROD00039,1,5270.61,0.0,5270.61
ITEM00000696,ORD0002934,PROD00022,1,36913.73,0.0,36913.73
ITEM00000697,ORD0001497,PROD00028,5,3343.12,0.0,16715.6
ITEM00000698,ORD0002318,PROD00054,3,36912.87,0.1,99664.75
ITEM00000699,ORD0003753,PROD00055,5,23334.75,0.05,110840.06
ITEM00000700,ORD0000790,PROD00060,3,26022.82,0.0,78068.46
ITEM00000701,ORD0001794,PROD00061,3,29654.17,0.15,75618.13
ITEM00000702,ORD0001937,PROD00028,3,3343.12,0.0,10029.36
ITEM00000703,ORD0003942,PROD00031,1,27602.46,0.0,27602.46
ITEM00000704,ORD0001806,PROD00019,1,21401.39,0.1,19261.25
ITEM00000705,ORD0000748,PROD00040,3,26930.85,0.15,68673.67
ITEM00000706,ORD0003783,PROD00040,1,26930.85,0.0,26930.85
ITEM00000707,ORD0003018,PROD00090,4,24075.28,0.0,96301.12
ITEM00000708,ORD0001932,PROD00035,3,29473.68,0.1,79578.94
ITEM00000709,ORD0000323,PROD00016,4,39122.87,0.05,148666.91
ITEM00000710,ORD0000847,PROD00035,2,29473.68,0.0,58947.36
ITEM00000711,ORD0002807,PROD00046,3,17992.73,0.1,48580.37
ITEM00000712,ORD0003308,PROD00051,3,26642.17,0.0,79926.51
ITEM00000713,ORD0003888,PROD00037,4,10709.86,0.0,42839.44
ITEM00000714,ORD0002730,PROD00083,5,996.44,0.0,4982.2
ITEM00000715,ORD0003651,PROD00017,4,1380.2,0.0,5520.8
ITEM00000716,ORD0001343,PROD00056,5,23188.7,0.05,110146.32
ITEM00000717,ORD0000052,PROD00012,5,41743.91,0.05,198283.57
ITEM00000718,ORD0001339,PROD00059,3,12601.2,0.05,35913.42
ITEM00000719,ORD0002283,PROD00090,2,24075.28,0.15,40927.98
ITEM00000720,ORD0002074,PROD00082,2,24230.95,0.1,43615.71
ITEM00000721,ORD0000132,PROD00017,1,1380.2,0.1,1242.18
ITEM00000722,ORD0003530,PROD00030,4,31849.17,0.1,114657.01
ITEM00000723,ORD0001317,PROD00050,1,29435.69,0.15,25020.34
ITEM00000724,ORD0001427,PROD00045,5,24509.37,0.0,122546.85
ITEM00000725,ORD0001742,PROD00087,1,12584.23,0.0,12584.23
ITEM00000726,ORD0003999,PROD00081,2,11731.11,0.15,19942.89
ITEM00000727,ORD0001100,PROD00099,1,1583.05,0.1,1424.74
ITEM00000728,ORD0003106,PROD00004,4,14185.5,0.1,51067.8
ITEM00000729,ORD0000141,PROD00016,2,39122.87,0.0,78245.74
ITEM00000730,ORD0004060,PROD00067,4,9721.17,0.05,36940.45
ITEM00000731,ORD0003950,PROD00062,2,15772.0,0.05,29966.8
ITEM00000732,ORD0001494,PROD00087,4,12584.23,0.05,47820.07
ITEM00000733,ORD0001043,PROD00041,3,31482.01,0.0,94446.03
ITEM00000734,ORD0000556,PROD00010,1,21479.33,0.05,20405.36
ITEM00000735,ORD0001302,PROD00038,5,11449.14,0.0,57245.7
ITEM00000736,ORD0000631,PROD00027,5,6847.94,0.15,29103.74
ITEM00000737,ORD0001248,PROD00026,3,20955.68,0.1,56580.34
ITEM00000738,ORD0001412,PROD00008,3,37921.27,0.0,113763.81
ITEM00000739,ORD0002797,PROD00053,1,32924.49,0.1,29632.04
ITEM00000740,ORD0003984,PROD00025,2,14036.44,0.0,28072.88
ITEM00000741,ORD0000722,PROD00090,4,24075.28,0.1,86671.01
ITEM00000742,ORD0001155,PROD00031,4,27602.46,0.05,104889.35
ITEM00000743,ORD0001633,PROD00048,4,19471.18,0.1,70096.25
ITEM00000744,ORD0002313,PROD00025,5,14036.44,0.15,59654.87
ITEM00000745,ORD0000455,PROD00032,5,21985.37,0.0,109926.85
ITEM00000746,ORD0002716,PROD00097,4,31284.13,0.1,112622.87
ITEM00000747,ORD0002988,PROD00076,4,8213.19,0.1,29567.48
ITEM00000748,ORD0002469,PROD00086,3,7222.29,0.0,21666.87
ITEM00000749,ORD0003429,PROD00001,3,24639.04,0.1,66525.41
ITEM00000750,ORD0002618,PROD00002,3,9793.58,0.2,23504.59
ITEM00000751,ORD0003849,PROD00083,2,996.44,0.05,1893.24
ITEM00000752,ORD0000790,PROD00086,2,7222.29,0.05,13722.35
ITEM00000753,ORD0002408,PROD00061,2,29654.17,0.05,56342.92
ITEM00000754,ORD0001142,PROD00073,5,22314.85,0.0,111574.25
ITEM00000755,ORD0000318,PROD00036,5,25163.54,0.05,119526.82
ITEM00000756,ORD0001275,PROD00079,5,28032.28,0.15,119137.19
ITEM00000757,ORD0001524,PROD00098,2,11569.88,0.0,23139.76
ITEM00000758,ORD0002263,PROD00013,1,12889.42,0.1,11600.48
ITEM00000759,ORD0003446,PROD00024,1,21256.79,0.1,19131.11
ITEM00000760,ORD0003408,PROD00040,2,26930.85,0.05,51168.62
ITEM00000761,ORD0004115,PROD00047,2,19432.07,0.0,38864.14
ITEM00000762,ORD0002236,PROD00011,2,39396.81,0.05,74853.94
ITEM00000763,ORD0000535,PROD00070,5,2111.98,0.0,10559.9
ITEM00000764,ORD0003480,PROD00052,3,3686.71,0.0,11060.13
ITEM00000765,ORD0001377,PROD00034,1,6989.97,0.15,5941.47
ITEM00000766,ORD0001383,PROD00080,3,1983.77,0.0,5951.31
ITEM00000767,ORD0003427,PROD00086,1,7222.29,0.0,7222.29
ITEM00000768,ORD0004193,PROD00077,5,4512.83,0.0,22564.15
ITEM00000769,ORD0001922,PROD00074,4,7552.65,0.05,28700.07
ITEM00000770,ORD0003727,PROD00004,3,14185.5,0.0,42556.5
ITEM00000771,ORD0000173,PROD00031,1,27602.46,0.15,23462.09
ITEM00000772,ORD0001269,PROD00071,5,10168.48,0.0,50842.4
ITEM00000773,ORD0003310,PROD00022,3,36913.73,0.05,105204.13
ITEM00000774,ORD0003795,PROD00030,1,31849.17,0.05,30256.71
ITEM00000775,ORD0000183,PROD00048,2,19471.18,0.1,35048.12
ITEM00000776,ORD0003095,PROD00043,3,1033.45,0.1,2790.32
ITEM00000777,ORD0002791,PROD00078,4,4156.2,0.15,14131.08
ITEM00000778,ORD0002676,PROD00053,2,32924.49,0.05,62556.53
ITEM00000779,ORD0004090,PROD00040,3,26930.85,0.0,80792.55
ITEM00000780,ORD0000521,PROD00064,1,22156.12,0.0,22156.12
ITEM00000781,ORD0001480,PROD00068,5,27586.06,0.0,137930.3
ITEM00000782,ORD0003079,PROD00026,1,20955.68,0.1,18860.11
ITEM00000783,ORD0002525,PROD00093,5,10532.57,0.05,50029.71
ITEM00000784,ORD0003380,PROD00015,1,16977.12,0.0,16977.12
ITEM00000785,ORD0001607,PROD00023,4,10927.01,0.0,43708.04
ITEM00000786,ORD0000951,PROD00010,5,21479.33,0.1,96656.99
ITEM00000787,ORD0000611,PROD00092,2,22785.65,0.05,43292.74
ITEM00000788,ORD0001065,PROD00083,2,996.44,0.15,1693.95
ITEM00000789,ORD0002249,PROD00097,4,31284.13,0.0,125136.52
ITEM00000790,ORD0000720,PROD00090,5,24075.28,0.1,108338.76
ITEM00000791,ORD0000765,PROD00040,4,26930.85,0.05,102337.23
ITEM00000792,ORD0000434,PROD00049,2,36803.75,0.15,62566.38
ITEM00000793,ORD0002314,PROD00029,5,11616.0,0.1,52272.0
ITEM00000794,ORD0000990,PROD00087,4,12584.23,0.15,42786.38
ITEM00000795,ORD0003603,PROD00010,3,21479.33,0.0,64437.99
ITEM00000796,ORD0003102,PROD00042,2,28474.31,0.0,56948.62
ITEM00000797,ORD0001251,PROD00001,2,24639.04,0.0,49278.08
ITEM00000798,ORD0003877,PROD00097,1,31284.13,0.0,31284.13
ITEM00000799,ORD0002140,PROD00014,4,32042.32,0.05,121760.82
ITEM00000800,ORD0000066,PROD00078,3,4156.2,0.15,10598.31
ITEM00000801,ORD0001233,PROD00040,5,26930.85,0.0,134654.25
ITEM00000802,ORD0002812,PROD00012,5,41743.91,0.05,198283.57
ITEM00000803,ORD0003511,PROD00032,3,21985.37,0.0,65956.11
ITEM00000804,ORD0001665,PROD00048,2,19471.18,0.05,36995.24
ITEM00000805,ORD0001365,PROD00059,4,12601.2,0.0,50404.8
ITEM00000806,ORD0001031,PROD00058,2,18182.64,0.1,32728.75
ITEM00000807,ORD0001426,PROD00072,1,4790.71,0.1,4311.64
ITEM00000808,ORD0004191,PROD00037,5,10709.86,0.0,53549.3
ITEM00000809,ORD0001022,PROD00084,1,33636.84,0.05,31955.0
ITEM00000810,ORD0002086,PROD00026,3,20955.68,0.2,50293.63
ITEM00000811,ORD0002373,PROD00058,1,18182.64,0.0,18182.64
ITEM00000812,ORD0003534,PROD00025,1,14036.44,0.15,11930.97
ITEM00000813,ORD0001461,PROD00004,3,14185.5,0.15,36173.02
ITEM00000814,ORD0000682,PROD00048,2,19471.18,0.05,36995.24
ITEM00000815,ORD0001575,PROD00001,1,24639.04,0.05,23407.09
ITEM00000816,ORD0000480,PROD00053,4,32924.49,0.15,111943.27
ITEM00000817,ORD0002224,PROD00033,2,14237.63,0.05,27051.5
ITEM00000818,ORD0001800,PROD00033,3,14237.63,0.1,38441.6
ITEM00000819,ORD0001684,PROD00011,5,39396.81,0.05,187134.85
ITEM00000820,ORD0000977,PROD00098,3,11569.88,0.1,31238.68
ITEM00000821,ORD0002757,PROD00089,5,38999.15,0.05,185245.96
ITEM00000822,ORD0001639,PROD00031,5,27602.46,0.2,110409.84
ITEM00000823,ORD0003119,PROD00046,3,17992.73,0.0,53978.19
ITEM00000824,ORD0002493,PROD00076,2,8213.19,0.0,16426.38
ITEM00000825,ORD0000687,PROD00026,4,20955.68,0.1,75440.45
ITEM00000826,ORD0003420,PROD00084,3,33636.84,0.05,95864.99
ITEM00000827,ORD0001832,PROD00088,2,32457.45,0.15,55177.66
ITEM00000828,ORD0003774,PROD00039,2,5270.61,0.05,10014.16
ITEM00000829,ORD0002429,PROD00060,1,26022.82,0.0,26022.82
ITEM00000830,ORD0000989,PROD00061,2,29654.17,0.05,56342.92
ITEM00000831,ORD0003741,PROD00099,4,1583.05,0.0,6332.2
ITEM00000832,ORD0003404,PROD00060,2,26022.82,0.1,46841.08
ITEM00000833,ORD0001904,PROD00092,1,22785.65,0.0,22785.65
ITEM00000834,ORD0002373,PROD00042,1,28474.31,0.05,27050.59
ITEM00000835,ORD0000485,PROD00094,5,30366.64,0.0,151833.2
ITEM00000836,ORD0002581,PROD00055,4,23334.75,0.0,93339.0
ITEM00000837,ORD0003100,PROD00032,2,21985.37,0.15,37375.13
ITEM00000838,ORD0002742,PROD00055,4,23334.75,0.2,74671.2
ITEM00000839,ORD0003457,PROD00048,2,19471.18,0.05,36995.24
ITEM00000840,ORD0000848,PROD00022,5,36913.73,0.1,166111.79
ITEM00000841,ORD0002552,PROD00067,1,9721.17,0.1,8749.05
ITEM00000842,ORD0002524,PROD00091,2,36997.61,0.0,73995.22
ITEM00000843,ORD0000717,PROD00095,4,2383.13,0.15,8102.64
ITEM00000844,ORD0001686,PROD00009,4,28460.8,0.0,113843.2
ITEM00000845,ORD0002479,PROD00018,5,18573.59,0.15,78937.76
ITEM00000846,ORD0000071,PROD00025,1,14036.44,0.0,14036.44
ITEM00000847,ORD0000107,PROD00053,5,32924.49,0.05,156391.33
ITEM00000848,ORD0002922,PROD00084,2,33636.84,0.1,60546.31
ITEM00000849,ORD0000543,PROD00026,2,20955.68,0.0,41911.36
ITEM00000850,ORD0002877,PROD00075,2,21538.55,0.15,36615.53
ITEM00000851,ORD0000029,PROD00082,2,24230.95,0.1,43615.71
ITEM00000852,ORD0000128,PROD00021,3,22045.15,0.1,59521.91
ITEM00000853,ORD0000857,PROD00040,2,26930.85,0.05,51168.62
ITEM00000854,ORD0003046,PROD00013,4,12889.42,0.05,48979.8
ITEM00000855,ORD0003414,PROD00065,2,15361.54,0.05,29186.93
ITEM00000856,ORD0003446,PROD00034,5,6989.97,0.0,34949.85
ITEM00000857,ORD0003062,PROD00007,5,3268.05,0.15,13889.21
ITEM00000858,ORD0002017,PROD00068,2,27586.06,0.05,52413.51
ITEM00000859,ORD0001651,PROD00022,4,36913.73,0.1,132889.43
ITEM00000860,ORD0001238,PROD00061,5,29654.17,0.2,118616.68
ITEM00000861,ORD0001220,PROD00087,1,12584.23,0.05,11955.02
ITEM00000862,ORD0002703,PROD00071,3,10168.48,0.1,27454.9
ITEM00000863,ORD0000666,PROD00006,1,6374.03,0.05,6055.33
ITEM00000864,ORD0000018,PROD00074,3,7552.65,0.0,22657.95
ITEM00000865,ORD0002750,PROD00007,3,3268.05,0.0,9804.15
ITEM00000866,ORD0002167,PROD00071,2,10168.48,0.0,20336.96
ITEM00000867,ORD0001798,PROD00086,2,7222.29,0.1,13000.12
ITEM00000868,ORD0002905,PROD00037,3,10709.86,0.1,28916.62
ITEM00000869,ORD0003175,PROD00098,3,11569.88,0.0,34709.64
ITEM00000870,ORD0000490,PROD00033,3,14237.63,0.05,40577.25
ITEM00000871,ORD0002916,PROD00058,1,18182.64,0.0,18182.64
ITEM00000872,ORD0000910,PROD00055,3,23334.75,0.0,70004.25
ITEM00000873,ORD0000184,PROD00017,1,1380.2,0.0,1380.2
ITEM00000874,ORD0003349,PROD00020,5,36266.39,0.05,172265.35
ITEM00000875,ORD0002400,PROD00025,1,14036.44,0.05,13334.62
ITEM00000876,ORD0000822,PROD00064,2,22156.12,0.2,35449.79
ITEM00000877,ORD0001917,PROD00043,1,1033.45,0.1,930.1
ITEM00000878,ORD0000234,PROD00013,5,12889.42,0.0,64447.1
ITEM00000879,ORD0001867,PROD00056,1,23188.7,0.2,18550.96
ITEM00000880,ORD0002560,PROD00025,2,14036.44,0.0,28072.88
ITEM00000881,ORD0002987,PROD00056,1,23188.7,0.05,22029.26
ITEM00000882,ORD0003706,PROD00045,1,24509.37,0.1,22058.43
ITEM00000883,ORD0000562,PROD00072,1,4790.71,0.05,4551.17
ITEM00000884,ORD0002688,PROD00008,1,37921.27,0.2,30337.02
ITEM00000885,ORD0001980,PROD00074,3,7552.65,0.05,21525.05
ITEM00000886,ORD0002038,PROD00022,5,36913.73,0.05,175340.22
ITEM00000887,ORD0004120,PROD00076,1,8213.19,0.05,7802.53
ITEM00000888,ORD0000866,PROD00093,2,10532.57,0.15,17905.37
ITEM00000889,ORD0001747,PROD00018,4,18573.59,0.05,70579.64
ITEM00000890,ORD0003401,PROD00053,4,32924.49,0.05,125113.06
ITEM00000891,ORD0003510,PROD00035,5,29473.68,0.1,132631.56
ITEM00000892,ORD0001371,PROD00087,3,12584.23,0.0,37752.69
ITEM00000893,ORD0002404,PROD00080,4,1983.77,0.0,7935.08
ITEM00000894,ORD0002368,PROD00096,2,8593.11,0.05,16326.91
ITEM00000895,ORD0000662,PROD00029,2,11616.0,0.0,23232.0
ITEM00000896,ORD0000546,PROD00022,4,36913.73,0.1,132889.43
ITEM00000897,ORD0000506,PROD00022,5,36913.73,0.1,166111.79
ITEM00000898,ORD0001135,PROD00051,4,26642.17,0.15,90583.38
ITEM00000899,ORD0002165,PROD00075,4,21538.55,0.0,86154.2
ITEM00000900,ORD0004122,PROD00035,3,29473.68,0.0,88421.04
ITEM00000901,ORD0001625,PROD00087,4,12584.23,0.05,47820.07
ITEM00000902,ORD0003020,PROD00072,5,4790.71,0.0,23953.55
ITEM00000903,ORD0000768,PROD00041,1,31482.01,0.0,31482.01
ITEM00000904,ORD0002273,PROD00013,3,12889.42,0.05,36734.85
ITEM00000905,ORD0002442,PROD00004,1,14185.5,0.0,14185.5
ITEM00000906,ORD0004163,PROD00066,2,45048.76,0.05,85592.64
ITEM00000907,ORD0000183,PROD00057,4,31419.96,0.0,125679.84
ITEM00000908,ORD0003374,PROD00012,4,41743.91,0.0,166975.64
ITEM00000909,ORD0003811,PROD00002,5,9793.58,0.05,46519.5
ITEM00000910,ORD0001876,PROD00077,1,4512.83,0.15,3835.91
ITEM00000911,ORD0003512,PROD00091,3,36997.61,0.05,105443.19
ITEM00000912,ORD0001181,PROD00081,2,11731.11,0.0,23462.22
ITEM00000913,ORD0003428,PROD00044,4,25709.47,0.1,92554.09
ITEM00000914,ORD0002587,PROD00047,1,19432.07,0.15,16517.26
ITEM00000915,ORD0001231,PROD00070,3,2111.98,0.0,6335.94
ITEM00000916,ORD0001305,PROD00070,4,2111.98,0.0,8447.92
ITEM00000917,ORD0001708,PROD00070,1,2111.98,0.05,2006.38
ITEM00000918,ORD0003732,PROD00029,4,11616.0,0.15,39494.4
ITEM00000919,ORD0000253,PROD00095,5,2383.13,0.0,11915.65
ITEM00000920,ORD0003106,PROD00064,2,22156.12,0.0,44312.24
ITEM00000921,ORD0002263,PROD00095,4,2383.13,0.0,9532.52
ITEM00000922,ORD0003210,PROD00004,3,14185.5,0.1,38300.85
ITEM00000923,ORD0002324,PROD00015,3,16977.12,0.05,48384.79
ITEM00000924,ORD0003391,PROD00015,3,16977.12,0.0,50931.36
ITEM00000925,ORD0000146,PROD00011,2,39396.81,0.05,74853.94
ITEM00000926,ORD0000025,PROD00038,5,11449.14,0.15,48658.84
ITEM00000927,ORD0001198,PROD00099,3,1583.05,0.0,4749.15
ITEM00000928,ORD0000335,PROD00005,5,25505.44,0.05,121150.84
ITEM00000929,ORD0002656,PROD00075,3,21538.55,0.05,61384.87
ITEM00000930,ORD0002413,PROD00039,2,5270.61,0.0,10541.22
ITEM00000931,ORD0003869,PROD00033,5,14237.63,0.0,71188.15
ITEM00000932,ORD0000608,PROD00029,2,11616.0,0.0,23232.0
ITEM00000933,ORD0002422,PROD00001,3,24639.04,0.05,70221.26
ITEM00000934,ORD0003024,PROD00072,2,4790.71,0.15,8144.21
ITEM00000935,ORD0001508,PROD00007,4,3268.05,0.15,11111.37
ITEM00000936,ORD0002633,PROD00084,5,33636.84,0.05,159774.99
ITEM00000937,ORD0001994,PROD00048,4,19471.18,0.05,73990.48
ITEM00000938,ORD0001409,PROD00042,4,28474.31,0.1,102507.52
ITEM00000939,ORD0002849,PROD00010,3,21479.33,0.0,64437.99
ITEM00000940,ORD0002622,PROD00052,1,3686.71,0.1,3318.04
ITEM00000941,ORD0001515,PROD00082,3,24230.95,0.1,65423.57
ITEM00000942,ORD0001650,PROD00015,4,16977.12,0.0,67908.48
ITEM00000943,ORD0001223,PROD00088,1,32457.45,0.0,32457.45
ITEM00000944,ORD0001074,PROD00051,2,26642.17,0.15,45291.69
ITEM00000945,ORD0002664,PROD00029,5,11616.0,0.0,58080.0
ITEM00000946,ORD0001333,PROD00045,1,24509.37,0.0,24509.37
ITEM00000947,ORD0000825,PROD00012,4,41743.91,0.0,166975.64
ITEM00000948,ORD0001646,PROD00055,1,23334.75,0.05,22168.01
ITEM00000949,ORD0002024,PROD00020,1,36266.39,0.1,32639.75
ITEM00000950,ORD0002515,PROD00026,5,20955.68,0.0,104778.4
ITEM00000951,ORD0000646,PROD00087,1,12584.23,0.0,12584.23
ITEM00000952,ORD0001520,PROD00014,3,32042.32,0.15,81707.92
ITEM00000953,ORD0003339,PROD00055,4,23334.75,0.0,93339.0
ITEM00000954,ORD0002096,PROD00058,2,18182.64,0.0,36365.28
ITEM00000955,ORD0000288,PROD00067,1,9721.17,0.0,9721.17
ITEM00000956,ORD0000074,PROD00016,5,39122.87,0.0,195614.35
ITEM00000957,ORD0003814,PROD00016,2,39122.87,0.1,70421.17
ITEM00000958,ORD0001104,PROD00080,2,1983.77,0.05,3769.16
ITEM00000959,ORD0000785,PROD00031,5,27602.46,0.0,138012.3
ITEM00000960,ORD0003499,PROD00046,5,17992.73,0.2,71970.92
ITEM00000961,ORD0001930,PROD00078,2,4156.2,0.0,8312.4
ITEM00000962,ORD0003580,PROD00053,5,32924.49,0.05,156391.33
ITEM00000963,ORD0001752,PROD00072,4,4790.71,0.1,17246.56
ITEM00000964,ORD0000248,PROD00065,3,15361.54,0.05,43780.39
ITEM00000965,ORD0001733,PROD00100,2,5870.04,0.0,11740.08
ITEM00000966,ORD0004088,PROD00087,5,12584.23,0.1,56629.04
ITEM00000967,ORD0002716,PROD00045,5,24509.37,0.0,122546.85
ITEM00000968,ORD0001785,PROD00047,3,19432.07,0.0,58296.21
ITEM00000969,ORD0001054,PROD00061,4,29654.17,0.0,118616.68
ITEM00000970,ORD0001623,PROD00017,4,1380.2,0.05,5244.76
ITEM00000971,ORD0003884,PROD00057,5,31419.96,0.05,149244.81
ITEM00000972,ORD0002933,PROD00005,1,25505.44,0.05,24230.17
ITEM00000973,ORD0003694,PROD00029,2,11616.0,0.05,22070.4
ITEM00000974,ORD0001214,PROD00040,1,26930.85,0.2,21544.68
ITEM00000975,ORD0001076,PROD00009,1,28460.8,0.2,22768.64
ITEM00000976,ORD0000578,PROD00050,5,29435.69,0.1,132460.6
ITEM00000977,ORD0003768,PROD00043,2,1033.45,0.1,1860.21
ITEM00000978,ORD0003682,PROD00098,3,11569.88,0.1,31238.68
ITEM00000979,ORD0000273,PROD00052,3,3686.71,0.0,11060.13
ITEM00000980,ORD0003372,PROD00012,5,41743.91,0.05,198283.57
ITEM00000981,ORD0002039,PROD00084,4,33636.84,0.2,107637.89
ITEM00000982,ORD0003838,PROD00041,5,31482.01,0.0,157410.05
ITEM00000983,ORD0004097,PROD00058,4,18182.64,0.05,69094.03
ITEM00000984,ORD0000048,PROD00075,5,21538.55,0.1,96923.48
ITEM00000985,ORD0002896,PROD00054,3,36912.87,0.0,110738.61
ITEM00000986,ORD0000221,PROD00090,1,24075.28,0.0,24075.28
ITEM00000987,ORD0003559,PROD00032,4,21985.37,0.05,83544.41
ITEM00000988,ORD0000751,PROD00044,3,25709.47,0.15,65559.15
ITEM00000989,ORD0001687,PROD00088,1,32457.45,0.1,29211.7
ITEM00000990,ORD0000602,PROD00059,3,12601.2,0.0,37803.6
ITEM00000991,ORD0001054,PROD00074,2,7552.65,0.15,12839.5
ITEM00000992,ORD0003263,PROD00077,5,4512.83,0.0,22564.15
ITEM00000993,ORD0003837,PROD00052,4,3686.71,0.0,14746.84
ITEM00000994,ORD0001832,PROD00074,2,7552.65,0.2,12084.24
ITEM00000995,ORD0000171,PROD00050,1,29435.69,0.1,26492.12
ITEM00000996,ORD0004101,PROD00070,4,2111.98,0.05,8025.52
ITEM00000997,ORD0001104,PROD00015,2,16977.12,0.0,33954.24
ITEM00000998,ORD0003354,PROD00100,1,5870.04,0.0,5870.04
ITEM00000999,ORD0002647,PROD00059,4,12601.2,0.0,50404.8
ITEM00001000,ORD0000953,PROD00032,5,21985.37,0.0,109926.85
ITEM00001001,ORD0003614,PROD00087,5,12584.23,0.15,53482.98
ITEM00001002,ORD0003563,PROD00011,1,39396.81,0.1,35457.13
ITEM00001003,ORD0004184,PROD00073,3,22314.85,0.05,63597.32
ITEM00001004,ORD0003860,PROD00016,4,39122.87,0.1,140842.33
ITEM00001005,ORD0004151,PROD00064,5,22156.12,0.2,88624.48
ITEM00001006,ORD0001424,PROD00050,3,29435.69,0.0,88307.07
ITEM00001007,ORD0001033,PROD00003,1,4841.6,0.0,4841.6
ITEM00001008,ORD0003376,PROD00020,4,36266.39,0.0,145065.56
ITEM00001009,ORD0003011,PROD00069,2,20171.63,0.0,40343.26
ITEM00001010,ORD0002321,PROD00071,3,10168.48,0.05,28980.17
ITEM00001011,ORD0003772,PROD00097,3,31284.13,0.05,89159.77
ITEM00001012,ORD0000874,PROD00084,3,33636.84,0.05,95864.99
ITEM00001013,ORD0001406,PROD00100,4,5870.04,0.0,23480.16
ITEM00001014,ORD0004094,PROD00040,2,26930.85,0.0,53861.7
ITEM00001015,ORD0000094,PROD00056,5,23188.7,0.0,115943.5
ITEM00001016,ORD0002400,PROD00045,4,24509.37,0.05,93135.61
ITEM00001017,ORD0000460,PROD00061,1,29654.17,0.0,29654.17
ITEM00001018,ORD0003985,PROD00067,3,9721.17,0.0,29163.51
ITEM00001019,ORD0003386,PROD00023,3,10927.01,0.15,27863.88
ITEM00001020,ORD0003171,PROD00032,4,21985.37,0.0,87941.48
ITEM00001021,ORD0000406,PROD00018,2,18573.59,0.0,37147.18
ITEM00001022,ORD0000763,PROD00093,5,10532.57,0.0,52662.85
ITEM00001023,ORD0000870,PROD00043,1,1033.45,0.0,1033.45
ITEM00001024,ORD0001094,PROD00002,3,9793.58,0.05,27911.7
ITEM00001025,ORD0000543,PROD00014,3,32042.32,0.0,96126.96
ITEM00001026,ORD0000858,PROD00035,5,29473.68,0.05,139999.98
ITEM00001027,ORD0003425,PROD00085,5,30956.16,0.2,123824.64
ITEM00001028,ORD0001610,PROD00033,2,14237.63,0.0,28475.26
ITEM00001029,ORD0003539,PROD00017,5,1380.2,0.0,6901.0
ITEM00001030,ORD0000904,PROD00091,5,36997.61,0.05,175738.65
ITEM00001031,ORD0002806,PROD00032,1,21985.37,0.0,21985.37
ITEM00001032,ORD0001977,PROD00070,5,2111.98,0.0,10559.9
ITEM00001033,ORD0003752,PROD00043,2,1033.45,0.1,1860.21
ITEM00001034,ORD0001242,PROD00064,2,22156.12,0.1,39881.02
ITEM00001035,ORD0000901,PROD00027,3,6847.94,0.05,19516.63
ITEM00001036,ORD0001962,PROD00031,5,27602.46,0.0,138012.3
ITEM00001037,ORD0000452,PROD00063,4,12483.91,0.0,49935.64
ITEM00001038,ORD0001970,PROD00037,2,10709.86,0.0,21419.72
ITEM00001039,ORD0001458,PROD00099,3,1583.05,0.05,4511.69
ITEM00001040,ORD0002711,PROD00046,2,17992.73,0.1,32386.91
ITEM00001041,ORD0000348,PROD00098,4,11569.88,0.2,37023.62
ITEM00001042,ORD0003941,PROD00070,5,2111.98,0.05,10031.9
ITEM00001043,ORD0004131,PROD00050,2,29435.69,0.0,58871.38
ITEM00001044,ORD0001802,PROD00046,2,17992.73,0.1,32386.91
ITEM00001045,ORD0003434,PROD00053,3,32924.49,0.05,93834.8
ITEM00001046,ORD0002805,PROD00008,2,37921.27,0.0,75842.54
ITEM00001047,ORD0003392,PROD00007,1,3268.05,0.0,3268.05
ITEM00001048,ORD0001248,PROD00019,4,21401.39,0.0,85605.56
ITEM00001049,ORD0002670,PROD00081,5,11731.11,0.0,58655.55
ITEM00001050,ORD0000694,PROD00082,2,24230.95,0.0,48461.9
ITEM00001051,ORD0003010,PROD00028,3,3343.12,0.1,9026.42
ITEM00001052,ORD0003319,PROD00011,4,39396.81,0.05,149707.88
ITEM00001053,ORD0001785,PROD00005,4,25505.44,0.05,96920.67
ITEM00001054,ORD0000245,PROD00056,2,23188.7,0.05,44058.53
ITEM00001055,ORD0002661,PROD00086,3,7222.29,0.0,21666.87
ITEM00001056,ORD0002663,PROD00081,2,11731.11,0.0,23462.22
ITEM00001057,ORD0001842,PROD00078,2,4156.2,0.1,7481.16
ITEM00001058,ORD0000531,PROD00088,3,32457.45,0.15,82766.5
ITEM00001059,ORD0002891,PROD00096,2,8593.11,0.15,14608.29
ITEM00001060,ORD0002026,PROD00017,3,1380.2,0.05,3933.57
ITEM00001061,ORD0000294,PROD00015,5,16977.12,0.05,80641.32
ITEM00001062,ORD0000303,PROD00052,3,3686.71,0.05,10507.12
ITEM00001063,ORD0000804,PROD00072,1,4790.71,0.1,4311.64
ITEM00001064,ORD0001842,PROD00049,4,36803.75,0.0,147215.0
ITEM00001065,ORD0001785,PROD00089,3,38999.15,0.05,111147.58
ITEM00001066,ORD0002348,PROD00042,4,28474.31,0.1,102507.52
ITEM00001067,ORD0002694,PROD00031,2,27602.46,0.1,49684.43
ITEM00001068,ORD0001661,PROD00040,5,26930.85,0.05,127921.54
ITEM00001069,ORD0003482,PROD00024,5,21256.79,0.0,106283.95
ITEM00001070,ORD0003394,PROD00013,1,12889.42,0.05,12244.95
ITEM00001071,ORD0000666,PROD00062,1,15772.0,0.2,12617.6
ITEM00001072,ORD0003856,PROD00054,5,36912.87,0.05,175336.13
ITEM00001073,ORD0002493,PROD00025,5,14036.44,0.0,70182.2
ITEM00001074,ORD0000031,PROD00005,1,25505.44,0.0,25505.44
ITEM00001075,ORD0003263,PROD00088,3,32457.45,0.0,97372.35
ITEM00001076,ORD0000497,PROD00031,4,27602.46,0.1,99368.86
ITEM00001077,ORD0000920,PROD00061,2,29654.17,0.0,59308.34
ITEM00001078,ORD0000178,PROD00021,4,22045.15,0.0,88180.6
ITEM00001079,ORD0001203,PROD00006,2,6374.03,0.05,12110.66
ITEM00001080,ORD0003111,PROD00077,5,4512.83,0.1,20307.74
ITEM00001081,ORD0002913,PROD00068,1,27586.06,0.05,26206.76
ITEM00001082,ORD0003435,PROD00027,2,6847.94,0.0,13695.88
ITEM00001083,ORD0003096,PROD00051,4,26642.17,0.0,106568.68
ITEM00001084,ORD0001491,PROD00081,4,11731.11,0.05,44578.22
ITEM00001085,ORD0002193,PROD00098,3,11569.88,0.0,34709.64
ITEM00001086,ORD0004082,PROD00032,3,21985.37,0.1,59360.5
ITEM00001087,ORD0003242,PROD00064,3,22156.12,0.15,56498.11
ITEM00001088,ORD0004138,PROD00051,5,26642.17,0.0,133210.85
ITEM00001089,ORD0000560,PROD00044,1,25709.47,0.0,25709.47
ITEM00001090,ORD0001220,PROD00025,4,14036.44,0.1,50531.18
ITEM00001091,ORD0002759,PROD00004,5,14185.5,0.1,63834.75
ITEM00001092,ORD0003073,PROD00011,3,39396.81,0.1,106371.39
ITEM00001093,ORD0001355,PROD00094,3,30366.64,0.15,77434.93
ITEM00001094,ORD0000228,PROD00029,3,11616.0,0.0,34848.0
ITEM00001095,ORD0000444,PROD00005,1,25505.44,0.1,22954.9
ITEM00001096,ORD0002452,PROD00044,1,25709.47,0.05,24424.0
ITEM00001097,ORD0002851,PROD00015,1,16977.12,0.15,14430.55
ITEM00001098,ORD0000547,PROD00009,3,28460.8,0.0,85382.4
ITEM00001099,ORD0003306,PROD00033,3,14237.63,0.05,40577.25
ITEM00001100,ORD0001155,PROD00039,4,5270.61,0.05,20028.32
ITEM00001101,ORD0002828,PROD00013,2,12889.42,0.1,23200.96
ITEM00001102,ORD0001093,PROD00014,5,32042.32,0.15,136179.86
ITEM00001103,ORD0003136,PROD00086,1,7222.29,0.0,7222.29
ITEM00001104,ORD0003958,PROD00077,3,4512.83,0.1,12184.64
ITEM00001105,ORD0003402,PROD00054,1,36912.87,0.05,35067.23
ITEM00001106,ORD0001811,PROD00060,5,26022.82,0.1,117102.69
ITEM00001107,ORD0002719,PROD00008,1,37921.27,0.2,30337.02
ITEM00001108,ORD0004139,PROD00084,4,33636.84,0.0,134547.36
ITEM00001109,ORD0003548,PROD00068,5,27586.06,0.1,124137.27
ITEM00001110,ORD0003337,PROD00063,5,12483.91,0.15,53056.62
ITEM00001111,ORD0001900,PROD00037,3,10709.86,0.0,32129.58
ITEM00001112,ORD0001761,PROD00057,1,31419.96,0.0,31419.96
ITEM00001113,ORD0001473,PROD00088,5,32457.45,0.05,154172.89
ITEM00001114,ORD0003259,PROD00009,5,28460.8,0.0,142304.0
ITEM00001115,ORD0001287,PROD00035,1,29473.68,0.05,28000.0
ITEM00001116,ORD0000972,PROD00100,5,5870.04,0.05,27882.69
ITEM00001117,ORD0000105,PROD00085,3,30956.16,0.1,83581.63
ITEM00001118,ORD0001456,PROD00081,3,11731.11,0.05,33433.66
ITEM00001119,ORD0002870,PROD00081,1,11731.11,0.05,11144.55
ITEM00001120,ORD0001722,PROD00094,5,30366.64,0.15,129058.22
ITEM00001121,ORD0000693,PROD00028,3,3343.12,0.1,9026.42
ITEM00001122,ORD0003432,PROD00005,5,25505.44,0.05,121150.84
ITEM00001123,ORD0001836,PROD00094,5,30366.64,0.1,136649.88
ITEM00001124,ORD0003825,PROD00066,1,45048.76,0.05,42796.32
ITEM00001125,ORD0000848,PROD00033,1,14237.63,0.2,11390.1
ITEM00001126,ORD0000094,PROD00016,5,39122.87,0.0,195614.35
ITEM00001127,ORD0000060,PROD00096,4,8593.11,0.05,32653.82
ITEM00001128,ORD0001491,PROD00011,4,39396.81,0.15,133949.15
ITEM00001129,ORD0002699,PROD00075,3,21538.55,0.0,64615.65
ITEM00001130,ORD0003297,PROD00006,5,6374.03,0.05,30276.64
ITEM00001131,ORD0001116,PROD00094,5,30366.64,0.05,144241.54
ITEM00001132,ORD0000411,PROD00042,4,28474.31,0.0,113897.24
ITEM00001133,ORD0003519,PROD00020,3,36266.39,0.05,103359.21
ITEM00001134,ORD0003082,PROD00010,2,21479.33,0.1,38662.79
ITEM00001135,ORD0003615,PROD00030,4,31849.17,0.1,114657.01
ITEM00001136,ORD0000594,PROD00011,1,39396.81,0.05,37426.97
ITEM00001137,ORD0000301,PROD00088,1,32457.45,0.15,27588.83
ITEM00001138,ORD0003168,PROD00020,4,36266.39,0.1,130559.0
ITEM00001139,ORD0003853,PROD00077,5,4512.83,0.0,22564.15
ITEM00001140,ORD0000896,PROD00039,3,5270.61,0.1,14230.65
ITEM00001141,ORD0002673,PROD00016,5,39122.87,0.05,185833.63
ITEM00001142,ORD0001834,PROD00048,5,19471.18,0.1,87620.31
ITEM00001143,ORD0002084,PROD00100,5,5870.04,0.0,29350.2
ITEM00001144,ORD0001150,PROD00042,4,28474.31,0.1,102507.52
ITEM00001145,ORD0003224,PROD00009,3,28460.8,0.15,72575.04
ITEM00001146,ORD0001698,PROD00053,3,32924.49,0.0,98773.47
ITEM00001147,ORD0004098,PROD00011,4,39396.81,0.05,149707.88
ITEM00001148,ORD0002466,PROD00079,4,28032.28,0.1,100916.21
ITEM00001149,ORD0002703,PROD00032,1,21985.37,0.0,21985.37
ITEM00001150,ORD0000331,PROD00079,2,28032.28,0.0,56064.56
ITEM00001151,ORD0001476,PROD00096,2,8593.11,0.1,15467.6
ITEM00001152,ORD0003564,PROD00090,1,24075.28,0.1,21667.75
ITEM00001153,ORD0002466,PROD00062,2,15772.0,0.1,28389.6
ITEM00001154,ORD0002086,PROD00071,4,10168.48,0.0,40673.92
ITEM00001155,ORD0003927,PROD00030,2,31849.17,0.0,63698.34
ITEM00001156,ORD0003965,PROD00067,1,9721.17,0.15,8262.99
ITEM00001157,ORD0002405,PROD00004,3,14185.5,0.15,36173.02
ITEM00001158,ORD0003155,PROD00033,5,14237.63,0.0,71188.15
ITEM00001159,ORD0000596,PROD00024,5,21256.79,0.1,95655.56
ITEM00001160,ORD0003220,PROD00062,1,15772.0,0.0,15772.0
ITEM00001161,ORD0000529,PROD00075,1,21538.55,0.0,21538.55
ITEM00001162,ORD0003512,PROD00006,4,6374.03,0.0,25496.12
ITEM00001163,ORD0003660,PROD00047,3,19432.07,0.2,46636.97
ITEM00001164,ORD0003708,PROD00032,3,21985.37,0.15,56062.69
ITEM00001165,ORD0000990,PROD00036,5,25163.54,0.05,119526.82
ITEM00001166,ORD0001005,PROD00080,1,1983.77,0.05,1884.58
ITEM00001167,ORD0002089,PROD00014,1,32042.32,0.0,32042.32
ITEM00001168,ORD0000208,PROD00038,5,11449.14,0.0,57245.7
ITEM00001169,ORD0002960,PROD00077,5,4512.83,0.05,21435.94
ITEM00001170,ORD0000752,PROD00058,1,18182.64,0.1,16364.38
ITEM00001171,ORD0002602,PROD00007,1,3268.05,0.1,2941.25
ITEM00001172,ORD0004140,PROD00048,4,19471.18,0.15,66202.01
ITEM00001173,ORD0000163,PROD00032,5,21985.37,0.1,98934.16
ITEM00001174,ORD0002372,PROD00075,1,21538.55,0.0,21538.55
ITEM00001175,ORD0000769,PROD00089,3,38999.15,0.1,105297.71
ITEM00001176,ORD0001140,PROD00073,2,22314.85,0.05,42398.22
ITEM00001177,ORD0000778,PROD00043,1,1033.45,0.0,1033.45
ITEM00001178,ORD0003173,PROD00039,3,5270.61,0.05,15021.24
ITEM00001179,ORD0003394,PROD00002,1,9793.58,0.0,9793.58
ITEM00001180,ORD0000653,PROD00013,2,12889.42,0.0,25778.84
ITEM00001181,ORD0001893,PROD00007,3,3268.05,0.05,9313.94
ITEM00001182,ORD0000487,PROD00076,1,8213.19,0.0,8213.19
ITEM00001183,ORD0003104,PROD00099,1,1583.05,0.0,1583.05
ITEM00001184,ORD0003425,PROD00053,4,32924.49,0.05,125113.06
ITEM00001185,ORD0002245,PROD00082,2,24230.95,0.0,48461.9
ITEM00001186,ORD0003841,PROD00066,3,45048.76,0.0,135146.28
ITEM00001187,ORD0000155,PROD00048,2,19471.18,0.05,36995.24
ITEM00001188,ORD0000956,PROD00053,4,32924.49,0.05,125113.06
ITEM00001189,ORD0001035,PROD00040,2,26930.85,0.1,48475.53
ITEM00001190,ORD0000721,PROD00082,4,24230.95,0.0,96923.8
ITEM00001191,ORD0002915,PROD00051,1,26642.17,0.0,26642.17
ITEM00001192,ORD0002247,PROD00056,1,23188.7,0.1,20869.83
ITEM00001193,ORD0001720,PROD00062,3,15772.0,0.0,47316.0
ITEM00001194,ORD0001364,PROD00047,1,19432.07,0.0,19432.07
ITEM00001195,ORD0000422,PROD00008,2,37921.27,0.05,72050.41
ITEM00001196,ORD0001158,PROD00099,4,1583.05,0.1,5698.98
ITEM00001197,ORD0002401,PROD00040,5,26930.85,0.0,134654.25
ITEM00001198,ORD0000633,PROD00051,2,26642.17,0.0,53284.34
ITEM00001199,ORD0000374,PROD00073,2,22314.85,0.15,37935.24
ITEM00001200,ORD0003183,PROD00076,4,8213.19,0.0,32852.76
ITEM00001201,ORD0000077,PROD00063,3,12483.91,0.05,35579.14
ITEM00001202,ORD0002808,PROD00033,4,14237.63,0.05,54102.99
ITEM00001203,ORD0003489,PROD00057,5,31419.96,0.1,141389.82
ITEM00001204,ORD0003714,PROD00086,3,7222.29,0.1,19500.18
ITEM00001205,ORD0001469,PROD00001,2,24639.04,0.0,49278.08
ITEM00001206,ORD0001833,PROD00053,2,32924.49,0.0,65848.98
ITEM00001207,ORD0000679,PROD00095,3,2383.13,0.0,7149.39
ITEM00001208,ORD0003339,PROD00012,3,41743.91,0.0,125231.73
ITEM00001209,ORD0001256,PROD00036,2,25163.54,0.1,45294.37
ITEM00001210,ORD0001313,PROD00027,4,6847.94,0.05,26022.17
ITEM00001211,ORD0001084,PROD00005,5,25505.44,0.0,127527.2
ITEM00001212,ORD0004141,PROD00031,4,27602.46,0.05,104889.35
ITEM00001213,ORD0004143,PROD00081,3,11731.11,0.0,35193.33
ITEM00001214,ORD0000809,PROD00087,4,12584.23,0.0,50336.92
ITEM00001215,ORD0003969,PROD00083,5,996.44,0.05,4733.09
ITEM00001216,ORD0004174,PROD00041,3,31482.01,0.05,89723.73
ITEM00001217,ORD0001914,PROD00047,2,19432.07,0.2,31091.31
ITEM00001218,ORD0003609,PROD00067,5,9721.17,0.15,41314.97
ITEM00001219,ORD0001316,PROD00051,5,26642.17,0.0,133210.85
ITEM00001220,ORD0001849,PROD00026,5,20955.68,0.0,104778.4
ITEM00001221,ORD0002142,PROD00005,3,25505.44,0.15,65038.87
ITEM00001222,ORD0001406,PROD00014,1,32042.32,0.15,27235.97
ITEM00001223,ORD0002399,PROD00050,5,29435.69,0.0,147178.45
ITEM00001224,ORD0002590,PROD00059,1,12601.2,0.0,12601.2
ITEM00001225,ORD0000160,PROD00010,1,21479.33,0.15,18257.43
ITEM00001226,ORD0002880,PROD00010,3,21479.33,0.05,61216.09
ITEM00001227,ORD0001113,PROD00028,3,3343.12,0.05,9527.89
ITEM00001228,ORD0003919,PROD00027,2,6847.94,0.0,13695.88
ITEM00001229,ORD0003123,PROD00016,5,39122.87,0.1,176052.92
ITEM00001230,ORD0003499,PROD00009,4,28460.8,0.15,96766.72
ITEM00001231,ORD0001563,PROD00093,4,10532.57,0.05,40023.77
ITEM00001232,ORD0004054,PROD00060,3,26022.82,0.0,78068.46
ITEM00001233,ORD0003127,PROD00091,1,36997.61,0.0,36997.61
ITEM00001234,ORD0003378,PROD00060,3,26022.82,0.0,78068.46
ITEM00001235,ORD0001337,PROD00034,1,6989.97,0.05,6640.47
ITEM00001236,ORD0001484,PROD00016,5,39122.87,0.05,185833.63
ITEM00001237,ORD0003439,PROD00050,5,29435.69,0.05,139819.53
ITEM00001238,ORD0001453,PROD00031,2,27602.46,0.15,46924.18
ITEM00001239,ORD0000824,PROD00067,2,9721.17,0.0,19442.34
ITEM00001240,ORD0000238,PROD00003,5,4841.6,0.1,21787.2
ITEM00001241,ORD0004124,PROD00010,3,21479.33,0.0,64437.99
ITEM00001242,ORD0000579,PROD00017,4,1380.2,0.0,5520.8
ITEM00001243,ORD0000294,PROD00005,5,25505.44,0.15,108398.12
ITEM00001244,ORD0002415,PROD00019,3,21401.39,0.05,60993.96
ITEM00001245,ORD0001996,PROD00089,5,38999.15,0.2,155996.6
ITEM00001246,ORD0002418,PROD00018,4,18573.59,0.0,74294.36
ITEM00001247,ORD0000030,PROD00092,2,22785.65,0.15,38735.61
ITEM00001248,ORD0000773,PROD00080,4,1983.77,0.15,6744.82
ITEM00001249,ORD0000596,PROD00018,3,18573.59,0.0,55720.77
ITEM00001250,ORD0003556,PROD00020,4,36266.39,0.1,130559.0
ITEM00001251,ORD0004081,PROD00060,5,26022.82,0.0,130114.1
ITEM00001252,ORD0000686,PROD00020,5,36266.39,0.15,154132.16
ITEM00001253,ORD0003416,PROD00045,4,24509.37,0.05,93135.61
ITEM00001254,ORD0001484,PROD00067,2,9721.17,0.0,19442.34
ITEM00001255,ORD0003011,PROD00084,2,33636.84,0.1,60546.31
ITEM00001256,ORD0001052,PROD00001,1,24639.04,0.1,22175.14
ITEM00001257,ORD0003198,PROD00082,3,24230.95,0.05,69058.21
ITEM00001258,ORD0003795,PROD00078,4,4156.2,0.15,14131.08
ITEM00001259,ORD0002654,PROD00052,5,3686.71,0.0,18433.55
ITEM00001260,ORD0000865,PROD00092,5,22785.65,0.15,96839.01
ITEM00001261,ORD0001799,PROD00079,1,28032.28,0.1,25229.05
ITEM00001262,ORD0003567,PROD00079,4,28032.28,0.0,112129.12
ITEM00001263,ORD0001874,PROD00072,5,4790.71,0.1,21558.2
ITEM00001264,ORD0000311,PROD00046,2,17992.73,0.15,30587.64
ITEM00001265,ORD0004036,PROD00086,4,7222.29,0.0,28889.16
ITEM00001266,ORD0003110,PROD00079,4,28032.28,0.05,106522.66
ITEM00001267,ORD0003930,PROD00076,2,8213.19,0.1,14783.74
ITEM00001268,ORD0003260,PROD00023,3,10927.01,0.05,31141.98
ITEM00001269,ORD0002068,PROD00062,2,15772.0,0.15,26812.4
ITEM00001270,ORD0000812,PROD00002,1,9793.58,0.1,8814.22
ITEM00001271,ORD0000075,PROD00067,3,9721.17,0.0,29163.51
ITEM00001272,ORD0003436,PROD00092,3,22785.65,0.05,64939.1
ITEM00001273,ORD0004188,PROD00063,3,12483.91,0.0,37451.73
ITEM00001274,ORD0001028,PROD00035,2,29473.68,0.05,55999.99
ITEM00001275,ORD0003103,PROD00003,1,4841.6,0.05,4599.52
ITEM00001276,ORD0003998,PROD00012,3,41743.91,0.1,112708.56
ITEM00001277,ORD0003115,PROD00035,4,29473.68,0.2,94315.78
ITEM00001278,ORD0001124,PROD00031,4,27602.46,0.1,99368.86
ITEM00001279,ORD0000367,PROD00064,2,22156.12,0.0,44312.24
ITEM00001280,ORD0001209,PROD00048,2,19471.18,0.05,36995.24
ITEM00001281,ORD0001166,PROD00056,4,23188.7,0.0,92754.8
ITEM00001282,ORD0002308,PROD00047,2,19432.07,0.0,38864.14
ITEM00001283,ORD0000737,PROD00045,5,24509.37,0.0,122546.85
ITEM00001284,ORD0002618,PROD00086,1,7222.29,0.15,6138.95
ITEM00001285,ORD0002702,PROD00095,4,2383.13,0.0,9532.52
ITEM00001286,ORD0001340,PROD00005,4,25505.44,0.05,96920.67
ITEM00001287,ORD0001047,PROD00036,4,25163.54,0.1,90588.74
ITEM00001288,ORD0002928,PROD00091,1,36997.61,0.05,35147.73
ITEM00001289,ORD0001444,PROD00087,3,12584.23,0.05,35865.06
ITEM00001290,ORD0000801,PROD00027,3,6847.94,0.2,16435.06
ITEM00001291,ORD0001021,PROD00007,2,3268.05,0.05,6209.3
ITEM00001292,ORD0002016,PROD00044,4,25709.47,0.1,92554.09
ITEM00001293,ORD0002623,PROD00026,4,20955.68,0.05,79631.58
ITEM00001294,ORD0000031,PROD00073,4,22314.85,0.1,80333.46
ITEM00001295,ORD0000111,PROD00042,4,28474.31,0.1,102507.52
ITEM00001296,ORD0000811,PROD00081,1,11731.11,0.0,11731.11
ITEM00001297,ORD0002380,PROD00003,1,4841.6,0.1,4357.44
ITEM00001298,ORD0003092,PROD00021,2,22045.15,0.0,44090.3
ITEM00001299,ORD0001719,PROD00004,4,14185.5,0.0,56742.0
ITEM00001300,ORD0002531,PROD00005,5,25505.44,0.1,114774.48
ITEM00001301,ORD0002586,PROD00084,4,33636.84,0.0,134547.36
ITEM00001302,ORD0002591,PROD00020,3,36266.39,0.05,103359.21
ITEM00001303,ORD0001222,PROD00059,3,12601.2,0.0,37803.6
ITEM00001304,ORD0000517,PROD00065,2,15361.54,0.1,27650.77
ITEM00001305,ORD0001839,PROD00035,2,29473.68,0.05,55999.99
ITEM00001306,ORD0002658,PROD00006,4,6374.03,0.0,25496.12
ITEM00001307,ORD0001147,PROD00082,2,24230.95,0.0,48461.9
ITEM00001308,ORD0000916,PROD00042,2,28474.31,0.0,56948.62
ITEM00001309,ORD0002407,PROD00056,5,23188.7,0.05,110146.32
ITEM00001310,ORD0002459,PROD00006,2,6374.03,0.0,12748.06
ITEM00001311,ORD0000239,PROD00017,5,1380.2,0.1,6210.9
ITEM00001312,ORD0003991,PROD00091,2,36997.61,0.0,73995.22
ITEM00001313,ORD0001179,PROD00090,3,24075.28,0.15,61391.96
ITEM00001314,ORD0000979,PROD00060,1,26022.82,0.0,26022.82
ITEM00001315,ORD0001743,PROD00064,3,22156.12,0.1,59821.52
ITEM00001316,ORD0004061,PROD00067,4,9721.17,0.05,36940.45
ITEM00001317,ORD0003177,PROD00066,2,45048.76,0.0,90097.52
ITEM00001318,ORD0001958,PROD00001,2,24639.04,0.05,46814.18
ITEM00001319,ORD0001502,PROD00011,3,39396.81,0.05,112280.91
ITEM00001320,ORD0004134,PROD00077,1,4512.83,0.0,4512.83
ITEM00001321,ORD0001302,PROD00072,2,4790.71,0.0,9581.42
ITEM00001322,ORD0003597,PROD00034,4,6989.97,0.0,27959.88
ITEM00001323,ORD0001439,PROD00084,4,33636.84,0.0,134547.36
ITEM00001324,ORD0001241,PROD00037,3,10709.86,0.1,28916.62
ITEM00001325,ORD0003814,PROD00070,1,2111.98,0.05,2006.38
ITEM00001326,ORD0002038,PROD00097,4,31284.13,0.0,125136.52
ITEM00001327,ORD0003630,PROD00095,3,2383.13,0.15,6076.98
ITEM00001328,ORD0000249,PROD00078,2,4156.2,0.1,7481.16
ITEM00001329,ORD0003976,PROD00024,4,21256.79,0.05,80775.8
ITEM00001330,ORD0001578,PROD00036,1,25163.54,0.0,25163.54
ITEM00001331,ORD0001954,PROD00048,3,19471.18,0.0,58413.54
ITEM00001332,ORD0003587,PROD00021,4,22045.15,0.05,83771.57
ITEM00001333,ORD0001402,PROD00039,4,5270.61,0.05,20028.32
ITEM00001334,ORD0001075,PROD00068,2,27586.06,0.05,52413.51
ITEM00001335,ORD0001447,PROD00082,5,24230.95,0.1,109039.28
ITEM00001336,ORD0000701,PROD00031,4,27602.46,0.1,99368.86
ITEM00001337,ORD0001261,PROD00031,4,27602.46,0.0,110409.84
ITEM00001338,ORD0001531,PROD00009,4,28460.8,0.1,102458.88
ITEM00001339,ORD0002308,PROD00061,1,29654.17,0.0,29654.17
ITEM00001340,ORD0000942,PROD00082,2,24230.95,0.05,46038.8
ITEM00001341,ORD0003143,PROD00081,5,11731.11,0.15,49857.22
ITEM00001342,ORD0000730,PROD00020,1,36266.39,0.0,36266.39
ITEM00001343,ORD0002357,PROD00067,4,9721.17,0.1,34996.21
ITEM00001344,ORD0000170,PROD00019,3,21401.39,0.0,64204.17
ITEM00001345,ORD0001064,PROD00051,1,26642.17,0.05,25310.06
ITEM00001346,ORD0001784,PROD00037,4,10709.86,0.0,42839.44
ITEM00001347,ORD0002420,PROD00068,4,27586.06,0.1,99309.82
ITEM00001348,ORD0003973,PROD00008,4,37921.27,0.1,136516.57
ITEM00001349,ORD0003800,PROD00070,3,2111.98,0.0,6335.94
ITEM00001350,ORD0004056,PROD00030,2,31849.17,0.05,60513.42
ITEM00001351,ORD0002423,PROD00056,2,23188.7,0.1,41739.66
ITEM00001352,ORD0002609,PROD00008,4,37921.27,0.15,128932.32
ITEM00001353,ORD0002345,PROD00034,1,6989.97,0.05,6640.47
ITEM00001354,ORD0000767,PROD00002,1,9793.58,0.2,7834.86
ITEM00001355,ORD0002801,PROD00074,4,7552.65,0.1,27189.54
ITEM00001356,ORD0003246,PROD00081,3,11731.11,0.1,31674.0
ITEM00001357,ORD0001070,PROD00051,5,26642.17,0.15,113229.22
ITEM00001358,ORD0002821,PROD00017,2,1380.2,0.0,2760.4
ITEM00001359,ORD0003011,PROD00020,2,36266.39,0.0,72532.78
ITEM00001360,ORD0003337,PROD00045,2,24509.37,0.05,46567.8
ITEM00001361,ORD0003039,PROD00067,5,9721.17,0.05,46175.56
ITEM00001362,ORD0001836,PROD00021,5,22045.15,0.2,88180.6
ITEM00001363,ORD0003354,PROD00048,1,19471.18,0.1,17524.06
ITEM00001364,ORD0001531,PROD00033,2,14237.63,0.0,28475.26
ITEM00001365,ORD0000926,PROD00050,2,29435.69,0.1,52984.24
ITEM00001366,ORD0001533,PROD00067,5,9721.17,0.05,46175.56
ITEM00001367,ORD0000223,PROD00080,4,1983.77,0.15,6744.82
ITEM00001368,ORD0000103,PROD00086,3,7222.29,0.0,21666.87
ITEM00001369,ORD0000915,PROD00007,3,3268.05,0.1,8823.74
ITEM00001370,ORD0001851,PROD00034,2,6989.97,0.1,12581.95
ITEM00001371,ORD0003982,PROD00072,4,4790.71,0.1,17246.56
ITEM00001372,ORD0000105,PROD00055,3,23334.75,0.0,70004.25
ITEM00001373,ORD0002107,PROD00049,3,36803.75,0.05,104890.69
ITEM00001374,ORD0003497,PROD00052,2,3686.71,0.05,7004.75
ITEM00001375,ORD0003066,PROD00020,1,36266.39,0.1,32639.75
ITEM00001376,ORD0003147,PROD00057,1,31419.96,0.0,31419.96
ITEM00001377,ORD0003654,PROD00075,1,21538.55,0.05,20461.62
ITEM00001378,ORD0003506,PROD00025,3,14036.44,0.15,35792.92
ITEM00001379,ORD0002390,PROD00047,1,19432.07,0.0,19432.07
ITEM00001380,ORD0003727,PROD00098,4,11569.88,0.1,41651.57
ITEM00001381,ORD0000400,PROD00066,4,45048.76,0.15,153165.78
ITEM00001382,ORD0000850,PROD00063,5,12483.91,0.05,59298.57
ITEM00001383,ORD0001651,PROD00049,5,36803.75,0.0,184018.75
ITEM00001384,ORD0002554,PROD00013,5,12889.42,0.0,64447.1
ITEM00001385,ORD0003572,PROD00091,4,36997.61,0.1,133191.4
ITEM00001386,ORD0000658,PROD00007,5,3268.05,0.05,15523.24
ITEM00001387,ORD0000687,PROD00097,2,31284.13,0.0,62568.26
ITEM00001388,ORD0002571,PROD00017,1,1380.2,0.0,1380.2
ITEM00001389,ORD0003525,PROD00075,2,21538.55,0.1,38769.39
ITEM00001390,ORD0001264,PROD00043,1,1033.45,0.0,1033.45
ITEM00001391,ORD0003246,PROD00025,5,14036.44,0.05,66673.09
ITEM00001392,ORD0001482,PROD00071,3,10168.48,0.15,25929.62
ITEM00001393,ORD0000875,PROD00023,2,10927.01,0.05,20761.32
ITEM00001394,ORD0000746,PROD00009,1,28460.8,0.2,22768.64
ITEM00001395,ORD0002530,PROD00072,4,4790.71,0.05,18204.7
ITEM00001396,ORD0003002,PROD00053,1,32924.49,0.1,29632.04
ITEM00001397,ORD0001907,PROD00040,4,26930.85,0.0,107723.4
ITEM00001398,ORD0002046,PROD00098,5,11569.88,0.1,52064.46
ITEM00001399,ORD0004192,PROD00017,2,1380.2,0.05,2622.38
ITEM00001400,ORD0001905,PROD00055,2,23334.75,0.0,46669.5
ITEM00001401,ORD0001987,PROD00033,2,14237.63,0.0,28475.26
ITEM00001402,ORD0002145,PROD00093,3,10532.57,0.05,30017.82
ITEM00001403,ORD0003304,PROD00034,5,6989.97,0.2,27959.88
ITEM00001404,ORD0000071,PROD00042,3,28474.31,0.05,81151.78
ITEM00001405,ORD0003275,PROD00048,1,19471.18,0.0,19471.18
ITEM00001406,ORD0002543,PROD00060,5,26022.82,0.15,110596.98
ITEM00001407,ORD0001493,PROD00055,1,23334.75,0.05,22168.01
ITEM00001408,ORD0000419,PROD00014,4,32042.32,0.0,128169.28
ITEM00001409,ORD0003413,PROD00060,2,26022.82,0.0,52045.64
ITEM00001410,ORD0004114,PROD00059,1,12601.2,0.0,12601.2
ITEM00001411,ORD0002632,PROD00036,5,25163.54,0.0,125817.7
ITEM00001412,ORD0002811,PROD00058,5,18182.64,0.05,86367.54
ITEM00001413,ORD0000482,PROD00074,1,7552.65,0.05,7175.02
ITEM00001414,ORD0003155,PROD00079,3,28032.28,0.05,79892.0
ITEM00001415,ORD0000231,PROD00006,5,6374.03,0.15,27089.63
ITEM00001416,ORD0001108,PROD00043,5,1033.45,0.0,5167.25
ITEM00001417,ORD0002916,PROD00092,3,22785.65,0.2,54685.56
ITEM00001418,ORD0003158,PROD00088,4,32457.45,0.05,123338.31
ITEM00001419,ORD0003007,PROD00036,4,25163.54,0.05,95621.45
ITEM00001420,ORD0002510,PROD00039,4,5270.61,0.1,18974.2
ITEM00001421,ORD0000950,PROD00080,5,1983.77,0.05,9422.91
ITEM00001422,ORD0000707,PROD00066,4,45048.76,0.05,171185.29
ITEM00001423,ORD0003688,PROD00035,3,29473.68,0.15,75157.88
ITEM00001424,ORD0000313,PROD00048,1,19471.18,0.0,19471.18
ITEM00001425,ORD0003860,PROD00055,3,23334.75,0.05,66504.04
ITEM00001426,ORD0001332,PROD00034,1,6989.97,0.05,6640.47
ITEM00001427,ORD0001409,PROD00053,5,32924.49,0.1,148160.2
ITEM00001428,ORD0002158,PROD00062,1,15772.0,0.05,14983.4
ITEM00001429,ORD0001756,PROD00098,4,11569.88,0.1,41651.57
ITEM00001430,ORD0002905,PROD00067,3,9721.17,0.0,29163.51
ITEM00001431,ORD0002901,PROD00013,3,12889.42,0.05,36734.85
ITEM00001432,ORD0000157,PROD00013,2,12889.42,0.05,24489.9
ITEM00001433,ORD0001694,PROD00086,3,7222.29,0.15,18416.84
ITEM00001434,ORD0001531,PROD00078,1,4156.2,0.0,4156.2
ITEM00001435,ORD0001706,PROD00002,2,9793.58,0.2,15669.73
ITEM00001436,ORD0002882,PROD00081,1,11731.11,0.0,11731.11
ITEM00001437,ORD0003443,PROD00039,4,5270.61,0.0,21082.44
ITEM00001438,ORD0001067,PROD00072,2,4790.71,0.0,9581.42
ITEM00001439,ORD0004134,PROD00073,5,22314.85,0.0,111574.25
ITEM00001440,ORD0002821,PROD00061,4,29654.17,0.0,118616.68
ITEM00001441,ORD0001722,PROD00021,3,22045.15,0.15,56215.13
ITEM00001442,ORD0003191,PROD00088,1,32457.45,0.1,29211.7
ITEM00001443,ORD0003936,PROD00043,5,1033.45,0.05,4908.89
ITEM00001444,ORD0001877,PROD00030,5,31849.17,0.1,143321.26
ITEM00001445,ORD0003444,PROD00022,4,36913.73,0.0,147654.92
ITEM00001446,ORD0002707,PROD00007,1,3268.05,0.0,3268.05
ITEM00001447,ORD0000858,PROD00069,2,20171.63,0.0,40343.26
ITEM00001448,ORD0003050,PROD00078,3,4156.2,0.0,12468.6
ITEM00001449,ORD0001081,PROD00012,5,41743.91,0.05,198283.57
ITEM00001450,ORD0000364,PROD00005,4,25505.44,0.0,102021.76
ITEM00001451,ORD0000923,PROD00061,1,29654.17,0.15,25206.04
ITEM00001452,ORD0002123,PROD00052,3,3686.71,0.0,11060.13
ITEM00001453,ORD0001185,PROD00028,5,3343.12,0.0,16715.6
ITEM00001454,ORD0004126,PROD00010,4,21479.33,0.1,77325.59
ITEM00001455,ORD0000979,PROD00082,1,24230.95,0.0,24230.95
ITEM00001456,ORD0001661,PROD00076,3,8213.19,0.0,24639.57
ITEM00001457,ORD0003309,PROD00070,3,2111.98,0.05,6019.14
ITEM00001458,ORD0004186,PROD00049,5,36803.75,0.0,184018.75
ITEM00001459,ORD0000887,PROD00075,3,21538.55,0.1,58154.08
ITEM00001460,ORD0004176,PROD00029,4,11616.0,0.0,46464.0
ITEM00001461,ORD0003840,PROD00010,3,21479.33,0.0,64437.99
ITEM00001462,ORD0003896,PROD00084,2,33636.84,0.15,57182.63
ITEM00001463,ORD0002047,PROD00096,4,8593.11,0.0,34372.44
ITEM00001464,ORD0002146,PROD00040,1,26930.85,0.15,22891.22
ITEM00001465,ORD0003054,PROD00020,3,36266.39,0.0,108799.17
ITEM00001466,ORD0001071,PROD00015,2,16977.12,0.15,28861.1
ITEM00001467,ORD0003072,PROD00069,2,20171.63,0.0,40343.26
ITEM00001468,ORD0001118,PROD00074,1,7552.65,0.05,7175.02
ITEM00001469,ORD0000335,PROD00051,3,26642.17,0.15,67937.53
ITEM00001470,ORD0001021,PROD00005,2,25505.44,0.1,45909.79
ITEM00001471,ORD0003728,PROD00014,3,32042.32,0.0,96126.96
ITEM00001472,ORD0003415,PROD00024,3,21256.79,0.05,60581.85
ITEM00001473,ORD0003635,PROD00027,3,6847.94,0.15,17462.25
ITEM00001474,ORD0000764,PROD00040,3,26930.85,0.05,76752.92
ITEM00001475,ORD0001542,PROD00039,3,5270.61,0.1,14230.65
ITEM00001476,ORD0004193,PROD00097,1,31284.13,0.0,31284.13
ITEM00001477,ORD0002326,PROD00026,1,20955.68,0.05,19907.9
ITEM00001478,ORD0000307,PROD00087,1,12584.23,0.1,11325.81
ITEM00001479,ORD0003127,PROD00017,2,1380.2,0.0,2760.4
ITEM00001480,ORD0002568,PROD00049,2,36803.75,0.05,69927.12
ITEM00001481,ORD0001108,PROD00090,3,24075.28,0.0,72225.84
ITEM00001482,ORD0003333,PROD00003,5,4841.6,0.05,22997.6
ITEM00001483,ORD0003768,PROD00085,2,30956.16,0.0,61912.32
ITEM00001484,ORD0000176,PROD00100,3,5870.04,0.0,17610.12
ITEM00001485,ORD0003270,PROD00033,1,14237.63,0.1,12813.87
ITEM00001486,ORD0003957,PROD00041,1,31482.01,0.05,29907.91
ITEM00001487,ORD0000376,PROD00045,5,24509.37,0.0,122546.85
ITEM00001488,ORD0000617,PROD00053,3,32924.49,0.0,98773.47
ITEM00001489,ORD0003892,PROD00068,5,27586.06,0.0,137930.3
ITEM00001490,ORD0002377,PROD00079,2,28032.28,0.05,53261.33
ITEM00001491,ORD0001683,PROD00044,4,25709.47,0.0,102837.88
ITEM00001492,ORD0001607,PROD00056,5,23188.7,0.0,115943.5
ITEM00001493,ORD0004123,PROD00081,5,11731.11,0.0,58655.55
ITEM00001494,ORD0002206,PROD00022,1,36913.73,0.15,31376.67
ITEM00001495,ORD0000589,PROD00095,5,2383.13,0.1,10724.08
ITEM00001496,ORD0002508,PROD00087,5,12584.23,0.05,59775.09
ITEM00001497,ORD0002564,PROD00015,3,16977.12,0.0,50931.36
ITEM00001498,ORD0001266,PROD00080,5,1983.77,0.15,8431.02
ITEM00001499,ORD0002459,PROD00071,1,10168.48,0.0,10168.48
ITEM00001500,ORD0002607,PROD00045,2,24509.37,0.1,44116.87
ITEM00001501,ORD0003392,PROD00002,2,9793.58,0.1,17628.44
ITEM00001502,ORD0001444,PROD00058,3,18182.64,0.0,54547.92
ITEM00001503,ORD0003521,PROD00040,2,26930.85,0.0,53861.7
ITEM00001504,ORD0003470,PROD00007,3,3268.05,0.05,9313.94
ITEM00001505,ORD0000602,PROD00009,2,28460.8,0.0,56921.6
ITEM00001506,ORD0003912,PROD00071,4,10168.48,0.0,40673.92
ITEM00001507,ORD0004055,PROD00087,5,12584.23,0.15,53482.98
ITEM00001508,ORD0001286,PROD00045,1,24509.37,0.1,22058.43
ITEM00001509,ORD0001212,PROD00011,1,39396.81,0.05,37426.97
ITEM00001510,ORD0001809,PROD00011,3,39396.81,0.05,112280.91
ITEM00001511,ORD0003930,PROD00064,5,22156.12,0.1,99702.54
ITEM00001512,ORD0002015,PROD00084,5,33636.84,0.0,168184.2
ITEM00001513,ORD0004090,PROD00065,4,15361.54,0.1,55301.54
ITEM00001514,ORD0003266,PROD00028,4,3343.12,0.15,11366.61
ITEM00001515,ORD0002251,PROD00004,5,14185.5,0.15,60288.38
ITEM00001516,ORD0003525,PROD00063,3,12483.91,0.0,37451.73
ITEM00001517,ORD0003609,PROD00078,4,4156.2,0.2,13299.84
ITEM00001518,ORD0003481,PROD00022,4,36913.73,0.1,132889.43
ITEM00001519,ORD0001087,PROD00001,5,24639.04,0.05,117035.44
ITEM00001520,ORD0000388,PROD00003,1,4841.6,0.05,4599.52
ITEM00001521,ORD0000675,PROD00080,1,1983.77,0.15,1686.2
ITEM00001522,ORD0004100,PROD00051,4,26642.17,0.0,106568.68
ITEM00001523,ORD0000011,PROD00015,2,16977.12,0.05,32256.53
ITEM00001524,ORD0002868,PROD00045,5,24509.37,0.1,110292.16
ITEM00001525,ORD0002337,PROD00037,4,10709.86,0.0,42839.44
ITEM00001526,ORD0004076,PROD00083,1,996.44,0.2,797.15
ITEM00001527,ORD0001838,PROD00070,4,2111.98,0.05,8025.52
ITEM00001528,ORD0001028,PROD00060,1,26022.82,0.0,26022.82
ITEM00001529,ORD0003199,PROD00090,1,24075.28,0.1,21667.75
ITEM00001530,ORD0003142,PROD00073,1,22314.85,0.0,22314.85
ITEM00001531,ORD0004023,PROD00099,3,1583.05,0.05,4511.69
ITEM00001532,ORD0001417,PROD00025,5,14036.44,0.0,70182.2
ITEM00001533,ORD0004191,PROD00015,1,16977.12,0.0,16977.12
ITEM00001534,ORD0003745,PROD00032,4,21985.37,0.05,83544.41
ITEM00001535,ORD0001423,PROD00064,5,22156.12,0.0,110780.6
ITEM00001536,ORD0000560,PROD00066,5,45048.76,0.1,202719.42
ITEM00001537,ORD0002191,PROD00048,1,19471.18,0.1,17524.06
ITEM00001538,ORD0003989,PROD00019,4,21401.39,0.1,77045.0
ITEM00001539,ORD0001231,PROD00045,1,24509.37,0.05,23283.9
ITEM00001540,ORD0003704,PROD00046,4,17992.73,0.05,68372.37
ITEM00001541,ORD0001977,PROD00033,5,14237.63,0.1,64069.34
ITEM00001542,ORD0000583,PROD00084,4,33636.84,0.15,114365.26
ITEM00001543,ORD0004130,PROD00065,2,15361.54,0.0,30723.08
ITEM00001544,ORD0002367,PROD00084,2,33636.84,0.2,53818.94
ITEM00001545,ORD0002351,PROD00053,5,32924.49,0.05,156391.33
ITEM00001546,ORD0003977,PROD00010,3,21479.33,0.0,64437.99
ITEM00001547,ORD0002666,PROD00077,4,4512.83,0.1,16246.19
ITEM00001548,ORD0001984,PROD00069,4,20171.63,0.1,72617.87
ITEM00001549,ORD0001562,PROD00077,5,4512.83,0.15,19179.53
ITEM00001550,ORD0001538,PROD00001,5,24639.04,0.05,117035.44
ITEM00001551,ORD0000042,PROD00034,5,6989.97,0.05,33202.36
ITEM00001552,ORD0001266,PROD00030,2,31849.17,0.0,63698.34
ITEM00001553,ORD0003331,PROD00060,1,26022.82,0.05,24721.68
ITEM00001554,ORD0000576,PROD00057,5,31419.96,0.1,141389.82
ITEM00001555,ORD0001062,PROD00076,2,8213.19,0.1,14783.74
ITEM00001556,ORD0002120,PROD00040,2,26930.85,0.15,45782.44
ITEM00001557,ORD0003657,PROD00012,3,41743.91,0.05,118970.14
ITEM00001558,ORD0003224,PROD00071,5,10168.48,0.0,50842.4
ITEM00001559,ORD0002439,PROD00066,5,45048.76,0.0,225243.8
ITEM00001560,ORD0000312,PROD00071,1,10168.48,0.0,10168.48
ITEM00001561,ORD0003321,PROD00100,1,5870.04,0.15,4989.53
ITEM00001562,ORD0000453,PROD00063,4,12483.91,0.0,49935.64
ITEM00001563,ORD0001252,PROD00045,3,24509.37,0.1,66175.3
ITEM00001564,ORD0002674,PROD00054,1,36912.87,0.1,33221.58
ITEM00001565,ORD0001740,PROD00097,2,31284.13,0.15,53183.02
ITEM00001566,ORD0001574,PROD00014,3,32042.32,0.0,96126.96
ITEM00001567,ORD0001453,PROD00005,1,25505.44,0.0,25505.44
ITEM00001568,ORD0002057,PROD00017,1,1380.2,0.05,1311.19
ITEM00001569,ORD0000143,PROD00100,1,5870.04,0.05,5576.54
ITEM00001570,ORD0002720,PROD00073,1,22314.85,0.1,20083.36
ITEM00001571,ORD0000642,PROD00073,5,22314.85,0.0,111574.25
ITEM00001572,ORD0002555,PROD00022,1,36913.73,0.1,33222.36
ITEM00001573,ORD0002363,PROD00011,1,39396.81,0.05,37426.97
ITEM00001574,ORD0001372,PROD00073,4,22314.85,0.0,89259.4
ITEM00001575,ORD0003948,PROD00099,5,1583.05,0.05,7519.49
ITEM00001576,ORD0002655,PROD00052,3,3686.71,0.15,9401.11
ITEM00001577,ORD0002508,PROD00076,2,8213.19,0.05,15605.06
ITEM00001578,ORD0004091,PROD00002,5,9793.58,0.0,48967.9
ITEM00001579,ORD0001423,PROD00017,3,1380.2,0.05,3933.57
ITEM00001580,ORD0001342,PROD00062,5,15772.0,0.15,67031.0
ITEM00001581,ORD0002098,PROD00042,5,28474.31,0.15,121015.82
ITEM00001582,ORD0001991,PROD00023,4,10927.01,0.1,39337.24
ITEM00001583,ORD0002901,PROD00006,4,6374.03,0.05,24221.31
ITEM00001584,ORD0000199,PROD00008,2,37921.27,0.0,75842.54
ITEM00001585,ORD0000983,PROD00098,1,11569.88,0.0,11569.88
ITEM00001586,ORD0001004,PROD00012,3,41743.91,0.0,125231.73
ITEM00001587,ORD0002931,PROD00065,5,15361.54,0.0,76807.7
ITEM00001588,ORD0001089,PROD00097,2,31284.13,0.05,59439.85
ITEM00001589,ORD0001123,PROD00083,1,996.44,0.05,946.62
ITEM00001590,ORD0001604,PROD00041,4,31482.01,0.1,113335.24
ITEM00001591,ORD0003023,PROD00051,3,26642.17,0.0,79926.51
ITEM00001592,ORD0000718,PROD00002,2,9793.58,0.05,18607.8
ITEM00001593,ORD0002190,PROD00065,1,15361.54,0.2,12289.23
ITEM00001594,ORD0002957,PROD00020,4,36266.39,0.05,137812.28
ITEM00001595,ORD0003470,PROD00003,2,4841.6,0.15,8230.72
ITEM00001596,ORD0001646,PROD00076,3,8213.19,0.0,24639.57
ITEM00001597,ORD0002893,PROD00009,5,28460.8,0.1,128073.6
ITEM00001598,ORD0000294,PROD00028,4,3343.12,0.0,13372.48
ITEM00001599,ORD0003047,PROD00081,4,11731.11,0.15,39885.77
ITEM00001600,ORD0002361,PROD00003,3,4841.6,0.05,13798.56
ITEM00001601,ORD0000798,PROD00068,2,27586.06,0.0,55172.12
ITEM00001602,ORD0001548,PROD00044,1,25709.47,0.1,23138.52
ITEM00001603,ORD0001204,PROD00035,1,29473.68,0.0,29473.68
ITEM00001604,ORD0000440,PROD00017,2,1380.2,0.05,2622.38
ITEM00001605,ORD0000670,PROD00034,2,6989.97,0.0,13979.94
ITEM00001606,ORD0002930,PROD00090,4,24075.28,0.0,96301.12
ITEM00001607,ORD0001206,PROD00013,3,12889.42,0.0,38668.26
ITEM00001608,ORD0003329,PROD00067,3,9721.17,0.05,27705.33
ITEM00001609,ORD0000408,PROD00077,3,4512.83,0.05,12861.57
ITEM00001610,ORD0002356,PROD00064,2,22156.12,0.1,39881.02
ITEM00001611,ORD0001167,PROD00099,2,1583.05,0.0,3166.1
ITEM00001612,ORD0002695,PROD00087,1,12584.23,0.0,12584.23
ITEM00001613,ORD0002953,PROD00053,4,32924.49,0.05,125113.06
ITEM00001614,ORD0003232,PROD00023,5,10927.01,0.1,49171.55
ITEM00001615,ORD0002018,PROD00027,2,6847.94,0.05,13011.09
ITEM00001616,ORD0001799,PROD00001,3,24639.04,0.15,62829.55
ITEM00001617,ORD0003539,PROD00036,1,25163.54,0.1,22647.19
ITEM00001618,ORD0001197,PROD00087,5,12584.23,0.05,59775.09
ITEM00001619,ORD0000006,PROD00036,3,25163.54,0.05,71716.09
ITEM00001620,ORD0000928,PROD00076,3,8213.19,0.15,20943.63
ITEM00001621,ORD0002843,PROD00031,5,27602.46,0.1,124211.07
ITEM00001622,ORD0002390,PROD00028,5,3343.12,0.0,16715.6
ITEM00001623,ORD0003556,PROD00002,1,9793.58,0.0,9793.58
ITEM00001624,ORD0004194,PROD00049,2,36803.75,0.1,66246.75
ITEM00001625,ORD0001206,PROD00005,5,25505.44,0.0,127527.2
ITEM00001626,ORD0002372,PROD00091,5,36997.61,0.05,175738.65
ITEM00001627,ORD0003532,PROD00052,1,3686.71,0.0,3686.71
ITEM00001628,ORD0001507,PROD00028,5,3343.12,0.1,15044.04
ITEM00001629,ORD0003762,PROD00005,1,25505.44,0.05,24230.17
ITEM00001630,ORD0001487,PROD00031,3,27602.46,0.2,66245.9
ITEM00001631,ORD0002718,PROD00023,1,10927.01,0.0,10927.01
ITEM00001632,ORD0003488,PROD00043,4,1033.45,0.1,3720.42
ITEM00001633,ORD0001188,PROD00072,3,4790.71,0.0,14372.13
ITEM00001634,ORD0002527,PROD00069,4,20171.63,0.1,72617.87
ITEM00001635,ORD0000435,PROD00080,3,1983.77,0.0,5951.31
ITEM00001636,ORD0001990,PROD00022,4,36913.73,0.0,147654.92
ITEM00001637,ORD0002374,PROD00019,5,21401.39,0.15,90955.91
ITEM00001638,ORD0001899,PROD00066,2,45048.76,0.1,81087.77
ITEM00001639,ORD0002050,PROD00040,2,26930.85,0.0,53861.7
ITEM00001640,ORD0001062,PROD00014,5,32042.32,0.05,152201.02
ITEM00001641,ORD0000276,PROD00007,2,3268.05,0.0,6536.1
ITEM00001642,ORD0000779,PROD00097,2,31284.13,0.0,62568.26
ITEM00001643,ORD0001786,PROD00015,1,16977.12,0.1,15279.41
ITEM00001644,ORD0001864,PROD00087,5,12584.23,0.1,56629.04
ITEM00001645,ORD0001322,PROD00017,3,1380.2,0.1,3726.54
ITEM00001646,ORD0003935,PROD00078,5,4156.2,0.1,18702.9
ITEM00001647,ORD0002204,PROD00017,3,1380.2,0.1,3726.54
ITEM00001648,ORD0001070,PROD00085,4,30956.16,0.0,123824.64
ITEM00001649,ORD0000987,PROD00031,2,27602.46,0.0,55204.92
ITEM00001650,ORD0004106,PROD00041,3,31482.01,0.2,75556.82
ITEM00001651,ORD0001865,PROD00006,1,6374.03,0.0,6374.03
ITEM00001652,ORD0001829,PROD00062,2,15772.0,0.0,31544.0
ITEM00001653,ORD0002382,PROD00051,5,26642.17,0.2,106568.68
ITEM00001654,ORD0002693,PROD00045,3,24509.37,0.05,69851.7
ITEM00001655,ORD0001872,PROD00090,2,24075.28,0.0,48150.56
ITEM00001656,ORD0003501,PROD00021,2,22045.15,0.1,39681.27
ITEM00001657,ORD0004053,PROD00088,1,32457.45,0.1,29211.7
ITEM00001658,ORD0000285,PROD00013,1,12889.42,0.1,11600.48
ITEM00001659,ORD0001530,PROD00025,4,14036.44,0.2,44916.61
ITEM00001660,ORD0003872,PROD00029,3,11616.0,0.05,33105.6
ITEM00001661,ORD0001717,PROD00043,1,1033.45,0.1,930.1
ITEM00001662,ORD0000263,PROD00071,4,10168.48,0.05,38640.22
ITEM00001663,ORD0001476,PROD00061,1,29654.17,0.0,29654.17
ITEM00001664,ORD0001091,PROD00029,4,11616.0,0.0,46464.0
ITEM00001665,ORD0001277,PROD00048,5,19471.18,0.05,92488.1
ITEM00001666,ORD0000160,PROD00006,2,6374.03,0.1,11473.25
ITEM00001667,ORD0003461,PROD00044,1,25709.47,0.1,23138.52
ITEM00001668,ORD0001045,PROD00098,1,11569.88,0.1,10412.89
ITEM00001669,ORD0001349,PROD00051,1,26642.17,0.1,23977.95
ITEM00001670,ORD0002318,PROD00091,4,36997.61,0.05,140590.92
ITEM00001671,ORD0004003,PROD00050,2,29435.69,0.0,58871.38
ITEM00001672,ORD0002486,PROD00031,3,27602.46,0.0,82807.38
ITEM00001673,ORD0002788,PROD00089,3,38999.15,0.0,116997.45
ITEM00001674,ORD0002472,PROD00093,5,10532.57,0.1,47396.56
ITEM00001675,ORD0000620,PROD00068,2,27586.06,0.0,55172.12
ITEM00001676,ORD0000230,PROD00028,1,3343.12,0.05,3175.96
ITEM00001677,ORD0000025,PROD00052,1,3686.71,0.1,3318.04
ITEM00001678,ORD0000223,PROD00075,3,21538.55,0.05,61384.87
ITEM00001679,ORD0002563,PROD00052,3,3686.71,0.0,11060.13
ITEM00001680,ORD0001466,PROD00073,2,22314.85,0.1,40166.73
ITEM00001681,ORD0003804,PROD00019,1,21401.39,0.05,20331.32
ITEM00001682,ORD0001350,PROD00030,4,31849.17,0.0,127396.68
ITEM00001683,ORD0001767,PROD00049,4,36803.75,0.05,139854.25
ITEM00001684,ORD0001951,PROD00014,2,32042.32,0.05,60880.41
ITEM00001685,ORD0004043,PROD00001,3,24639.04,0.1,66525.41
ITEM00001686,ORD0000411,PROD00097,3,31284.13,0.15,79774.53
ITEM00001687,ORD0001262,PROD00074,4,7552.65,0.1,27189.54
ITEM00001688,ORD0002336,PROD00075,1,21538.55,0.0,21538.55
ITEM00001689,ORD0003867,PROD00023,3,10927.01,0.2,26224.82
ITEM00001690,ORD0001851,PROD00031,4,27602.46,0.15,93848.36
ITEM00001691,ORD0002897,PROD00030,5,31849.17,0.0,159245.85
ITEM00001692,ORD0004091,PROD00069,4,20171.63,0.0,80686.52
ITEM00001693,ORD0003140,PROD00084,1,33636.84,0.0,33636.84
ITEM00001694,ORD0000626,PROD00048,2,19471.18,0.0,38942.36
ITEM00001695,ORD0002130,PROD00053,4,32924.49,0.05,125113.06
ITEM00001696,ORD0002924,PROD00043,3,1033.45,0.1,2790.32
ITEM00001697,ORD0003003,PROD00058,1,18182.64,0.0,18182.64
ITEM00001698,ORD0000526,PROD00075,4,21538.55,0.0,86154.2
ITEM00001699,ORD0000615,PROD00077,4,4512.83,0.0,18051.32
ITEM00001700,ORD0001811,PROD00072,2,4790.71,0.0,9581.42
ITEM00001701,ORD0000238,PROD00061,4,29654.17,0.15,100824.18
ITEM00001702,ORD0001170,PROD00100,2,5870.04,0.1,10566.07
ITEM00001703,ORD0003526,PROD00008,1,37921.27,0.05,36025.21
ITEM00001704,ORD0000949,PROD00031,2,27602.46,0.2,44163.94
ITEM00001705,ORD0003469,PROD00031,3,27602.46,0.0,82807.38
ITEM00001706,ORD0001710,PROD00046,4,17992.73,0.15,61175.28
ITEM00001707,ORD0004008,PROD00022,5,36913.73,0.1,166111.79
ITEM00001708,ORD0002901,PROD00025,1,14036.44,0.0,14036.44
ITEM00001709,ORD0003859,PROD00079,4,28032.28,0.0,112129.12
ITEM00001710,ORD0003982,PROD00028,4,3343.12,0.2,10697.98
ITEM00001711,ORD0000990,PROD00075,1,21538.55,0.0,21538.55
ITEM00001712,ORD0003582,PROD00073,2,22314.85,0.05,42398.22
ITEM00001713,ORD0001029,PROD00046,4,17992.73,0.1,64773.83
ITEM00001714,ORD0003823,PROD00090,2,24075.28,0.05,45743.03
ITEM00001715,ORD0001905,PROD00100,4,5870.04,0.05,22306.15
ITEM00001716,ORD0001767,PROD00020,2,36266.39,0.0,72532.78
ITEM00001717,ORD0001322,PROD00070,1,2111.98,0.0,2111.98
ITEM00001718,ORD0001140,PROD00098,3,11569.88,0.05,32974.16
ITEM00001719,ORD0000130,PROD00002,3,9793.58,0.05,27911.7
ITEM00001720,ORD0001036,PROD00059,2,12601.2,0.05,23942.28
ITEM00001721,ORD0002186,PROD00002,1,9793.58,0.15,8324.54
ITEM00001722,ORD0003568,PROD00074,2,7552.65,0.0,15105.3
ITEM00001723,ORD0002299,PROD00055,3,23334.75,0.0,70004.25
ITEM00001724,ORD0003614,PROD00022,1,36913.73,0.0,36913.73
ITEM00001725,ORD0002774,PROD00056,1,23188.7,0.05,22029.26
ITEM00001726,ORD0000373,PROD00052,4,3686.71,0.2,11797.47
ITEM00001727,ORD0003739,PROD00047,5,19432.07,0.05,92302.33
ITEM00001728,ORD0000246,PROD00055,3,23334.75,0.0,70004.25
ITEM00001729,ORD0001425,PROD00062,5,15772.0,0.0,78860.0
ITEM00001730,ORD0003332,PROD00090,4,24075.28,0.15,81855.95
ITEM00001731,ORD0002642,PROD00075,4,21538.55,0.15,73231.07
ITEM00001732,ORD0001395,PROD00043,5,1033.45,0.0,5167.25
ITEM00001733,ORD0000259,PROD00014,3,32042.32,0.05,91320.61
ITEM00001734,ORD0002364,PROD00095,1,2383.13,0.1,2144.82
ITEM00001735,ORD0000737,PROD00078,2,4156.2,0.0,8312.4
ITEM00001736,ORD0003984,PROD00011,5,39396.81,0.0,196984.05
ITEM00001737,ORD0002090,PROD00092,4,22785.65,0.0,91142.6
ITEM00001738,ORD0002237,PROD00096,4,8593.11,0.05,32653.82
ITEM00001739,ORD0000623,PROD00015,3,16977.12,0.0,50931.36
ITEM00001740,ORD0001136,PROD00017,2,1380.2,0.05,2622.38
ITEM00001741,ORD0002294,PROD00100,2,5870.04,0.0,11740.08
ITEM00001742,ORD0001695,PROD00080,1,1983.77,0.0,1983.77
ITEM00001743,ORD0002337,PROD00034,5,6989.97,0.1,31454.86
ITEM00001744,ORD0002066,PROD00059,4,12601.2,0.0,50404.8
ITEM00001745,ORD0002256,PROD00056,4,23188.7,0.0,92754.8
ITEM00001746,ORD0001918,PROD00076,2,8213.19,0.0,16426.38
ITEM00001747,ORD0003615,PROD00059,1,12601.2,0.0,12601.2
ITEM00001748,ORD0003222,PROD00092,4,22785.65,0.0,91142.6
ITEM00001749,ORD0000034,PROD00075,5,21538.55,0.15,91538.84
ITEM00001750,ORD0003217,PROD00076,5,8213.19,0.0,41065.95
ITEM00001751,ORD0002070,PROD00017,1,1380.2,0.15,1173.17
ITEM00001752,ORD0002622,PROD00063,5,12483.91,0.0,62419.55
ITEM00001753,ORD0001901,PROD00073,2,22314.85,0.0,44629.7
ITEM00001754,ORD0001848,PROD00006,3,6374.03,0.0,19122.09
ITEM00001755,ORD0003218,PROD00024,3,21256.79,0.0,63770.37
ITEM00001756,ORD0000809,PROD00045,3,24509.37,0.05,69851.7
ITEM00001757,ORD0000749,PROD00071,5,10168.48,0.2,40673.92
ITEM00001758,ORD0002824,PROD00080,3,1983.77,0.0,5951.31
ITEM00001759,ORD0003675,PROD00048,2,19471.18,0.05,36995.24
ITEM00001760,ORD0001719,PROD00074,2,7552.65,0.0,15105.3
ITEM00001761,ORD0002336,PROD00046,4,17992.73,0.05,68372.37
ITEM00001762,ORD0001117,PROD00059,1,12601.2,0.05,11971.14
ITEM00001763,ORD0001431,PROD00027,3,6847.94,0.2,16435.06
ITEM00001764,ORD0000341,PROD00025,4,14036.44,0.05,53338.47
ITEM00001765,ORD0001217,PROD00030,2,31849.17,0.0,63698.34
ITEM00001766,ORD0000290,PROD00041,3,31482.01,0.1,85001.43
ITEM00001767,ORD0000333,PROD00085,1,30956.16,0.0,30956.16
ITEM00001768,ORD0001890,PROD00013,4,12889.42,0.1,46401.91
ITEM00001769,ORD0001021,PROD00007,3,3268.05,0.15,8333.53
ITEM00001770,ORD0000191,PROD00065,2,15361.54,0.0,30723.08
ITEM00001771,ORD0003771,PROD00070,4,2111.98,0.0,8447.92
ITEM00001772,ORD0002919,PROD00039,1,5270.61,0.0,5270.61
ITEM00001773,ORD0001605,PROD00009,1,28460.8,0.05,27037.76
ITEM00001774,ORD0004034,PROD00025,4,14036.44,0.05,53338.47
ITEM00001775,ORD0002225,PROD00037,5,10709.86,0.0,53549.3
ITEM00001776,ORD0000922,PROD00063,2,12483.91,0.0,24967.82
ITEM00001777,ORD0001579,PROD00051,4,26642.17,0.05,101240.25
ITEM00001778,ORD0000926,PROD00087,2,12584.23,0.1,22651.61
ITEM00001779,ORD0000678,PROD00041,4,31482.01,0.0,125928.04
ITEM00001780,ORD0001943,PROD00090,1,24075.28,0.2,19260.22
ITEM00001781,ORD0004176,PROD00061,1,29654.17,0.05,28171.46
ITEM00001782,ORD0001612,PROD00009,1,28460.8,0.15,24191.68
ITEM00001783,ORD0000313,PROD00046,1,17992.73,0.0,17992.73
ITEM00001784,ORD0001445,PROD00006,2,6374.03,0.1,11473.25
ITEM00001785,ORD0002920,PROD00023,1,10927.01,0.1,9834.31
ITEM00001786,ORD0001975,PROD00030,5,31849.17,0.0,159245.85
ITEM00001787,ORD0003812,PROD00005,1,25505.44,0.0,25505.44
ITEM00001788,ORD0003335,PROD00003,4,4841.6,0.0,19366.4
ITEM00001789,ORD0002992,PROD00049,1,36803.75,0.1,33123.38
ITEM00001790,ORD0000463,PROD00006,3,6374.03,0.05,18165.99
ITEM00001791,ORD0002262,PROD00009,1,28460.8,0.05,27037.76
ITEM00001792,ORD0002513,PROD00098,3,11569.88,0.15,29503.19
ITEM00001793,ORD0001964,PROD00085,3,30956.16,0.0,92868.48
ITEM00001794,ORD0002898,PROD00005,5,25505.44,0.1,114774.48
ITEM00001795,ORD0003570,PROD00074,3,7552.65,0.1,20392.16
ITEM00001796,ORD0000134,PROD00050,5,29435.69,0.05,139819.53
ITEM00001797,ORD0001037,PROD00064,4,22156.12,0.0,88624.48
ITEM00001798,ORD0003912,PROD00053,5,32924.49,0.0,164622.45
ITEM00001799,ORD0004122,PROD00076,5,8213.19,0.1,36959.36
ITEM00001800,ORD0000405,PROD00050,3,29435.69,0.1,79476.36
ITEM00001801,ORD0002951,PROD00063,4,12483.91,0.05,47438.86
ITEM00001802,ORD0000860,PROD00083,2,996.44,0.05,1893.24
ITEM00001803,ORD0003846,PROD00062,1,15772.0,0.1,14194.8
ITEM00001804,ORD0003755,PROD00019,4,21401.39,0.15,72764.73
ITEM00001805,ORD0003699,PROD00049,1,36803.75,0.0,36803.75
ITEM00001806,ORD0000800,PROD00046,1,17992.73,0.0,17992.73
ITEM00001807,ORD0003305,PROD00069,3,20171.63,0.0,60514.89
ITEM00001808,ORD0002925,PROD00027,5,6847.94,0.05,32527.71
ITEM00001809,ORD0001066,PROD00020,4,36266.39,0.05,137812.28
ITEM00001810,ORD0003818,PROD00023,5,10927.01,0.15,46439.79
ITEM00001811,ORD0004175,PROD00069,3,20171.63,0.0,60514.89
ITEM00001812,ORD0001416,PROD00076,3,8213.19,0.1,22175.61
ITEM00001813,ORD0001205,PROD00041,2,31482.01,0.0,62964.02
ITEM00001814,ORD0001805,PROD00011,4,39396.81,0.0,157587.24
ITEM00001815,ORD0000730,PROD00069,3,20171.63,0.0,60514.89
ITEM00001816,ORD0001139,PROD00051,5,26642.17,0.0,133210.85
ITEM00001817,ORD0001959,PROD00072,5,4790.71,0.0,23953.55
ITEM00001818,ORD0000113,PROD00091,1,36997.61,0.05,35147.73
ITEM00001819,ORD0004028,PROD00091,3,36997.61,0.0,110992.83
ITEM00001820,ORD0002111,PROD00016,5,39122.87,0.0,195614.35
ITEM00001821,ORD0002895,PROD00089,5,38999.15,0.05,185245.96
ITEM00001822,ORD0001232,PROD00065,4,15361.54,0.0,61446.16
ITEM00001823,ORD0000752,PROD00017,1,1380.2,0.05,1311.19
ITEM00001824,ORD0000657,PROD00076,2,8213.19,0.1,14783.74
ITEM00001825,ORD0001556,PROD00087,3,12584.23,0.05,35865.06
ITEM00001826,ORD0003976,PROD00032,1,21985.37,0.0,21985.37
ITEM00001827,ORD0002554,PROD00019,1,21401.39,0.0,21401.39
ITEM00001828,ORD0001799,PROD00083,3,996.44,0.1,2690.39
ITEM00001829,ORD0002534,PROD00063,5,12483.91,0.1,56177.6
ITEM00001830,ORD0002153,PROD00036,4,25163.54,0.0,100654.16
ITEM00001831,ORD0002685,PROD00073,3,22314.85,0.05,63597.32
ITEM00001832,ORD0000941,PROD00070,2,2111.98,0.1,3801.56
ITEM00001833,ORD0001191,PROD00079,5,28032.28,0.05,133153.33
ITEM00001834,ORD0004003,PROD00014,5,32042.32,0.1,144190.44
ITEM00001835,ORD0000940,PROD00035,5,29473.68,0.15,125263.14
ITEM00001836,ORD0000878,PROD00076,3,8213.19,0.0,24639.57
ITEM00001837,ORD0001791,PROD00059,2,12601.2,0.0,25202.4
ITEM00001838,ORD0000973,PROD00093,2,10532.57,0.0,21065.14
ITEM00001839,ORD0002792,PROD00041,2,31482.01,0.15,53519.42
ITEM00001840,ORD0003114,PROD00074,1,7552.65,0.0,7552.65
ITEM00001841,ORD0004086,PROD00008,1,37921.27,0.0,37921.27
ITEM00001842,ORD0001197,PROD00079,1,28032.28,0.0,28032.28
ITEM00001843,ORD0000713,PROD00012,2,41743.91,0.05,79313.43
ITEM00001844,ORD0002978,PROD00001,4,24639.04,0.15,83772.74
ITEM00001845,ORD0001446,PROD00024,4,21256.79,0.05,80775.8
ITEM00001846,ORD0003545,PROD00065,2,15361.54,0.05,29186.93
ITEM00001847,ORD0002735,PROD00100,4,5870.04,0.05,22306.15
ITEM00001848,ORD0002191,PROD00054,4,36912.87,0.1,132886.33
ITEM00001849,ORD0002555,PROD00010,4,21479.33,0.05,81621.45
ITEM00001850,ORD0000154,PROD00070,3,2111.98,0.1,5702.35
ITEM00001851,ORD0002061,PROD00091,4,36997.61,0.05,140590.92
ITEM00001852,ORD0002090,PROD00100,3,5870.04,0.0,17610.12
ITEM00001853,ORD0003943,PROD00021,3,22045.15,0.15,56215.13
ITEM00001854,ORD0000471,PROD00066,2,45048.76,0.1,81087.77
ITEM00001855,ORD0002566,PROD00091,1,36997.61,0.0,36997.61
ITEM00001856,ORD0001225,PROD00067,4,9721.17,0.1,34996.21
ITEM00001857,ORD0001507,PROD00085,3,30956.16,0.2,74294.78
ITEM00001858,ORD0003839,PROD00017,2,1380.2,0.05,2622.38
ITEM00001859,ORD0002929,PROD00056,4,23188.7,0.05,88117.06
ITEM00001860,ORD0001100,PROD00057,2,31419.96,0.05,59697.92
ITEM00001861,ORD0002525,PROD00033,1,14237.63,0.05,13525.75
ITEM00001862,ORD0003878,PROD00087,4,12584.23,0.05,47820.07
ITEM00001863,ORD0000310,PROD00043,3,1033.45,0.0,3100.35
ITEM00001864,ORD0000828,PROD00042,3,28474.31,0.0,85422.93
ITEM00001865,ORD0000556,PROD00052,5,3686.71,0.0,18433.55
ITEM00001866,ORD0000483,PROD00024,3,21256.79,0.15,54204.81
ITEM00001867,ORD0002279,PROD00044,2,25709.47,0.05,48847.99
ITEM00001868,ORD0000879,PROD00022,4,36913.73,0.05,140272.17
ITEM00001869,ORD0003005,PROD00075,2,21538.55,0.0,43077.1
ITEM00001870,ORD0002018,PROD00029,4,11616.0,0.0,46464.0
ITEM00001871,ORD0003127,PROD00097,4,31284.13,0.15,106366.04
ITEM00001872,ORD0000643,PROD00066,1,45048.76,0.1,40543.88
ITEM00001873,ORD0001801,PROD00013,3,12889.42,0.15,32868.02
ITEM00001874,ORD0003289,PROD00089,5,38999.15,0.0,194995.75
ITEM00001875,ORD0003242,PROD00029,2,11616.0,0.1,20908.8
ITEM00001876,ORD0004152,PROD00075,3,21538.55,0.15,54923.3
ITEM00001877,ORD0003307,PROD00054,2,36912.87,0.0,73825.74
ITEM00001878,ORD0002661,PROD00070,2,2111.98,0.05,4012.76
ITEM00001879,ORD0004111,PROD00074,1,7552.65,0.05,7175.02
ITEM00001880,ORD0000242,PROD00012,3,41743.91,0.05,118970.14
ITEM00001881,ORD0003875,PROD00019,1,21401.39,0.0,21401.39
ITEM00001882,ORD0003751,PROD00071,4,10168.48,0.05,38640.22
ITEM00001883,ORD0003889,PROD00078,5,4156.2,0.0,20781.0
ITEM00001884,ORD0004156,PROD00029,5,11616.0,0.0,58080.0
ITEM00001885,ORD0001022,PROD00046,4,17992.73,0.0,71970.92
ITEM00001886,ORD0002665,PROD00035,5,29473.68,0.1,132631.56
ITEM00001887,ORD0002034,PROD00044,5,25709.47,0.0,128547.35
ITEM00001888,ORD0002300,PROD00075,4,21538.55,0.15,73231.07
ITEM00001889,ORD0003463,PROD00034,1,6989.97,0.0,6989.97
ITEM00001890,ORD0003352,PROD00073,5,22314.85,0.05,105995.54
ITEM00001891,ORD0004013,PROD00026,5,20955.68,0.1,94300.56
ITEM00001892,ORD0001146,PROD00029,4,11616.0,0.0,46464.0
ITEM00001893,ORD0001551,PROD00077,2,4512.83,0.05,8574.38
ITEM00001894,ORD0003686,PROD00055,2,23334.75,0.0,46669.5
ITEM00001895,ORD0000410,PROD00086,2,7222.29,0.15,12277.89
ITEM00001896,ORD0000144,PROD00070,5,2111.98,0.1,9503.91
ITEM00001897,ORD0003425,PROD00048,5,19471.18,0.0,97355.9
ITEM00001898,ORD0003589,PROD00031,5,27602.46,0.05,131111.68
ITEM00001899,ORD0003748,PROD00088,3,32457.45,0.05,92503.73
ITEM00001900,ORD0003328,PROD00089,5,38999.15,0.0,194995.75
ITEM00001901,ORD0002554,PROD00033,5,14237.63,0.05,67628.74
ITEM00001902,ORD0002599,PROD00031,4,27602.46,0.0,110409.84
ITEM00001903,ORD0002951,PROD00034,5,6989.97,0.05,33202.36
ITEM00001904,ORD0001101,PROD00015,5,16977.12,0.1,76397.04
ITEM00001905,ORD0003595,PROD00085,2,30956.16,0.0,61912.32
ITEM00001906,ORD0003197,PROD00005,4,25505.44,0.05,96920.67
ITEM00001907,ORD0000733,PROD00013,2,12889.42,0.2,20623.07
ITEM00001908,ORD0003848,PROD00071,2,10168.48,0.0,20336.96
ITEM00001909,ORD0000973,PROD00037,1,10709.86,0.15,9103.38
ITEM00001910,ORD0002544,PROD00021,2,22045.15,0.2,35272.24
ITEM00001911,ORD0003897,PROD00100,1,5870.04,0.05,5576.54
ITEM00001912,ORD0001317,PROD00055,2,23334.75,0.05,44336.02
ITEM00001913,ORD0001730,PROD00018,4,18573.59,0.05,70579.64
ITEM00001914,ORD0001804,PROD00009,2,28460.8,0.1,51229.44
ITEM00001915,ORD0001143,PROD00063,2,12483.91,0.0,24967.82
ITEM00001916,ORD0001632,PROD00088,4,32457.45,0.0,129829.8
ITEM00001917,ORD0004051,PROD00087,1,12584.23,0.05,11955.02
ITEM00001918,ORD0000722,PROD00015,2,16977.12,0.2,27163.39
ITEM00001919,ORD0004092,PROD00073,4,22314.85,0.05,84796.43
ITEM00001920,ORD0002416,PROD00019,4,21401.39,0.05,81325.28
ITEM00001921,ORD0002396,PROD00087,5,12584.23,0.0,62921.15
ITEM00001922,ORD0000065,PROD00086,2,7222.29,0.1,13000.12
ITEM00001923,ORD0001591,PROD00019,3,21401.39,0.1,57783.75
ITEM00001924,ORD0003440,PROD00001,3,24639.04,0.0,73917.12
ITEM00001925,ORD0003329,PROD00052,4,3686.71,0.0,14746.84
ITEM00001926,ORD0001702,PROD00078,2,4156.2,0.2,6649.92
ITEM00001927,ORD0002455,PROD00094,4,30366.64,0.0,121466.56
ITEM00001928,ORD0003104,PROD00095,3,2383.13,0.1,6434.45
ITEM00001929,ORD0003770,PROD00065,5,15361.54,0.15,65286.55
ITEM00001930,ORD0003083,PROD00046,1,17992.73,0.2,14394.18
ITEM00001931,ORD0002141,PROD00010,1,21479.33,0.2,17183.46
ITEM00001932,ORD0003597,PROD00032,2,21985.37,0.1,39573.67
ITEM00001933,ORD0000458,PROD00072,1,4790.71,0.05,4551.17
ITEM00001934,ORD0003981,PROD00082,5,24230.95,0.05,115097.01
ITEM00001935,ORD0003661,PROD00020,4,36266.39,0.05,137812.28
ITEM00001936,ORD0003622,PROD00096,3,8593.11,0.0,25779.33
ITEM00001937,ORD0002497,PROD00068,1,27586.06,0.0,27586.06
ITEM00001938,ORD0000549,PROD00063,3,12483.91,0.2,29961.38
ITEM00001939,ORD0002410,PROD00081,5,11731.11,0.0,58655.55
ITEM00001940,ORD0002850,PROD00039,3,5270.61,0.0,15811.83
ITEM00001941,ORD0002678,PROD00097,5,31284.13,0.1,140778.58
ITEM00001942,ORD0001940,PROD00036,4,25163.54,0.0,100654.16
ITEM00001943,ORD0000336,PROD00093,1,10532.57,0.15,8952.68
ITEM00001944,ORD0001257,PROD00013,1,12889.42,0.1,11600.48
ITEM00001945,ORD0001996,PROD00009,3,28460.8,0.1,76844.16
ITEM00001946,ORD0000879,PROD00039,1,5270.61,0.15,4480.02
ITEM00001947,ORD0003614,PROD00013,3,12889.42,0.05,36734.85
ITEM00001948,ORD0000291,PROD00064,2,22156.12,0.1,39881.02
ITEM00001949,ORD0002500,PROD00066,5,45048.76,0.15,191457.23
ITEM00001950,ORD0000045,PROD00096,4,8593.11,0.0,34372.44
ITEM00001951,ORD0000976,PROD00065,4,15361.54,0.05,58373.85
ITEM00001952,ORD0001682,PROD00068,2,27586.06,0.0,55172.12
ITEM00001953,ORD0001327,PROD00009,3,28460.8,0.0,85382.4
ITEM00001954,ORD0001483,PROD00007,4,3268.05,0.15,11111.37
ITEM00001955,ORD0003516,PROD00022,1,36913.73,0.05,35068.04
ITEM00001956,ORD0003336,PROD00013,2,12889.42,0.1,23200.96
ITEM00001957,ORD0003892,PROD00003,2,4841.6,0.0,9683.2
ITEM00001958,ORD0003048,PROD00089,4,38999.15,0.15,132597.11
ITEM00001959,ORD0001499,PROD00085,5,30956.16,0.0,154780.8
ITEM00001960,ORD0000746,PROD00078,2,4156.2,0.0,8312.4
ITEM00001961,ORD0000788,PROD00073,1,22314.85,0.1,20083.36
ITEM00001962,ORD0001506,PROD00059,5,12601.2,0.05,59855.7
ITEM00001963,ORD0000828,PROD00014,3,32042.32,0.0,96126.96
ITEM00001964,ORD0002627,PROD00060,1,26022.82,0.1,23420.54
ITEM00001965,ORD0003405,PROD00006,3,6374.03,0.0,19122.09
ITEM00001966,ORD0000934,PROD00057,3,31419.96,0.1,84833.89
ITEM00001967,ORD0000294,PROD00073,5,22314.85,0.05,105995.54
ITEM00001968,ORD0001126,PROD00011,4,39396.81,0.1,141828.52
ITEM00001969,ORD0000857,PROD00069,2,20171.63,0.2,32274.61
ITEM00001970,ORD0001174,PROD00023,3,10927.01,0.15,27863.88
ITEM00001971,ORD0002049,PROD00055,3,23334.75,0.0,70004.25
ITEM00001972,ORD0003341,PROD00001,5,24639.04,0.1,110875.68
ITEM00001973,ORD0003957,PROD00098,5,11569.88,0.1,52064.46
ITEM00001974,ORD0004061,PROD00076,4,8213.19,0.1,29567.48
ITEM00001975,ORD0002432,PROD00069,3,20171.63,0.0,60514.89
ITEM00001976,ORD0003675,PROD00092,1,22785.65,0.1,20507.09
ITEM00001977,ORD0002704,PROD00057,2,31419.96,0.1,56555.93
ITEM00001978,ORD0001779,PROD00087,2,12584.23,0.0,25168.46
ITEM00001979,ORD0001964,PROD00050,2,29435.69,0.0,58871.38
ITEM00001980,ORD0003532,PROD00092,3,22785.65,0.05,64939.1
ITEM00001981,ORD0001100,PROD00009,1,28460.8,0.05,27037.76
ITEM00001982,ORD0003491,PROD00072,4,4790.71,0.0,19162.84
ITEM00001983,ORD0003593,PROD00070,4,2111.98,0.05,8025.52
ITEM00001984,ORD0004085,PROD00026,3,20955.68,0.0,62867.04
ITEM00001985,ORD0000062,PROD00100,3,5870.04,0.1,15849.11
ITEM00001986,ORD0002969,PROD00012,1,41743.91,0.05,39656.71
ITEM00001987,ORD0000889,PROD00055,4,23334.75,0.15,79338.15
ITEM00001988,ORD0000003,PROD00023,3,10927.01,0.1,29502.93
ITEM00001989,ORD0000976,PROD00023,1,10927.01,0.2,8741.61
ITEM00001990,ORD0000083,PROD00086,3,7222.29,0.05,20583.53
ITEM00001991,ORD0003946,PROD00094,4,30366.64,0.1,109319.9
ITEM00001992,ORD0003884,PROD00030,3,31849.17,0.0,95547.51
ITEM00001993,ORD0001021,PROD00063,2,12483.91,0.1,22471.04
ITEM00001994,ORD0003351,PROD00085,4,30956.16,0.0,123824.64
ITEM00001995,ORD0002852,PROD00038,1,11449.14,0.05,10876.68
ITEM00001996,ORD0002465,PROD00057,4,31419.96,0.1,113111.86
ITEM00001997,ORD0000244,PROD00024,3,21256.79,0.0,63770.37
ITEM00001998,ORD0003245,PROD00038,2,11449.14,0.05,21753.37
ITEM00001999,ORD0003207,PROD00011,2,39396.81,0.15,66974.58
ITEM00002000,ORD0000031,PROD00005,3,25505.44,0.2,61213.06
ITEM00002001,ORD0004027,PROD00088,1,32457.45,0.05,30834.58
ITEM00002002,ORD0003281,PROD00069,4,20171.63,0.15,68583.54
ITEM00002003,ORD0000271,PROD00051,1,26642.17,0.05,25310.06
ITEM00002004,ORD0000955,PROD00044,1,25709.47,0.0,25709.47
ITEM00002005,ORD0003611,PROD00020,3,36266.39,0.0,108799.17
ITEM00002006,ORD0000322,PROD00020,1,36266.39,0.05,34453.07
ITEM00002007,ORD0000396,PROD00053,1,32924.49,0.0,32924.49
ITEM00002008,ORD0001592,PROD00023,3,10927.01,0.0,32781.03
ITEM00002009,ORD0003993,PROD00021,1,22045.15,0.1,19840.64
ITEM00002010,ORD0001288,PROD00100,3,5870.04,0.15,14968.6
ITEM00002011,ORD0000133,PROD00026,4,20955.68,0.1,75440.45
ITEM00002012,ORD0002637,PROD00076,5,8213.19,0.05,39012.65
ITEM00002013,ORD0003567,PROD00096,2,8593.11,0.05,16326.91
ITEM00002014,ORD0003793,PROD00010,2,21479.33,0.05,40810.73
ITEM00002015,ORD0001937,PROD00081,1,11731.11,0.1,10558.0
ITEM00002016,ORD0001928,PROD00067,2,9721.17,0.0,19442.34
ITEM00002017,ORD0000398,PROD00100,5,5870.04,0.05,27882.69
ITEM00002018,ORD0002462,PROD00077,1,4512.83,0.05,4287.19
ITEM00002019,ORD0003462,PROD00092,1,22785.65,0.0,22785.65
ITEM00002020,ORD0001152,PROD00081,5,11731.11,0.05,55722.77
ITEM00002021,ORD0001649,PROD00022,3,36913.73,0.1,99667.07
ITEM00002022,ORD0002696,PROD00026,3,20955.68,0.05,59723.69
ITEM00002023,ORD0003932,PROD00084,1,33636.84,0.05,31955.0
ITEM00002024,ORD0003783,PROD00033,4,14237.63,0.05,54102.99
ITEM00002025,ORD0003156,PROD00006,3,6374.03,0.0,19122.09
ITEM00002026,ORD0001607,PROD00001,4,24639.04,0.05,93628.35
ITEM00002027,ORD0001792,PROD00021,1,22045.15,0.0,22045.15
ITEM00002028,ORD0001841,PROD00025,2,14036.44,0.0,28072.88
ITEM00002029,ORD0002602,PROD00029,3,11616.0,0.0,34848.0
ITEM00002030,ORD0002045,PROD00050,3,29435.69,0.0,88307.07
ITEM00002031,ORD0003240,PROD00051,1,26642.17,0.05,25310.06
ITEM00002032,ORD0000662,PROD00069,4,20171.63,0.05,76652.19
ITEM00002033,ORD0002242,PROD00043,1,1033.45,0.1,930.1
ITEM00002034,ORD0003812,PROD00026,4,20955.68,0.0,83822.72
ITEM00002035,ORD0003918,PROD00006,3,6374.03,0.0,19122.09
ITEM00002036,ORD0000438,PROD00036,5,25163.54,0.0,125817.7
ITEM00002037,ORD0001043,PROD00095,3,2383.13,0.0,7149.39
ITEM00002038,ORD0002523,PROD00021,1,22045.15,0.1,19840.64
ITEM00002039,ORD0000047,PROD00067,1,9721.17,0.0,9721.17
ITEM00002040,ORD0000769,PROD00036,2,25163.54,0.0,50327.08
ITEM00002041,ORD0000301,PROD00092,4,22785.65,0.05,86585.47
ITEM00002042,ORD0002401,PROD00042,5,28474.31,0.05,135252.97
ITEM00002043,ORD0001211,PROD00097,5,31284.13,0.0,156420.65
ITEM00002044,ORD0003667,PROD00039,5,5270.61,0.05,25035.4
ITEM00002045,ORD0000340,PROD00039,3,5270.61,0.15,13440.06
ITEM00002046,ORD0001167,PROD00090,4,24075.28,0.1,86671.01
ITEM00002047,ORD0003065,PROD00057,1,31419.96,0.0,31419.96
ITEM00002048,ORD0000635,PROD00039,4,5270.61,0.05,20028.32
ITEM00002049,ORD0001990,PROD00012,1,41743.91,0.05,39656.71
ITEM00002050,ORD0002343,PROD00095,5,2383.13,0.1,10724.08
ITEM00002051,ORD0001320,PROD00009,3,28460.8,0.0,85382.4
ITEM00002052,ORD0003492,PROD00056,4,23188.7,0.2,74203.84
ITEM00002053,ORD0002389,PROD00070,3,2111.98,0.15,5385.55
ITEM00002054,ORD0002252,PROD00031,1,27602.46,0.0,27602.46
ITEM00002055,ORD0001293,PROD00037,2,10709.86,0.0,21419.72
ITEM00002056,ORD0003152,PROD00012,5,41743.91,0.0,208719.55
ITEM00002057,ORD0002461,PROD00008,1,37921.27,0.0,37921.27
ITEM00002058,ORD0000657,PROD00063,3,12483.91,0.05,35579.14
ITEM00002059,ORD0000923,PROD00063,1,12483.91,0.0,12483.91
ITEM00002060,ORD0002163,PROD00083,1,996.44,0.05,946.62
ITEM00002061,ORD0000933,PROD00054,3,36912.87,0.1,99664.75
ITEM00002062,ORD0000362,PROD00068,3,27586.06,0.2,66206.54
ITEM00002063,ORD0003225,PROD00011,4,39396.81,0.05,149707.88
ITEM00002064,ORD0003496,PROD00050,4,29435.69,0.0,117742.76
ITEM00002065,ORD0002436,PROD00068,2,27586.06,0.0,55172.12
ITEM00002066,ORD0003163,PROD00016,3,39122.87,0.0,117368.61
ITEM00002067,ORD0002371,PROD00095,2,2383.13,0.05,4527.95
ITEM00002068,ORD0001711,PROD00053,4,32924.49,0.0,131697.96
ITEM00002069,ORD0003776,PROD00071,2,10168.48,0.1,18303.26
ITEM00002070,ORD0001105,PROD00098,5,11569.88,0.0,57849.4
ITEM00002071,ORD0003304,PROD00013,3,12889.42,0.0,38668.26
ITEM00002072,ORD0002211,PROD00026,5,20955.68,0.1,94300.56
ITEM00002073,ORD0000519,PROD00071,4,10168.48,0.0,40673.92
ITEM00002074,ORD0002613,PROD00041,4,31482.01,0.05,119631.64
ITEM00002075,ORD0003911,PROD00067,2,9721.17,0.05,18470.22
ITEM00002076,ORD0000829,PROD00050,4,29435.69,0.15,100081.35
ITEM00002077,ORD0003360,PROD00065,1,15361.54,0.1,13825.39
ITEM00002078,ORD0003201,PROD00077,2,4512.83,0.0,9025.66
ITEM00002079,ORD0003179,PROD00055,2,23334.75,0.1,42002.55
ITEM00002080,ORD0000860,PROD00097,2,31284.13,0.0,62568.26
ITEM00002081,ORD0002125,PROD00071,4,10168.48,0.0,40673.92
ITEM00002082,ORD0001480,PROD00064,4,22156.12,0.0,88624.48
ITEM00002083,ORD0002491,PROD00057,5,31419.96,0.15,133534.83
ITEM00002084,ORD0000858,PROD00058,2,18182.64,0.0,36365.28
ITEM00002085,ORD0003782,PROD00014,5,32042.32,0.0,160211.6
ITEM00002086,ORD0000180,PROD00024,1,21256.79,0.0,21256.79
ITEM00002087,ORD0002789,PROD00052,5,3686.71,0.0,18433.55
ITEM00002088,ORD0000103,PROD00055,2,23334.75,0.0,46669.5
ITEM00002089,ORD0000692,PROD00067,2,9721.17,0.05,18470.22
ITEM00002090,ORD0003537,PROD00045,4,24509.37,0.05,93135.61
ITEM00002091,ORD0000540,PROD00098,2,11569.88,0.1,20825.78
ITEM00002092,ORD0003181,PROD00001,1,24639.04,0.1,22175.14
ITEM00002093,ORD0000866,PROD00085,4,30956.16,0.0,123824.64
ITEM00002094,ORD0003883,PROD00036,5,25163.54,0.05,119526.82
ITEM00002095,ORD0002946,PROD00016,2,39122.87,0.05,74333.45
ITEM00002096,ORD0003255,PROD00079,4,28032.28,0.0,112129.12
ITEM00002097,ORD0000474,PROD00100,2,5870.04,0.0,11740.08
ITEM00002098,ORD0001440,PROD00033,1,14237.63,0.15,12101.99
ITEM00002099,ORD0003499,PROD00002,1,9793.58,0.15,8324.54
ITEM00002100,ORD0002796,PROD00089,3,38999.15,0.05,111147.58
ITEM00002101,ORD0001138,PROD00015,5,16977.12,0.2,67908.48
ITEM00002102,ORD0002770,PROD00097,4,31284.13,0.2,100109.22
ITEM00002103,ORD0001640,PROD00092,3,22785.65,0.15,58103.41
ITEM00002104,ORD0003364,PROD00004,4,14185.5,0.1,51067.8
ITEM00002105,ORD0002985,PROD00034,1,6989.97,0.05,6640.47
ITEM00002106,ORD0002269,PROD00052,5,3686.71,0.0,18433.55
ITEM00002107,ORD0000948,PROD00070,2,2111.98,0.0,4223.96
ITEM00002108,ORD0001494,PROD00077,1,4512.83,0.05,4287.19
ITEM00002109,ORD0004082,PROD00041,1,31482.01,0.05,29907.91
ITEM00002110,ORD0002434,PROD00024,5,21256.79,0.0,106283.95
ITEM00002111,ORD0002852,PROD00060,2,26022.82,0.2,41636.51
ITEM00002112,ORD0004150,PROD00014,2,32042.32,0.0,64084.64
ITEM00002113,ORD0001673,PROD00052,5,3686.71,0.0,18433.55
ITEM00002114,ORD0000468,PROD00091,2,36997.61,0.1,66595.7
ITEM00002115,ORD0002570,PROD00099,1,1583.05,0.0,1583.05
ITEM00002116,ORD0000622,PROD00049,3,36803.75,0.0,110411.25
ITEM00002117,ORD0003167,PROD00051,1,26642.17,0.0,26642.17
ITEM00002118,ORD0003657,PROD00080,3,1983.77,0.0,5951.31
ITEM00002119,ORD0001694,PROD00047,2,19432.07,0.1,34977.73
ITEM00002120,ORD0003904,PROD00098,1,11569.88,0.0,11569.88
ITEM00002121,ORD0003327,PROD00059,3,12601.2,0.05,35913.42
ITEM00002122,ORD0001899,PROD00085,5,30956.16,0.05,147041.76
ITEM00002123,ORD0003134,PROD00052,1,3686.71,0.0,3686.71
ITEM00002124,ORD0002748,PROD00078,1,4156.2,0.0,4156.2
ITEM00002125,ORD0001056,PROD00074,3,7552.65,0.0,22657.95
ITEM00002126,ORD0000527,PROD00011,4,39396.81,0.0,157587.24
ITEM00002127,ORD0000191,PROD00026,2,20955.68,0.2,33529.09
ITEM00002128,ORD0001143,PROD00097,2,31284.13,0.0,62568.26
ITEM00002129,ORD0003561,PROD00018,2,18573.59,0.0,37147.18
ITEM00002130,ORD0001579,PROD00067,4,9721.17,0.1,34996.21
ITEM00002131,ORD0001306,PROD00079,2,28032.28,0.0,56064.56
ITEM00002132,ORD0001922,PROD00050,1,29435.69,0.0,29435.69
ITEM00002133,ORD0003341,PROD00086,2,7222.29,0.05,13722.35
ITEM00002134,ORD0002496,PROD00052,3,3686.71,0.15,9401.11
ITEM00002135,ORD0001545,PROD00071,5,10168.48,0.05,48300.28
ITEM00002136,ORD0002852,PROD00001,4,24639.04,0.1,88700.54
ITEM00002137,ORD0003226,PROD00038,4,11449.14,0.15,38927.08
ITEM00002138,ORD0002877,PROD00055,4,23334.75,0.15,79338.15
ITEM00002139,ORD0001525,PROD00023,3,10927.01,0.0,32781.03
ITEM00002140,ORD0000366,PROD00091,2,36997.61,0.05,70295.46
ITEM00002141,ORD0000678,PROD00052,2,3686.71,0.0,7373.42
ITEM00002142,ORD0001004,PROD00002,1,9793.58,0.0,9793.58
ITEM00002143,ORD0001970,PROD00049,3,36803.75,0.0,110411.25
ITEM00002144,ORD0001661,PROD00023,4,10927.01,0.2,34966.43
ITEM00002145,ORD0001006,PROD00086,2,7222.29,0.1,13000.12
ITEM00002146,ORD0003465,PROD00093,1,10532.57,0.0,10532.57
ITEM00002147,ORD0002249,PROD00035,3,29473.68,0.0,88421.04
ITEM00002148,ORD0000210,PROD00026,2,20955.68,0.0,41911.36
ITEM00002149,ORD0001125,PROD00066,3,45048.76,0.1,121631.65
ITEM00002150,ORD0001102,PROD00045,5,24509.37,0.1,110292.16
ITEM00002151,ORD0000256,PROD00058,2,18182.64,0.0,36365.28
ITEM00002152,ORD0002825,PROD00031,4,27602.46,0.05,104889.35
ITEM00002153,ORD0001915,PROD00081,4,11731.11,0.0,46924.44
ITEM00002154,ORD0000622,PROD00055,1,23334.75,0.0,23334.75
ITEM00002155,ORD0000238,PROD00064,1,22156.12,0.1,19940.51
ITEM00002156,ORD0001765,PROD00067,1,9721.17,0.0,9721.17
ITEM00002157,ORD0003880,PROD00049,4,36803.75,0.05,139854.25
ITEM00002158,ORD0000060,PROD00031,5,27602.46,0.05,131111.68
ITEM00002159,ORD0002114,PROD00053,5,32924.49,0.0,164622.45
ITEM00002160,ORD0002972,PROD00039,4,5270.61,0.0,21082.44
ITEM00002161,ORD0001447,PROD00012,4,41743.91,0.15,141929.29
ITEM00002162,ORD0003179,PROD00046,2,17992.73,0.05,34186.19
ITEM00002163,ORD0000841,PROD00059,3,12601.2,0.15,32133.06
ITEM00002164,ORD0002949,PROD00023,2,10927.01,0.15,18575.92
ITEM00002165,ORD0003951,PROD00006,4,6374.03,0.0,25496.12
ITEM00002166,ORD0002413,PROD00021,4,22045.15,0.15,74953.51
ITEM00002167,ORD0003426,PROD00078,4,4156.2,0.0,16624.8
ITEM00002168,ORD0003128,PROD00001,2,24639.04,0.1,44350.27
ITEM00002169,ORD0000415,PROD00002,1,9793.58,0.0,9793.58
ITEM00002170,ORD0002057,PROD00042,1,28474.31,0.05,27050.59
ITEM00002171,ORD0002173,PROD00087,4,12584.23,0.05,47820.07
ITEM00002172,ORD0003989,PROD00051,4,26642.17,0.05,101240.25
ITEM00002173,ORD0001264,PROD00006,2,6374.03,0.1,11473.25
ITEM00002174,ORD0001675,PROD00025,5,14036.44,0.0,70182.2
ITEM00002175,ORD0001117,PROD00073,4,22314.85,0.2,71407.52
ITEM00002176,ORD0001569,PROD00023,4,10927.01,0.1,39337.24
ITEM00002177,ORD0001864,PROD00015,3,16977.12,0.05,48384.79
ITEM00002178,ORD0002127,PROD00047,4,19432.07,0.05,73841.87
ITEM00002179,ORD0002336,PROD00070,4,2111.98,0.0,8447.92
ITEM00002180,ORD0000319,PROD00014,4,32042.32,0.0,128169.28
ITEM00002181,ORD0001758,PROD00043,1,1033.45,0.05,981.78
ITEM00002182,ORD0003166,PROD00013,3,12889.42,0.0,38668.26
ITEM00002183,ORD0000351,PROD00082,5,24230.95,0.0,121154.75
ITEM00002184,ORD0001263,PROD00050,4,29435.69,0.05,111855.62
ITEM00002185,ORD0002720,PROD00073,2,22314.85,0.05,42398.22
ITEM00002186,ORD0001489,PROD00019,1,21401.39,0.0,21401.39
ITEM00002187,ORD0000159,PROD00020,1,36266.39,0.15,30826.43
ITEM00002188,ORD0000997,PROD00087,1,12584.23,0.1,11325.81
ITEM00002189,ORD0001043,PROD00039,4,5270.61,0.2,16865.95
ITEM00002190,ORD0001210,PROD00031,5,27602.46,0.0,138012.3
ITEM00002191,ORD0000468,PROD00086,4,7222.29,0.15,24555.79
ITEM00002192,ORD0002206,PROD00001,3,24639.04,0.05,70221.26
ITEM00002193,ORD0001515,PROD00020,1,36266.39,0.1,32639.75
ITEM00002194,ORD0002170,PROD00056,2,23188.7,0.05,44058.53
ITEM00002195,ORD0000913,PROD00062,3,15772.0,0.0,47316.0
ITEM00002196,ORD0002146,PROD00059,2,12601.2,0.0,25202.4
ITEM00002197,ORD0001498,PROD00026,5,20955.68,0.0,104778.4
ITEM00002198,ORD0000116,PROD00098,5,11569.88,0.05,54956.93
ITEM00002199,ORD0003333,PROD00014,3,32042.32,0.0,96126.96
ITEM00002200,ORD0003587,PROD00026,4,20955.68,0.1,75440.45
ITEM00002201,ORD0000179,PROD00067,2,9721.17,0.05,18470.22
ITEM00002202,ORD0000360,PROD00066,5,45048.76,0.1,202719.42
ITEM00002203,ORD0002073,PROD00099,2,1583.05,0.0,3166.1
ITEM00002204,ORD0004136,PROD00039,5,5270.61,0.0,26353.05
ITEM00002205,ORD0001508,PROD00007,3,3268.05,0.1,8823.74
ITEM00002206,ORD0001734,PROD00014,1,32042.32,0.1,28838.09
ITEM00002207,ORD0001529,PROD00001,1,24639.04,0.0,24639.04
ITEM00002208,ORD0000348,PROD00009,1,28460.8,0.05,27037.76
ITEM00002209,ORD0003502,PROD00005,3,25505.44,0.0,76516.32
ITEM00002210,ORD0002511,PROD00003,1,4841.6,0.05,4599.52
ITEM00002211,ORD0003376,PROD00067,3,9721.17,0.0,29163.51
ITEM00002212,ORD0000935,PROD00090,1,24075.28,0.2,19260.22
ITEM00002213,ORD0001403,PROD00026,5,20955.68,0.0,104778.4
ITEM00002214,ORD0001842,PROD00085,4,30956.16,0.1,111442.18
ITEM00002215,ORD0001003,PROD00028,4,3343.12,0.05,12703.86
ITEM00002216,ORD0002045,PROD00080,5,1983.77,0.0,9918.85
ITEM00002217,ORD0004069,PROD00041,1,31482.01,0.05,29907.91
ITEM00002218,ORD0000953,PROD00087,5,12584.23,0.2,50336.92
ITEM00002219,ORD0000386,PROD00060,5,26022.82,0.1,117102.69
ITEM00002220,ORD0000103,PROD00021,1,22045.15,0.1,19840.64
ITEM00002221,ORD0004050,PROD00004,4,14185.5,0.0,56742.0
ITEM00002222,ORD0001343,PROD00044,4,25709.47,0.05,97695.99
ITEM00002223,ORD0003372,PROD00009,2,28460.8,0.15,48383.36
ITEM00002224,ORD0003376,PROD00053,5,32924.49,0.1,148160.2
ITEM00002225,ORD0002532,PROD00029,2,11616.0,0.0,23232.0
ITEM00002226,ORD0000821,PROD00067,3,9721.17,0.1,26247.16
ITEM00002227,ORD0001936,PROD00091,4,36997.61,0.05,140590.92
ITEM00002228,ORD0000734,PROD00032,1,21985.37,0.15,18687.56
ITEM00002229,ORD0002534,PROD00030,5,31849.17,0.1,143321.26
ITEM00002230,ORD0002607,PROD00058,4,18182.64,0.05,69094.03
ITEM00002231,ORD0003698,PROD00046,3,17992.73,0.05,51279.28
ITEM00002232,ORD0003933,PROD00022,5,36913.73,0.05,175340.22
ITEM00002233,ORD0003032,PROD00026,5,20955.68,0.1,94300.56
ITEM00002234,ORD0000016,PROD00078,5,4156.2,0.1,18702.9
ITEM00002235,ORD0002540,PROD00068,5,27586.06,0.05,131033.78
ITEM00002236,ORD0001826,PROD00074,3,7552.65,0.05,21525.05
ITEM00002237,ORD0004009,PROD00068,1,27586.06,0.2,22068.85
ITEM00002238,ORD0003119,PROD00047,2,19432.07,0.0,38864.14
ITEM00002239,ORD0002925,PROD00007,3,3268.05,0.0,9804.15
ITEM00002240,ORD0000286,PROD00014,3,32042.32,0.0,96126.96
ITEM00002241,ORD0002897,PROD00050,2,29435.69,0.05,55927.81
ITEM00002242,ORD0000619,PROD00087,3,12584.23,0.05,35865.06
ITEM00002243,ORD0004192,PROD00035,2,29473.68,0.0,58947.36
ITEM00002244,ORD0001162,PROD00098,1,11569.88,0.05,10991.39
ITEM00002245,ORD0003674,PROD00068,5,27586.06,0.0,137930.3
ITEM00002246,ORD0001626,PROD00003,4,4841.6,0.15,16461.44
ITEM00002247,ORD0001923,PROD00022,1,36913.73,0.0,36913.73
ITEM00002248,ORD0001783,PROD00076,2,8213.19,0.0,16426.38
ITEM00002249,ORD0000952,PROD00099,3,1583.05,0.1,4274.23
ITEM00002250,ORD0000082,PROD00070,3,2111.98,0.05,6019.14
ITEM00002251,ORD0002308,PROD00069,2,20171.63,0.0,40343.26
ITEM00002252,ORD0000769,PROD00039,1,5270.61,0.05,5007.08
ITEM00002253,ORD0001994,PROD00057,4,31419.96,0.1,113111.86
ITEM00002254,ORD0000175,PROD00049,1,36803.75,0.15,31283.19
ITEM00002255,ORD0000992,PROD00037,4,10709.86,0.05,40697.47
ITEM00002256,ORD0002524,PROD00057,1,31419.96,0.1,28277.96
ITEM00002257,ORD0004178,PROD00076,3,8213.19,0.0,24639.57
ITEM00002258,ORD0002447,PROD00077,3,4512.83,0.1,12184.64
ITEM00002259,ORD0001658,PROD00076,5,8213.19,0.0,41065.95
ITEM00002260,ORD0000062,PROD00098,2,11569.88,0.05,21982.77
ITEM00002261,ORD0001202,PROD00030,2,31849.17,0.05,60513.42
ITEM00002262,ORD0000534,PROD00045,4,24509.37,0.0,98037.48
ITEM00002263,ORD0004060,PROD00087,5,12584.23,0.05,59775.09
ITEM00002264,ORD0001675,PROD00062,3,15772.0,0.1,42584.4
ITEM00002265,ORD0003162,PROD00036,2,25163.54,0.2,40261.66
ITEM00002266,ORD0001408,PROD00057,4,31419.96,0.15,106827.86
ITEM00002267,ORD0001039,PROD00028,1,3343.12,0.05,3175.96
ITEM00002268,ORD0001611,PROD00040,4,26930.85,0.1,96951.06
ITEM00002269,ORD0002026,PROD00092,3,22785.65,0.0,68356.95
ITEM00002270,ORD0002948,PROD00090,2,24075.28,0.15,40927.98
ITEM00002271,ORD0002982,PROD00029,3,11616.0,0.05,33105.6
ITEM00002272,ORD0003871,PROD00065,3,15361.54,0.05,43780.39
ITEM00002273,ORD0003084,PROD00080,3,1983.77,0.0,5951.31
ITEM00002274,ORD0003953,PROD00092,4,22785.65,0.2,72914.08
ITEM00002275,ORD0000730,PROD00013,2,12889.42,0.1,23200.96
ITEM00002276,ORD0004124,PROD00009,4,28460.8,0.0,113843.2
ITEM00002277,ORD0003152,PROD00048,4,19471.18,0.05,73990.48
ITEM00002278,ORD0003799,PROD00031,1,27602.46,0.0,27602.46
ITEM00002279,ORD0002224,PROD00006,1,6374.03,0.1,5736.63
ITEM00002280,ORD0003098,PROD00013,4,12889.42,0.0,51557.68
ITEM00002281,ORD0002230,PROD00033,3,14237.63,0.1,38441.6
ITEM00002282,ORD0002949,PROD00031,2,27602.46,0.0,55204.92
ITEM00002283,ORD0000875,PROD00096,5,8593.11,0.1,38669.0
ITEM00002284,ORD0001546,PROD00019,1,21401.39,0.15,18191.18
ITEM00002285,ORD0002579,PROD00055,5,23334.75,0.15,99172.69
ITEM00002286,ORD0002708,PROD00073,3,22314.85,0.05,63597.32
ITEM00002287,ORD0000303,PROD00045,5,24509.37,0.0,122546.85
ITEM00002288,ORD0001322,PROD00031,5,27602.46,0.0,138012.3
ITEM00002289,ORD0001267,PROD00064,5,22156.12,0.0,110780.6
ITEM00002290,ORD0003875,PROD00003,1,4841.6,0.15,4115.36
ITEM00002291,ORD0004091,PROD00049,3,36803.75,0.0,110411.25
ITEM00002292,ORD0000249,PROD00081,5,11731.11,0.2,46924.44
ITEM00002293,ORD0002332,PROD00047,2,19432.07,0.0,38864.14
ITEM00002294,ORD0003277,PROD00025,4,14036.44,0.0,56145.76
ITEM00002295,ORD0003070,PROD00042,4,28474.31,0.15,96812.65
ITEM00002296,ORD0003099,PROD00001,1,24639.04,0.0,24639.04
ITEM00002297,ORD0004116,PROD00025,1,14036.44,0.0,14036.44
ITEM00002298,ORD0001273,PROD00048,4,19471.18,0.05,73990.48
ITEM00002299,ORD0001540,PROD00061,5,29654.17,0.0,148270.85
ITEM00002300,ORD0002703,PROD00002,4,9793.58,0.0,39174.32
ITEM00002301,ORD0003995,PROD00047,4,19432.07,0.15,66069.04
ITEM00002302,ORD0003851,PROD00094,3,30366.64,0.05,86544.92
ITEM00002303,ORD0002746,PROD00088,1,32457.45,0.0,32457.45
ITEM00002304,ORD0004085,PROD00077,5,4512.83,0.2,18051.32
ITEM00002305,ORD0000653,PROD00033,2,14237.63,0.05,27051.5
ITEM00002306,ORD0003025,PROD00082,2,24230.95,0.15,41192.62
ITEM00002307,ORD0000969,PROD00055,1,23334.75,0.1,21001.28
ITEM00002308,ORD0003610,PROD00046,5,17992.73,0.0,89963.65
ITEM00002309,ORD0002948,PROD00087,3,12584.23,0.1,33977.42
ITEM00002310,ORD0000349,PROD00044,5,25709.47,0.1,115692.62
ITEM00002311,ORD0002710,PROD00080,3,1983.77,0.05,5653.74
ITEM00002312,ORD0002899,PROD00068,5,27586.06,0.15,117240.76
ITEM00002313,ORD0003015,PROD00033,1,14237.63,0.0,14237.63
ITEM00002314,ORD0003911,PROD00100,5,5870.04,0.1,26415.18
ITEM00002315,ORD0002395,PROD00038,4,11449.14,0.0,45796.56
ITEM00002316,ORD0003203,PROD00072,4,4790.71,0.0,19162.84
ITEM00002317,ORD0002230,PROD00079,1,28032.28,0.05,26630.67
ITEM00002318,ORD0002568,PROD00093,1,10532.57,0.0,10532.57
ITEM00002319,ORD0004153,PROD00094,5,30366.64,0.05,144241.54
ITEM00002320,ORD0001180,PROD00099,4,1583.05,0.05,6015.59
ITEM00002321,ORD0004076,PROD00091,1,36997.61,0.2,29598.09
ITEM00002322,ORD0002784,PROD00015,5,16977.12,0.0,84885.6
ITEM00002323,ORD0003657,PROD00024,1,21256.79,0.0,21256.79
ITEM00002324,ORD0001130,PROD00056,5,23188.7,0.0,115943.5
ITEM00002325,ORD0001366,PROD00077,5,4512.83,0.05,21435.94
ITEM00002326,ORD0002972,PROD00059,1,12601.2,0.1,11341.08
ITEM00002327,ORD0001639,PROD00083,2,996.44,0.0,1992.88
ITEM00002328,ORD0000423,PROD00049,4,36803.75,0.1,132493.5
ITEM00002329,ORD0001980,PROD00087,4,12584.23,0.1,45303.23
ITEM00002330,ORD0000273,PROD00070,5,2111.98,0.0,10559.9
ITEM00002331,ORD0000456,PROD00056,3,23188.7,0.0,69566.1
ITEM00002332,ORD0001520,PROD00024,5,21256.79,0.0,106283.95
ITEM00002333,ORD0002353,PROD00085,4,30956.16,0.0,123824.64
ITEM00002334,ORD0002666,PROD00060,1,26022.82,0.0,26022.82
ITEM00002335,ORD0000128,PROD00044,4,25709.47,0.0,102837.88
ITEM00002336,ORD0000180,PROD00015,2,16977.12,0.0,33954.24
ITEM00002337,ORD0002567,PROD00060,1,26022.82,0.0,26022.82
ITEM00002338,ORD0004145,PROD00090,3,24075.28,0.0,72225.84
ITEM00002339,ORD0003788,PROD00004,3,14185.5,0.1,38300.85
ITEM00002340,ORD0001138,PROD00015,3,16977.12,0.0,50931.36
ITEM00002341,ORD0003166,PROD00069,3,20171.63,0.1,54463.4
ITEM00002342,ORD0000345,PROD00095,1,2383.13,0.0,2383.13
ITEM00002343,ORD0001047,PROD00026,1,20955.68,0.0,20955.68
ITEM00002344,ORD0003076,PROD00096,2,8593.11,0.0,17186.22
ITEM00002345,ORD0002204,PROD00072,1,4790.71,0.0,4790.71
ITEM00002346,ORD0001603,PROD00060,5,26022.82,0.0,130114.1
ITEM00002347,ORD0001799,PROD00046,5,17992.73,0.1,80967.28
ITEM00002348,ORD0000798,PROD00052,1,3686.71,0.1,3318.04
ITEM00002349,ORD0002056,PROD00012,3,41743.91,0.2,100185.38
ITEM00002350,ORD0001399,PROD00081,1,11731.11,0.05,11144.55
ITEM00002351,ORD0000693,PROD00046,2,17992.73,0.0,35985.46
ITEM00002352,ORD0002740,PROD00010,4,21479.33,0.15,73029.72
ITEM00002353,ORD0003178,PROD00023,2,10927.01,0.05,20761.32
ITEM00002354,ORD0000288,PROD00045,4,24509.37,0.0,98037.48
ITEM00002355,ORD0001179,PROD00054,1,36912.87,0.15,31375.94
ITEM00002356,ORD0003436,PROD00098,1,11569.88,0.1,10412.89
ITEM00002357,ORD0003533,PROD00066,1,45048.76,0.0,45048.76
ITEM00002358,ORD0002145,PROD00004,2,14185.5,0.0,28371.0
ITEM00002359,ORD0001252,PROD00034,3,6989.97,0.05,19921.41
ITEM00002360,ORD0001014,PROD00028,2,3343.12,0.15,5683.3
ITEM00002361,ORD0003388,PROD00003,1,4841.6,0.15,4115.36
ITEM00002362,ORD0003466,PROD00088,5,32457.45,0.0,162287.25
ITEM00002363,ORD0002083,PROD00089,1,38999.15,0.1,35099.24
ITEM00002364,ORD0000797,PROD00078,3,4156.2,0.1,11221.74
ITEM00002365,ORD0000712,PROD00063,2,12483.91,0.1,22471.04
ITEM00002366,ORD0000580,PROD00076,5,8213.19,0.1,36959.36
ITEM00002367,ORD0002934,PROD00029,3,11616.0,0.05,33105.6
ITEM00002368,ORD0002899,PROD00024,5,21256.79,0.15,90341.36
ITEM00002369,ORD0003998,PROD00011,5,39396.81,0.0,196984.05
ITEM00002370,ORD0003619,PROD00068,4,27586.06,0.0,110344.24
ITEM00002371,ORD0000405,PROD00097,5,31284.13,0.15,132957.55
ITEM00002372,ORD0000263,PROD00088,2,32457.45,0.05,61669.16
ITEM00002373,ORD0002792,PROD00083,3,996.44,0.0,2989.32
ITEM00002374,ORD0000033,PROD00080,5,1983.77,0.0,9918.85
ITEM00002375,ORD0003575,PROD00091,1,36997.61,0.05,35147.73
ITEM00002376,ORD0002245,PROD00095,1,2383.13,0.0,2383.13
ITEM00002377,ORD0000431,PROD00081,3,11731.11,0.1,31674.0
ITEM00002378,ORD0003081,PROD00028,3,3343.12,0.0,10029.36
ITEM00002379,ORD0002435,PROD00087,3,12584.23,0.0,37752.69
ITEM00002380,ORD0000626,PROD00038,1,11449.14,0.1,10304.23
ITEM00002381,ORD0000525,PROD00074,3,7552.65,0.0,22657.95
ITEM00002382,ORD0001782,PROD00037,2,10709.86,0.15,18206.76
ITEM00002383,ORD0003187,PROD00071,5,10168.48,0.05,48300.28
ITEM00002384,ORD0001991,PROD00099,4,1583.05,0.0,6332.2
ITEM00002385,ORD0002052,PROD00087,5,12584.23,0.1,56629.04
ITEM00002386,ORD0003103,PROD00047,2,19432.07,0.0,38864.14
ITEM00002387,ORD0001123,PROD00017,2,1380.2,0.0,2760.4
ITEM00002388,ORD0002414,PROD00038,4,11449.14,0.0,45796.56
ITEM00002389,ORD0001355,PROD00025,3,14036.44,0.0,42109.32
ITEM00002390,ORD0001481,PROD00075,1,21538.55,0.05,20461.62
ITEM00002391,ORD0000654,PROD00022,4,36913.73,0.1,132889.43
ITEM00002392,ORD0003596,PROD00069,5,20171.63,0.0,100858.15
ITEM00002393,ORD0001497,PROD00093,2,10532.57,0.1,18958.63
ITEM00002394,ORD0002125,PROD00024,4,21256.79,0.15,72273.09
ITEM00002395,ORD0000042,PROD00001,2,24639.04,0.0,49278.08
ITEM00002396,ORD0001237,PROD00067,3,9721.17,0.05,27705.33
ITEM00002397,ORD0002037,PROD00071,3,10168.48,0.1,27454.9
ITEM00002398,ORD0001823,PROD00038,3,11449.14,0.05,32630.05
ITEM00002399,ORD0000275,PROD00074,3,7552.65,0.05,21525.05
ITEM00002400,ORD0001542,PROD00028,4,3343.12,0.05,12703.86
ITEM00002401,ORD0003580,PROD00008,4,37921.27,0.1,136516.57
ITEM00002402,ORD0001639,PROD00053,4,32924.49,0.0,131697.96
ITEM00002403,ORD0001210,PROD00095,4,2383.13,0.15,8102.64
ITEM00002404,ORD0003953,PROD00045,2,24509.37,0.15,41665.93
ITEM00002405,ORD0003341,PROD00020,1,36266.39,0.05,34453.07
ITEM00002406,ORD0001052,PROD00040,1,26930.85,0.1,24237.76
ITEM00002407,ORD0003501,PROD00006,4,6374.03,0.05,24221.31
ITEM00002408,ORD0002400,PROD00016,3,39122.87,0.15,99763.32
ITEM00002409,ORD0001347,PROD00055,5,23334.75,0.0,116673.75
ITEM00002410,ORD0002103,PROD00049,5,36803.75,0.05,174817.81
ITEM00002411,ORD0002228,PROD00043,1,1033.45,0.05,981.78
ITEM00002412,ORD0001928,PROD00074,4,7552.65,0.15,25679.01
ITEM00002413,ORD0000566,PROD00076,1,8213.19,0.1,7391.87
ITEM00002414,ORD0000178,PROD00071,3,10168.48,0.0,30505.44
ITEM00002415,ORD0002295,PROD00009,2,28460.8,0.15,48383.36
ITEM00002416,ORD0002458,PROD00005,2,25505.44,0.15,43359.25
ITEM00002417,ORD0003722,PROD00078,2,4156.2,0.15,7065.54
ITEM00002418,ORD0003267,PROD00066,4,45048.76,0.0,180195.04
ITEM00002419,ORD0003001,PROD00018,3,18573.59,0.15,47362.65
ITEM00002420,ORD0001098,PROD00017,2,1380.2,0.0,2760.4
ITEM00002421,ORD0001740,PROD00060,5,26022.82,0.05,123608.4
ITEM00002422,ORD0000116,PROD00088,5,32457.45,0.0,162287.25
ITEM00002423,ORD0002070,PROD00006,4,6374.03,0.1,22946.51
ITEM00002424,ORD0003343,PROD00018,5,18573.59,0.0,92867.95
ITEM00002425,ORD0003445,PROD00088,1,32457.45,0.05,30834.58
ITEM00002426,ORD0000368,PROD00022,5,36913.73,0.0,184568.65
ITEM00002427,ORD0002283,PROD00036,3,25163.54,0.0,75490.62
ITEM00002428,ORD0003002,PROD00086,2,7222.29,0.05,13722.35
ITEM00002429,ORD0004008,PROD00028,5,3343.12,0.15,14208.26
ITEM00002430,ORD0001999,PROD00022,3,36913.73,0.1,99667.07
ITEM00002431,ORD0003223,PROD00066,1,45048.76,0.05,42796.32
ITEM00002432,ORD0001424,PROD00072,3,4790.71,0.1,12934.92
ITEM00002433,ORD0001690,PROD00002,5,9793.58,0.05,46519.5
ITEM00002434,ORD0000925,PROD00045,3,24509.37,0.2,58822.49
ITEM00002435,ORD0002417,PROD00075,2,21538.55,0.1,38769.39
ITEM00002436,ORD0000759,PROD00038,2,11449.14,0.05,21753.37
ITEM00002437,ORD0001376,PROD00059,1,12601.2,0.0,12601.2
ITEM00002438,ORD0003328,PROD00039,4,5270.61,0.05,20028.32
ITEM00002439,ORD0004072,PROD00030,4,31849.17,0.15,108287.18
ITEM00002440,ORD0002256,PROD00052,3,3686.71,0.05,10507.12
ITEM00002441,ORD0001461,PROD00039,5,5270.61,0.05,25035.4
ITEM00002442,ORD0001963,PROD00038,1,11449.14,0.1,10304.23
ITEM00002443,ORD0001396,PROD00065,3,15361.54,0.05,43780.39
ITEM00002444,ORD0000015,PROD00031,4,27602.46,0.0,110409.84
ITEM00002445,ORD0003600,PROD00021,4,22045.15,0.15,74953.51
ITEM00002446,ORD0000215,PROD00017,1,1380.2,0.0,1380.2
ITEM00002447,ORD0002821,PROD00010,2,21479.33,0.1,38662.79
ITEM00002448,ORD0000273,PROD00045,3,24509.37,0.15,62498.89
ITEM00002449,ORD0001783,PROD00098,2,11569.88,0.1,20825.78
ITEM00002450,ORD0001385,PROD00040,3,26930.85,0.0,80792.55
ITEM00002451,ORD0002654,PROD00056,2,23188.7,0.0,46377.4
ITEM00002452,ORD0003498,PROD00046,1,17992.73,0.0,17992.73
ITEM00002453,ORD0001943,PROD00099,2,1583.05,0.05,3007.79
ITEM00002454,ORD0001807,PROD00069,2,20171.63,0.1,36308.93
ITEM00002455,ORD0003988,PROD00001,2,24639.04,0.0,49278.08
ITEM00002456,ORD0000098,PROD00076,3,8213.19,0.1,22175.61
ITEM00002457,ORD0000948,PROD00043,5,1033.45,0.0,5167.25
ITEM00002458,ORD0001257,PROD00027,2,6847.94,0.15,11641.5
ITEM00002459,ORD0003816,PROD00086,1,7222.29,0.0,7222.29
ITEM00002460,ORD0002596,PROD00044,3,25709.47,0.0,77128.41
ITEM00002461,ORD0002702,PROD00037,4,10709.86,0.15,36413.52
ITEM00002462,ORD0000431,PROD00033,3,14237.63,0.1,38441.6
ITEM00002463,ORD0003688,PROD00008,1,37921.27,0.05,36025.21
ITEM00002464,ORD0001620,PROD00057,5,31419.96,0.1,141389.82
ITEM00002465,ORD0000215,PROD00057,1,31419.96,0.05,29848.96
ITEM00002466,ORD0004062,PROD00100,5,5870.04,0.1,26415.18
ITEM00002467,ORD0002610,PROD00004,5,14185.5,0.05,67381.12
ITEM00002468,ORD0002951,PROD00013,2,12889.42,0.1,23200.96
ITEM00002469,ORD0002811,PROD00061,2,29654.17,0.1,53377.51
ITEM00002470,ORD0003573,PROD00100,4,5870.04,0.0,23480.16
ITEM00002471,ORD0003665,PROD00029,5,11616.0,0.15,49368.0
ITEM00002472,ORD0002377,PROD00087,4,12584.23,0.1,45303.23
ITEM00002473,ORD0002794,PROD00061,1,29654.17,0.15,25206.04
ITEM00002474,ORD0002691,PROD00005,2,25505.44,0.1,45909.79
ITEM00002475,ORD0000923,PROD00009,4,28460.8,0.0,113843.2
ITEM00002476,ORD0002222,PROD00075,2,21538.55,0.05,40923.24
ITEM00002477,ORD0002919,PROD00007,1,3268.05,0.05,3104.65
ITEM00002478,ORD0001136,PROD00084,3,33636.84,0.0,100910.52
ITEM00002479,ORD0001242,PROD00048,1,19471.18,0.1,17524.06
ITEM00002480,ORD0003497,PROD00059,1,12601.2,0.05,11971.14
ITEM00002481,ORD0000442,PROD00069,1,20171.63,0.0,20171.63
ITEM00002482,ORD0002608,PROD00053,5,32924.49,0.1,148160.2
ITEM00002483,ORD0001945,PROD00003,2,4841.6,0.1,8714.88
ITEM00002484,ORD0003468,PROD00050,3,29435.69,0.05,83891.72
ITEM00002485,ORD0000820,PROD00079,4,28032.28,0.05,106522.66
ITEM00002486,ORD0003491,PROD00009,5,28460.8,0.0,142304.0
ITEM00002487,ORD0001910,PROD00096,4,8593.11,0.15,29216.57
ITEM00002488,ORD0002844,PROD00030,5,31849.17,0.05,151283.56
ITEM00002489,ORD0003024,PROD00038,1,11449.14,0.0,11449.14
ITEM00002490,ORD0003596,PROD00046,1,17992.73,0.05,17093.09
ITEM00002491,ORD0004159,PROD00004,4,14185.5,0.0,56742.0
ITEM00002492,ORD0001221,PROD00046,1,17992.73,0.0,17992.73
ITEM00002493,ORD0001152,PROD00090,3,24075.28,0.0,72225.84
ITEM00002494,ORD0002933,PROD00083,4,996.44,0.0,3985.76
ITEM00002495,ORD0001330,PROD00045,1,24509.37,0.1,22058.43
ITEM00002496,ORD0004149,PROD00095,1,2383.13,0.0,2383.13
ITEM00002497,ORD0003470,PROD00074,1,7552.65,0.0,7552.65
ITEM00002498,ORD0002289,PROD00071,1,10168.48,0.15,8643.21
ITEM00002499,ORD0001216,PROD00036,2,25163.54,0.0,50327.08
ITEM00002500,ORD0000663,PROD00034,3,6989.97,0.05,19921.41
ITEM00002501,ORD0002136,PROD00085,3,30956.16,0.0,92868.48
ITEM00002502,ORD0001144,PROD00007,2,3268.05,0.1,5882.49
ITEM00002503,ORD0000718,PROD00008,5,37921.27,0.05,180126.03
ITEM00002504,ORD0004147,PROD00026,2,20955.68,0.1,37720.22
ITEM00002505,ORD0001848,PROD00052,4,3686.71,0.05,14009.5
ITEM00002506,ORD0001896,PROD00097,3,31284.13,0.1,84467.15
ITEM00002507,ORD0000878,PROD00076,2,8213.19,0.05,15605.06
ITEM00002508,ORD0000016,PROD00051,2,26642.17,0.05,50620.12
ITEM00002509,ORD0002202,PROD00035,3,29473.68,0.05,83999.99
ITEM00002510,ORD0000133,PROD00029,4,11616.0,0.0,46464.0
ITEM00002511,ORD0001975,PROD00078,3,4156.2,0.0,12468.6
ITEM00002512,ORD0003351,PROD00061,3,29654.17,0.05,84514.38
ITEM00002513,ORD0001398,PROD00059,3,12601.2,0.0,37803.6
ITEM00002514,ORD0002351,PROD00088,2,32457.45,0.05,61669.16
ITEM00002515,ORD0004170,PROD00045,2,24509.37,0.05,46567.8
ITEM00002516,ORD0004023,PROD00099,1,1583.05,0.05,1503.9
ITEM00002517,ORD0003990,PROD00006,2,6374.03,0.0,12748.06
ITEM00002518,ORD0000292,PROD00084,1,33636.84,0.0,33636.84
ITEM00002519,ORD0002308,PROD00003,5,4841.6,0.0,24208.0
ITEM00002520,ORD0001654,PROD00077,4,4512.83,0.05,17148.75
ITEM00002521,ORD0001138,PROD00014,3,32042.32,0.05,91320.61
ITEM00002522,ORD0001187,PROD00032,4,21985.37,0.05,83544.41
ITEM00002523,ORD0002620,PROD00090,5,24075.28,0.1,108338.76
ITEM00002524,ORD0001039,PROD00033,4,14237.63,0.15,48407.94
ITEM00002525,ORD0000501,PROD00046,5,17992.73,0.1,80967.28
ITEM00002526,ORD0001263,PROD00020,4,36266.39,0.0,145065.56
ITEM00002527,ORD0001598,PROD00072,4,4790.71,0.0,19162.84
ITEM00002528,ORD0003000,PROD00086,3,7222.29,0.05,20583.53
ITEM00002529,ORD0001995,PROD00038,2,11449.14,0.1,20608.45
ITEM00002530,ORD0001764,PROD00023,3,10927.01,0.15,27863.88
ITEM00002531,ORD0001833,PROD00048,5,19471.18,0.0,97355.9
ITEM00002532,ORD0002333,PROD00065,3,15361.54,0.15,39171.93
ITEM00002533,ORD0000894,PROD00021,1,22045.15,0.05,20942.89
ITEM00002534,ORD0001704,PROD00035,4,29473.68,0.0,117894.72
ITEM00002535,ORD0000792,PROD00071,1,10168.48,0.0,10168.48
ITEM00002536,ORD0002932,PROD00076,2,8213.19,0.0,16426.38
ITEM00002537,ORD0000668,PROD00013,2,12889.42,0.1,23200.96
ITEM00002538,ORD0002795,PROD00062,2,15772.0,0.1,28389.6
ITEM00002539,ORD0004179,PROD00075,1,21538.55,0.0,21538.55
ITEM00002540,ORD0000123,PROD00086,4,7222.29,0.05,27444.7
ITEM00002541,ORD0002814,PROD00075,1,21538.55,0.05,20461.62
ITEM00002542,ORD0000033,PROD00033,2,14237.63,0.15,24203.97
ITEM00002543,ORD0004009,PROD00050,1,29435.69,0.05,27963.91
ITEM00002544,ORD0001190,PROD00079,3,28032.28,0.15,71482.31
ITEM00002545,ORD0000840,PROD00037,2,10709.86,0.0,21419.72
ITEM00002546,ORD0003541,PROD00004,3,14185.5,0.2,34045.2
ITEM00002547,ORD0000850,PROD00042,3,28474.31,0.15,72609.49
ITEM00002548,ORD0001771,PROD00030,3,31849.17,0.0,95547.51
ITEM00002549,ORD0002899,PROD00018,2,18573.59,0.0,37147.18
ITEM00002550,ORD0003932,PROD00045,1,24509.37,0.0,24509.37
ITEM00002551,ORD0001866,PROD00018,4,18573.59,0.05,70579.64
ITEM00002552,ORD0000018,PROD00082,2,24230.95,0.0,48461.9
ITEM00002553,ORD0003216,PROD00059,1,12601.2,0.05,11971.14
ITEM00002554,ORD0001473,PROD00017,1,1380.2,0.1,1242.18
ITEM00002555,ORD0002852,PROD00025,5,14036.44,0.15,59654.87
ITEM00002556,ORD0002246,PROD00021,4,22045.15,0.15,74953.51
ITEM00002557,ORD0000626,PROD00025,5,14036.44,0.0,70182.2
ITEM00002558,ORD0000435,PROD00077,1,4512.83,0.0,4512.83
ITEM00002559,ORD0003585,PROD00012,5,41743.91,0.0,208719.55
ITEM00002560,ORD0001043,PROD00090,3,24075.28,0.1,65003.26
ITEM00002561,ORD0002064,PROD00060,1,26022.82,0.05,24721.68
ITEM00002562,ORD0003428,PROD00039,1,5270.61,0.0,5270.61
ITEM00002563,ORD0003678,PROD00058,3,18182.64,0.0,54547.92
ITEM00002564,ORD0001742,PROD00032,3,21985.37,0.1,59360.5
ITEM00002565,ORD0000266,PROD00094,5,30366.64,0.15,129058.22
ITEM00002566,ORD0002747,PROD00063,3,12483.91,0.1,33706.56
ITEM00002567,ORD0002220,PROD00056,2,23188.7,0.1,41739.66
ITEM00002568,ORD0003346,PROD00043,1,1033.45,0.05,981.78
ITEM00002569,ORD0004011,PROD00009,2,28460.8,0.05,54075.52
ITEM00002570,ORD0001311,PROD00024,1,21256.79,0.1,19131.11
ITEM00002571,ORD0000466,PROD00067,2,9721.17,0.05,18470.22
ITEM00002572,ORD0002248,PROD00091,1,36997.61,0.05,35147.73
ITEM00002573,ORD0001925,PROD00085,1,30956.16,0.0,30956.16
ITEM00002574,ORD0003479,PROD00052,4,3686.71,0.15,12534.81
ITEM00002575,ORD0002152,PROD00076,3,8213.19,0.0,24639.57
ITEM00002576,ORD0002478,PROD00018,5,18573.59,0.05,88224.55
ITEM00002577,ORD0003496,PROD00065,3,15361.54,0.05,43780.39
ITEM00002578,ORD0000451,PROD00003,1,4841.6,0.1,4357.44
ITEM00002579,ORD0003356,PROD00066,1,45048.76,0.0,45048.76
ITEM00002580,ORD0001424,PROD00034,2,6989.97,0.05,13280.94
ITEM00002581,ORD0003682,PROD00034,5,6989.97,0.05,33202.36
ITEM00002582,ORD0003698,PROD00087,4,12584.23,0.1,45303.23
ITEM00002583,ORD0000911,PROD00039,3,5270.61,0.0,15811.83
ITEM00002584,ORD0003308,PROD00098,4,11569.88,0.15,39337.59
ITEM00002585,ORD0001274,PROD00056,3,23188.7,0.1,62609.49
ITEM00002586,ORD0001329,PROD00047,4,19432.07,0.05,73841.87
ITEM00002587,ORD0003255,PROD00013,1,12889.42,0.0,12889.42
ITEM00002588,ORD0000473,PROD00065,1,15361.54,0.1,13825.39
ITEM00002589,ORD0001320,PROD00040,1,26930.85,0.0,26930.85
ITEM00002590,ORD0002378,PROD00086,2,7222.29,0.0,14444.58
ITEM00002591,ORD0002517,PROD00038,5,11449.14,0.2,45796.56
ITEM00002592,ORD0003141,PROD00084,5,33636.84,0.05,159774.99
ITEM00002593,ORD0001207,PROD00032,5,21985.37,0.05,104430.51
ITEM00002594,ORD0003555,PROD00018,5,18573.59,0.05,88224.55
ITEM00002595,ORD0000569,PROD00023,1,10927.01,0.2,8741.61
ITEM00002596,ORD0000570,PROD00038,4,11449.14,0.0,45796.56
ITEM00002597,ORD0001832,PROD00007,4,3268.05,0.0,13072.2
ITEM00002598,ORD0001517,PROD00093,1,10532.57,0.15,8952.68
ITEM00002599,ORD0000267,PROD00078,3,4156.2,0.0,12468.6
ITEM00002600,ORD0003649,PROD00014,3,32042.32,0.05,91320.61
ITEM00002601,ORD0003253,PROD00052,2,3686.71,0.0,7373.42
ITEM00002602,ORD0002922,PROD00078,4,4156.2,0.05,15793.56
ITEM00002603,ORD0002852,PROD00095,3,2383.13,0.05,6791.92
ITEM00002604,ORD0003035,PROD00026,2,20955.68,0.05,39815.79
ITEM00002605,ORD0001710,PROD00019,3,21401.39,0.05,60993.96
ITEM00002606,ORD0003472,PROD00052,5,3686.71,0.0,18433.55
ITEM00002607,ORD0000084,PROD00024,1,21256.79,0.15,18068.27
ITEM00002608,ORD0001658,PROD00075,1,21538.55,0.05,20461.62
ITEM00002609,ORD0001999,PROD00081,5,11731.11,0.05,55722.77
ITEM00002610,ORD0000459,PROD00044,2,25709.47,0.0,51418.94
ITEM00002611,ORD0001718,PROD00078,5,4156.2,0.1,18702.9
ITEM00002612,ORD0003885,PROD00098,1,11569.88,0.15,9834.4
ITEM00002613,ORD0004015,PROD00072,4,4790.71,0.0,19162.84
ITEM00002614,ORD0002350,PROD00095,3,2383.13,0.1,6434.45
ITEM00002615,ORD0004018,PROD00015,2,16977.12,0.05,32256.53
ITEM00002616,ORD0002338,PROD00005,1,25505.44,0.1,22954.9
ITEM00002617,ORD0002532,PROD00055,4,23334.75,0.05,88672.05
ITEM00002618,ORD0001399,PROD00062,4,15772.0,0.15,53624.8
ITEM00002619,ORD0003850,PROD00029,5,11616.0,0.0,58080.0
ITEM00002620,ORD0000322,PROD00048,1,19471.18,0.0,19471.18
ITEM00002621,ORD0001445,PROD00039,5,5270.61,0.15,22400.09
ITEM00002622,ORD0001972,PROD00080,4,1983.77,0.0,7935.08
ITEM00002623,ORD0000319,PROD00053,4,32924.49,0.05,125113.06
ITEM00002624,ORD0003189,PROD00007,2,3268.05,0.1,5882.49
ITEM00002625,ORD0000169,PROD00010,3,21479.33,0.05,61216.09
ITEM00002626,ORD0001025,PROD00039,2,5270.61,0.0,10541.22
ITEM00002627,ORD0002451,PROD00056,4,23188.7,0.05,88117.06
ITEM00002628,ORD0003539,PROD00037,5,10709.86,0.1,48194.37
ITEM00002629,ORD0002351,PROD00097,2,31284.13,0.2,50054.61
ITEM00002630,ORD0003324,PROD00026,3,20955.68,0.0,62867.04
ITEM00002631,ORD0000502,PROD00040,2,26930.85,0.1,48475.53
ITEM00002632,ORD0003285,PROD00038,1,11449.14,0.1,10304.23
ITEM00002633,ORD0004116,PROD00059,2,12601.2,0.1,22682.16
ITEM00002634,ORD0000190,PROD00006,2,6374.03,0.0,12748.06
ITEM00002635,ORD0002965,PROD00041,3,31482.01,0.0,94446.03
ITEM00002636,ORD0001407,PROD00098,3,11569.88,0.05,32974.16
ITEM00002637,ORD0003398,PROD00067,2,9721.17,0.05,18470.22
ITEM00002638,ORD0002273,PROD00012,5,41743.91,0.05,198283.57
ITEM00002639,ORD0002054,PROD00090,1,24075.28,0.1,21667.75
ITEM00002640,ORD0000442,PROD00021,3,22045.15,0.05,62828.68
ITEM00002641,ORD0000958,PROD00075,5,21538.55,0.1,96923.48
ITEM00002642,ORD0003775,PROD00044,2,25709.47,0.05,48847.99
ITEM00002643,ORD0000861,PROD00018,2,18573.59,0.05,35289.82
ITEM00002644,ORD0000382,PROD00024,1,21256.79,0.0,21256.79
ITEM00002645,ORD0000979,PROD00045,5,24509.37,0.0,122546.85
ITEM00002646,ORD0003882,PROD00010,2,21479.33,0.0,42958.66
ITEM00002647,ORD0001696,PROD00065,1,15361.54,0.0,15361.54
ITEM00002648,ORD0000810,PROD00008,3,37921.27,0.1,102387.43
ITEM00002649,ORD0001619,PROD00091,2,36997.61,0.0,73995.22
ITEM00002650,ORD0003576,PROD00035,3,29473.68,0.05,83999.99
ITEM00002651,ORD0000820,PROD00015,5,16977.12,0.1,76397.04
ITEM00002652,ORD0002366,PROD00017,5,1380.2,0.0,6901.0
ITEM00002653,ORD0002556,PROD00085,3,30956.16,0.05,88225.06
ITEM00002654,ORD0000614,PROD00002,1,9793.58,0.1,8814.22
ITEM00002655,ORD0002916,PROD00079,1,28032.28,0.0,28032.28
ITEM00002656,ORD0001543,PROD00014,2,32042.32,0.1,57676.18
ITEM00002657,ORD0000160,PROD00027,5,6847.94,0.0,34239.7
ITEM00002658,ORD0000402,PROD00054,1,36912.87,0.05,35067.23
ITEM00002659,ORD0000228,PROD00041,4,31482.01,0.05,119631.64
ITEM00002660,ORD0002583,PROD00097,3,31284.13,0.1,84467.15
ITEM00002661,ORD0001969,PROD00039,3,5270.61,0.0,15811.83
ITEM00002662,ORD0002962,PROD00073,5,22314.85,0.15,94838.11
ITEM00002663,ORD0003846,PROD00019,5,21401.39,0.05,101656.6
ITEM00002664,ORD0002303,PROD00028,1,3343.12,0.1,3008.81
ITEM00002665,ORD0002852,PROD00062,4,15772.0,0.0,63088.0
ITEM00002666,ORD0001270,PROD00024,2,21256.79,0.1,38262.22
ITEM00002667,ORD0000557,PROD00100,3,5870.04,0.1,15849.11
ITEM00002668,ORD0000306,PROD00088,5,32457.45,0.05,154172.89
ITEM00002669,ORD0003183,PROD00047,3,19432.07,0.05,55381.4
ITEM00002670,ORD0003038,PROD00055,2,23334.75,0.0,46669.5
ITEM00002671,ORD0000380,PROD00047,3,19432.07,0.0,58296.21
ITEM00002672,ORD0003452,PROD00046,1,17992.73,0.0,17992.73
ITEM00002673,ORD0002456,PROD00089,4,38999.15,0.15,132597.11
ITEM00002674,ORD0003216,PROD00028,5,3343.12,0.05,15879.82
ITEM00002675,ORD0003289,PROD00009,2,28460.8,0.0,56921.6
ITEM00002676,ORD0003675,PROD00094,1,30366.64,0.05,28848.31
ITEM00002677,ORD0000206,PROD00095,5,2383.13,0.15,10128.3
ITEM00002678,ORD0001948,PROD00052,5,3686.71,0.15,15668.52
ITEM00002679,ORD0002262,PROD00055,1,23334.75,0.15,19834.54
ITEM00002680,ORD0001781,PROD00013,3,12889.42,0.0,38668.26
ITEM00002681,ORD0001884,PROD00018,4,18573.59,0.0,74294.36
ITEM00002682,ORD0002311,PROD00002,1,9793.58,0.0,9793.58
ITEM00002683,ORD0001009,PROD00065,4,15361.54,0.15,52229.24
ITEM00002684,ORD0003060,PROD00100,4,5870.04,0.05,22306.15
ITEM00002685,ORD0000537,PROD00012,1,41743.91,0.15,35482.32
ITEM00002686,ORD0002742,PROD00022,5,36913.73,0.1,166111.79
ITEM00002687,ORD0003991,PROD00026,1,20955.68,0.05,19907.9
ITEM00002688,ORD0001135,PROD00064,4,22156.12,0.05,84193.26
ITEM00002689,ORD0000498,PROD00072,4,4790.71,0.15,16288.41
ITEM00002690,ORD0002128,PROD00090,5,24075.28,0.1,108338.76
ITEM00002691,ORD0003537,PROD00098,4,11569.88,0.0,46279.52
ITEM00002692,ORD0001698,PROD00014,1,32042.32,0.05,30440.2
ITEM00002693,ORD0001022,PROD00067,5,9721.17,0.0,48605.85
ITEM00002694,ORD0003031,PROD00062,2,15772.0,0.05,29966.8
ITEM00002695,ORD0000076,PROD00091,3,36997.61,0.15,94343.91
ITEM00002696,ORD0000955,PROD00041,4,31482.01,0.0,125928.04
ITEM00002697,ORD0002169,PROD00034,1,6989.97,0.05,6640.47
ITEM00002698,ORD0003997,PROD00063,3,12483.91,0.1,33706.56
ITEM00002699,ORD0000870,PROD00001,4,24639.04,0.0,98556.16
ITEM00002700,ORD0003967,PROD00068,5,27586.06,0.05,131033.78
ITEM00002701,ORD0000227,PROD00093,1,10532.57,0.0,10532.57
ITEM00002702,ORD0001074,PROD00099,1,1583.05,0.05,1503.9
ITEM00002703,ORD0000494,PROD00065,1,15361.54,0.0,15361.54
ITEM00002704,ORD0004074,PROD00006,2,6374.03,0.0,12748.06
ITEM00002705,ORD0001512,PROD00096,2,8593.11,0.1,15467.6
ITEM00002706,ORD0002580,PROD00096,1,8593.11,0.05,8163.45
ITEM00002707,ORD0002762,PROD00016,5,39122.87,0.15,166272.2
ITEM00002708,ORD0001245,PROD00013,4,12889.42,0.0,51557.68
ITEM00002709,ORD0001028,PROD00021,4,22045.15,0.05,83771.57
ITEM00002710,ORD0002030,PROD00046,4,17992.73,0.0,71970.92
ITEM00002711,ORD0003461,PROD00075,2,21538.55,0.05,40923.24
ITEM00002712,ORD0002645,PROD00046,1,17992.73,0.0,17992.73
ITEM00002713,ORD0001542,PROD00011,1,39396.81,0.05,37426.97
ITEM00002714,ORD0001114,PROD00010,5,21479.33,0.1,96656.99
ITEM00002715,ORD0001914,PROD00061,3,29654.17,0.0,88962.51
ITEM00002716,ORD0002952,PROD00091,1,36997.61,0.0,36997.61
ITEM00002717,ORD0000262,PROD00098,2,11569.88,0.0,23139.76
ITEM00002718,ORD0002726,PROD00024,2,21256.79,0.05,40387.9
ITEM00002719,ORD0003820,PROD00065,4,15361.54,0.0,61446.16
ITEM00002720,ORD0004193,PROD00032,4,21985.37,0.1,79147.33
ITEM00002721,ORD0002415,PROD00081,4,11731.11,0.1,42232.0
ITEM00002722,ORD0002759,PROD00049,4,36803.75,0.1,132493.5
ITEM00002723,ORD0001488,PROD00067,2,9721.17,0.05,18470.22
ITEM00002724,ORD0002368,PROD00058,2,18182.64,0.0,36365.28
ITEM00002725,ORD0001697,PROD00004,3,14185.5,0.0,42556.5
ITEM00002726,ORD0003720,PROD00033,4,14237.63,0.0,56950.52
ITEM00002727,ORD0002922,PROD00006,4,6374.03,0.0,25496.12
ITEM00002728,ORD0003595,PROD00094,3,30366.64,0.05,86544.92
ITEM00002729,ORD0002722,PROD00010,2,21479.33,0.15,36514.86
ITEM00002730,ORD0000459,PROD00050,4,29435.69,0.05,111855.62
ITEM00002731,ORD0000157,PROD00006,2,6374.03,0.05,12110.66
ITEM00002732,ORD0001114,PROD00029,1,11616.0,0.05,11035.2
ITEM00002733,ORD0002429,PROD00057,3,31419.96,0.1,84833.89
ITEM00002734,ORD0003221,PROD00001,2,24639.04,0.0,49278.08
ITEM00002735,ORD0001430,PROD00094,3,30366.64,0.0,91099.92
ITEM00002736,ORD0003732,PROD00019,1,21401.39,0.1,19261.25
ITEM00002737,ORD0001824,PROD00037,1,10709.86,0.05,10174.37
ITEM00002738,ORD0002151,PROD00053,5,32924.49,0.0,164622.45
ITEM00002739,ORD0003773,PROD00023,2,10927.01,0.1,19668.62
ITEM00002740,ORD0001712,PROD00070,5,2111.98,0.1,9503.91
ITEM00002741,ORD0003112,PROD00100,4,5870.04,0.2,18784.13
ITEM00002742,ORD0003493,PROD00006,2,6374.03,0.0,12748.06
ITEM00002743,ORD0002970,PROD00094,4,30366.64,0.0,121466.56
ITEM00002744,ORD0003131,PROD00082,2,24230.95,0.2,38769.52
ITEM00002745,ORD0002775,PROD00071,3,10168.48,0.0,30505.44
ITEM00002746,ORD0002127,PROD00002,4,9793.58,0.1,35256.89
ITEM00002747,ORD0001096,PROD00078,1,4156.2,0.0,4156.2
ITEM00002748,ORD0002823,PROD00023,5,10927.01,0.1,49171.55
ITEM00002749,ORD0002014,PROD00013,3,12889.42,0.0,38668.26
ITEM00002750,ORD0001627,PROD00064,1,22156.12,0.15,18832.7
ITEM00002751,ORD0002078,PROD00026,4,20955.68,0.1,75440.45
ITEM00002752,ORD0003125,PROD00021,1,22045.15,0.1,19840.64
ITEM00002753,ORD0001354,PROD00067,2,9721.17,0.0,19442.34
ITEM00002754,ORD0000516,PROD00020,5,36266.39,0.15,154132.16
ITEM00002755,ORD0004037,PROD00022,2,36913.73,0.05,70136.09
ITEM00002756,ORD0001892,PROD00007,2,3268.05,0.0,6536.1
ITEM00002757,ORD0003272,PROD00032,1,21985.37,0.05,20886.1
ITEM00002758,ORD0001333,PROD00076,3,8213.19,0.0,24639.57
ITEM00002759,ORD0003531,PROD00039,3,5270.61,0.2,12649.46
ITEM00002760,ORD0002157,PROD00082,5,24230.95,0.0,121154.75
ITEM00002761,ORD0003856,PROD00082,4,24230.95,0.0,96923.8
ITEM00002762,ORD0003134,PROD00090,4,24075.28,0.05,91486.06
ITEM00002763,ORD0000650,PROD00054,2,36912.87,0.1,66443.17
ITEM00002764,ORD0002959,PROD00017,3,1380.2,0.0,4140.6
ITEM00002765,ORD0002423,PROD00046,5,17992.73,0.0,89963.65
ITEM00002766,ORD0000648,PROD00081,5,11731.11,0.15,49857.22
ITEM00002767,ORD0003574,PROD00091,2,36997.61,0.1,66595.7
ITEM00002768,ORD0002520,PROD00016,3,39122.87,0.0,117368.61
ITEM00002769,ORD0000151,PROD00069,4,20171.63,0.05,76652.19
ITEM00002770,ORD0000067,PROD00020,3,36266.39,0.05,103359.21
ITEM00002771,ORD0003286,PROD00044,5,25709.47,0.15,109265.25
ITEM00002772,ORD0004041,PROD00012,1,41743.91,0.05,39656.71
ITEM00002773,ORD0001899,PROD00054,5,36912.87,0.1,166107.92
ITEM00002774,ORD0001446,PROD00090,5,24075.28,0.0,120376.4
ITEM00002775,ORD0002371,PROD00071,5,10168.48,0.0,50842.4
ITEM00002776,ORD0001122,PROD00012,3,41743.91,0.15,106446.97
ITEM00002777,ORD0002111,PROD00056,2,23188.7,0.2,37101.92
ITEM00002778,ORD0001428,PROD00078,5,4156.2,0.2,16624.8
ITEM00002779,ORD0003874,PROD00073,3,22314.85,0.2,53555.64
ITEM00002780,ORD0000225,PROD00017,3,1380.2,0.0,4140.6
ITEM00002781,ORD0000696,PROD00040,1,26930.85,0.1,24237.76
ITEM00002782,ORD0001885,PROD00080,4,1983.77,0.0,7935.08
ITEM00002783,ORD0000825,PROD00071,4,10168.48,0.0,40673.92
ITEM00002784,ORD0000091,PROD00085,2,30956.16,0.0,61912.32
ITEM00002785,ORD0003963,PROD00064,1,22156.12,0.0,22156.12
ITEM00002786,ORD0002181,PROD00023,3,10927.01,0.1,29502.93
ITEM00002787,ORD0000213,PROD00086,5,7222.29,0.1,32500.3
ITEM00002788,ORD0002007,PROD00083,1,996.44,0.0,996.44
ITEM00002789,ORD0002234,PROD00050,3,29435.69,0.05,83891.72
ITEM00002790,ORD0002254,PROD00077,1,4512.83,0.1,4061.55
ITEM00002791,ORD0001024,PROD00057,2,31419.96,0.15,53413.93
ITEM00002792,ORD0001667,PROD00053,4,32924.49,0.15,111943.27
ITEM00002793,ORD0002384,PROD00077,5,4512.83,0.05,21435.94
ITEM00002794,ORD0000947,PROD00038,1,11449.14,0.15,9731.77
ITEM00002795,ORD0001640,PROD00007,3,3268.05,0.0,9804.15
ITEM00002796,ORD0000226,PROD00072,4,4790.71,0.15,16288.41
ITEM00002797,ORD0002433,PROD00027,3,6847.94,0.2,16435.06
ITEM00002798,ORD0002257,PROD00030,4,31849.17,0.15,108287.18
ITEM00002799,ORD0001176,PROD00067,1,9721.17,0.1,8749.05
ITEM00002800,ORD0000018,PROD00060,2,26022.82,0.1,46841.08
ITEM00002801,ORD0001247,PROD00008,3,37921.27,0.0,113763.81
ITEM00002802,ORD0003513,PROD00025,3,14036.44,0.05,40003.85
ITEM00002803,ORD0000132,PROD00004,3,14185.5,0.15,36173.02
ITEM00002804,ORD0003925,PROD00073,4,22314.85,0.2,71407.52
ITEM00002805,ORD0000812,PROD00096,1,8593.11,0.1,7733.8
ITEM00002806,ORD0002290,PROD00079,4,28032.28,0.0,112129.12
ITEM00002807,ORD0000859,PROD00093,5,10532.57,0.05,50029.71
ITEM00002808,ORD0001090,PROD00056,1,23188.7,0.05,22029.26
ITEM00002809,ORD0000420,PROD00011,1,39396.81,0.1,35457.13
ITEM00002810,ORD0001272,PROD00094,4,30366.64,0.0,121466.56
ITEM00002811,ORD0004149,PROD00099,1,1583.05,0.05,1503.9
ITEM00002812,ORD0003018,PROD00083,2,996.44,0.0,1992.88
ITEM00002813,ORD0002156,PROD00060,1,26022.82,0.0,26022.82
ITEM00002814,ORD0003466,PROD00033,1,14237.63,0.0,14237.63
ITEM00002815,ORD0003355,PROD00057,1,31419.96,0.1,28277.96
ITEM00002816,ORD0001871,PROD00099,4,1583.05,0.0,6332.2
ITEM00002817,ORD0003990,PROD00022,3,36913.73,0.1,99667.07
ITEM00002818,ORD0001074,PROD00023,4,10927.01,0.0,43708.04
ITEM00002819,ORD0003225,PROD00098,4,11569.88,0.05,43965.54
ITEM00002820,ORD0004046,PROD00081,2,11731.11,0.1,21116.0
ITEM00002821,ORD0002912,PROD00059,3,12601.2,0.1,34023.24
ITEM00002822,ORD0000526,PROD00074,1,7552.65,0.05,7175.02
ITEM00002823,ORD0000245,PROD00071,5,10168.48,0.1,45758.16
ITEM00002824,ORD0000664,PROD00062,4,15772.0,0.0,63088.0
ITEM00002825,ORD0003297,PROD00067,3,9721.17,0.0,29163.51
ITEM00002826,ORD0002662,PROD00058,4,18182.64,0.0,72730.56
ITEM00002827,ORD0000531,PROD00013,2,12889.42,0.0,25778.84
ITEM00002828,ORD0002428,PROD00063,5,12483.91,0.1,56177.6
ITEM00002829,ORD0003506,PROD00005,5,25505.44,0.05,121150.84
ITEM00002830,ORD0002632,PROD00021,1,22045.15,0.0,22045.15
ITEM00002831,ORD0000706,PROD00075,1,21538.55,0.1,19384.7
ITEM00002832,ORD0003483,PROD00042,3,28474.31,0.0,85422.93
ITEM00002833,ORD0001054,PROD00002,2,9793.58,0.05,18607.8
ITEM00002834,ORD0001170,PROD00099,2,1583.05,0.2,2532.88
ITEM00002835,ORD0004103,PROD00044,1,25709.47,0.15,21853.05
ITEM00002836,ORD0001376,PROD00098,4,11569.88,0.05,43965.54
ITEM00002837,ORD0001996,PROD00019,3,21401.39,0.0,64204.17
ITEM00002838,ORD0000386,PROD00056,3,23188.7,0.1,62609.49
ITEM00002839,ORD0003319,PROD00069,2,20171.63,0.0,40343.26
ITEM00002840,ORD0001347,PROD00044,4,25709.47,0.0,102837.88
ITEM00002841,ORD0001236,PROD00054,2,36912.87,0.15,62751.88
ITEM00002842,ORD0000714,PROD00055,2,23334.75,0.15,39669.07
ITEM00002843,ORD0000853,PROD00094,1,30366.64,0.1,27329.98
ITEM00002844,ORD0003549,PROD00046,3,17992.73,0.05,51279.28
ITEM00002845,ORD0001502,PROD00059,5,12601.2,0.05,59855.7
ITEM00002846,ORD0001640,PROD00056,5,23188.7,0.0,115943.5
ITEM00002847,ORD0001943,PROD00046,4,17992.73,0.0,71970.92
ITEM00002848,ORD0000855,PROD00053,2,32924.49,0.05,62556.53
ITEM00002849,ORD0000923,PROD00013,2,12889.42,0.05,24489.9
ITEM00002850,ORD0003087,PROD00084,2,33636.84,0.1,60546.31
ITEM00002851,ORD0003061,PROD00083,2,996.44,0.0,1992.88
ITEM00002852,ORD0000549,PROD00006,1,6374.03,0.05,6055.33
ITEM00002853,ORD0001273,PROD00050,3,29435.69,0.1,79476.36
ITEM00002854,ORD0003872,PROD00096,5,8593.11,0.05,40817.27
ITEM00002855,ORD0002767,PROD00087,2,12584.23,0.05,23910.04
ITEM00002856,ORD0001409,PROD00039,5,5270.61,0.0,26353.05
ITEM00002857,ORD0003440,PROD00015,5,16977.12,0.1,76397.04
ITEM00002858,ORD0000776,PROD00087,2,12584.23,0.1,22651.61
ITEM00002859,ORD0003157,PROD00031,2,27602.46,0.0,55204.92
ITEM00002860,ORD0003560,PROD00017,1,1380.2,0.0,1380.2
ITEM00002861,ORD0000819,PROD00060,4,26022.82,0.0,104091.28
ITEM00002862,ORD0000554,PROD00028,1,3343.12,0.0,3343.12
ITEM00002863,ORD0001314,PROD00098,3,11569.88,0.0,34709.64
ITEM00002864,ORD0002032,PROD00093,1,10532.57,0.05,10005.94
ITEM00002865,ORD0001892,PROD00052,2,3686.71,0.05,7004.75
ITEM00002866,ORD0004165,PROD00033,4,14237.63,0.1,51255.47
ITEM00002867,ORD0004036,PROD00027,2,6847.94,0.0,13695.88
ITEM00002868,ORD0003009,PROD00032,1,21985.37,0.0,21985.37
ITEM00002869,ORD0002771,PROD00077,2,4512.83,0.1,8123.09
ITEM00002870,ORD0000248,PROD00012,3,41743.91,0.05,118970.14
ITEM00002871,ORD0002445,PROD00038,3,11449.14,0.05,32630.05
ITEM00002872,ORD0002653,PROD00099,3,1583.05,0.15,4036.78
ITEM00002873,ORD0003218,PROD00001,3,24639.04,0.1,66525.41
ITEM00002874,ORD0002499,PROD00059,2,12601.2,0.1,22682.16
ITEM00002875,ORD0004073,PROD00011,2,39396.81,0.05,74853.94
ITEM00002876,ORD0001768,PROD00073,3,22314.85,0.1,60250.09
ITEM00002877,ORD0001965,PROD00093,2,10532.57,0.1,18958.63
ITEM00002878,ORD0000757,PROD00067,1,9721.17,0.1,8749.05
ITEM00002879,ORD0000975,PROD00063,5,12483.91,0.2,49935.64
ITEM00002880,ORD0001240,PROD00027,1,6847.94,0.0,6847.94
ITEM00002881,ORD0001772,PROD00004,4,14185.5,0.0,56742.0
ITEM00002882,ORD0003886,PROD00100,2,5870.04,0.05,11153.08
ITEM00002883,ORD0000680,PROD00059,2,12601.2,0.1,22682.16
ITEM00002884,ORD0001095,PROD00028,4,3343.12,0.0,13372.48
ITEM00002885,ORD0002834,PROD00079,2,28032.28,0.0,56064.56
ITEM00002886,ORD0003764,PROD00020,3,36266.39,0.0,108799.17
ITEM00002887,ORD0001889,PROD00080,5,1983.77,0.1,8926.96
ITEM00002888,ORD0000431,PROD00081,1,11731.11,0.1,10558.0
ITEM00002889,ORD0000077,PROD00092,2,22785.65,0.1,41014.17
ITEM00002890,ORD0003963,PROD00048,5,19471.18,0.05,92488.1
ITEM00002891,ORD0003833,PROD00090,2,24075.28,0.05,45743.03
ITEM00002892,ORD0001962,PROD00036,1,25163.54,0.05,23905.36
ITEM00002893,ORD0002824,PROD00092,5,22785.65,0.05,108231.84
ITEM00002894,ORD0000070,PROD00011,3,39396.81,0.0,118190.43
ITEM00002895,ORD0004092,PROD00097,1,31284.13,0.05,29719.92
ITEM00002896,ORD0003610,PROD00059,3,12601.2,0.05,35913.42
ITEM00002897,ORD0001180,PROD00100,2,5870.04,0.0,11740.08
ITEM00002898,ORD0001483,PROD00075,5,21538.55,0.05,102308.11
ITEM00002899,ORD0001313,PROD00096,3,8593.11,0.1,23201.4
ITEM00002900,ORD0002242,PROD00007,4,3268.05,0.0,13072.2
ITEM00002901,ORD0000876,PROD00039,2,5270.61,0.05,10014.16
ITEM00002902,ORD0002746,PROD00083,2,996.44,0.0,1992.88
ITEM00002903,ORD0001473,PROD00092,5,22785.65,0.0,113928.25
ITEM00002904,ORD0002421,PROD00015,4,16977.12,0.0,67908.48
ITEM00002905,ORD0004064,PROD00059,1,12601.2,0.2,10080.96
ITEM00002906,ORD0002165,PROD00024,2,21256.79,0.0,42513.58
ITEM00002907,ORD0000617,PROD00065,1,15361.54,0.1,13825.39
ITEM00002908,ORD0001602,PROD00011,2,39396.81,0.0,78793.62
ITEM00002909,ORD0002369,PROD00076,5,8213.19,0.0,41065.95
ITEM00002910,ORD0004014,PROD00049,1,36803.75,0.05,34963.56
ITEM00002911,ORD0004044,PROD00018,4,18573.59,0.05,70579.64
ITEM00002912,ORD0003288,PROD00091,3,36997.61,0.0,110992.83
ITEM00002913,ORD0001450,PROD00015,3,16977.12,0.05,48384.79
ITEM00002914,ORD0001028,PROD00022,4,36913.73,0.2,118123.94
ITEM00002915,ORD0003542,PROD00074,2,7552.65,0.2,12084.24
ITEM00002916,ORD0002770,PROD00004,5,14185.5,0.0,70927.5
ITEM00002917,ORD0002320,PROD00088,1,32457.45,0.15,27588.83
ITEM00002918,ORD0002917,PROD00030,4,31849.17,0.05,121026.85
ITEM00002919,ORD0000523,PROD00057,5,31419.96,0.05,149244.81
ITEM00002920,ORD0002929,PROD00058,3,18182.64,0.05,51820.52
ITEM00002921,ORD0003097,PROD00028,2,3343.12,0.0,6686.24
ITEM00002922,ORD0000628,PROD00012,3,41743.91,0.05,118970.14
ITEM00002923,ORD0000803,PROD00001,1,24639.04,0.05,23407.09
ITEM00002924,ORD0001437,PROD00075,3,21538.55,0.0,64615.65
ITEM00002925,ORD0001295,PROD00057,5,31419.96,0.1,141389.82
ITEM00002926,ORD0002391,PROD00099,2,1583.05,0.05,3007.79
ITEM00002927,ORD0002761,PROD00009,5,28460.8,0.0,142304.0
ITEM00002928,ORD0002910,PROD00030,4,31849.17,0.1,114657.01
ITEM00002929,ORD0000274,PROD00050,3,29435.69,0.05,83891.72
ITEM00002930,ORD0001034,PROD00095,4,2383.13,0.15,8102.64
ITEM00002931,ORD0001414,PROD00086,4,7222.29,0.15,24555.79
ITEM00002932,ORD0002759,PROD00030,1,31849.17,0.1,28664.25
ITEM00002933,ORD0003715,PROD00057,3,31419.96,0.1,84833.89
ITEM00002934,ORD0003207,PROD00005,4,25505.44,0.0,102021.76
ITEM00002935,ORD0002465,PROD00091,5,36997.61,0.1,166489.24
ITEM00002936,ORD0003788,PROD00073,1,22314.85,0.0,22314.85
ITEM00002937,ORD0003069,PROD00013,1,12889.42,0.0,12889.42
ITEM00002938,ORD0001801,PROD00093,4,10532.57,0.0,42130.28
ITEM00002939,ORD0001177,PROD00076,4,8213.19,0.15,27924.85
ITEM00002940,ORD0002591,PROD00075,4,21538.55,0.0,86154.2
ITEM00002941,ORD0000575,PROD00077,1,4512.83,0.0,4512.83
ITEM00002942,ORD0002560,PROD00019,3,21401.39,0.15,54573.54
ITEM00002943,ORD0000295,PROD00087,1,12584.23,0.0,12584.23
ITEM00002944,ORD0003767,PROD00001,3,24639.04,0.05,70221.26
ITEM00002945,ORD0000705,PROD00040,3,26930.85,0.05,76752.92
ITEM00002946,ORD0002036,PROD00014,4,32042.32,0.15,108943.89
ITEM00002947,ORD0001610,PROD00010,1,21479.33,0.15,18257.43
ITEM00002948,ORD0002746,PROD00063,4,12483.91,0.1,44942.08
ITEM00002949,ORD0000454,PROD00015,1,16977.12,0.0,16977.12
ITEM00002950,ORD0003513,PROD00009,3,28460.8,0.0,85382.4
ITEM00002951,ORD0001112,PROD00009,4,28460.8,0.15,96766.72
ITEM00002952,ORD0003749,PROD00006,4,6374.03,0.0,25496.12
ITEM00002953,ORD0003785,PROD00060,3,26022.82,0.1,70261.61
ITEM00002954,ORD0000067,PROD00089,3,38999.15,0.1,105297.71
ITEM00002955,ORD0002617,PROD00063,4,12483.91,0.15,42445.29
ITEM00002956,ORD0000757,PROD00091,2,36997.61,0.1,66595.7
ITEM00002957,ORD0003236,PROD00070,4,2111.98,0.0,8447.92
ITEM00002958,ORD0000464,PROD00096,4,8593.11,0.0,34372.44
ITEM00002959,ORD0000352,PROD00049,5,36803.75,0.05,174817.81
ITEM00002960,ORD0000609,PROD00009,3,28460.8,0.0,85382.4
ITEM00002961,ORD0001475,PROD00051,3,26642.17,0.0,79926.51
ITEM00002962,ORD0000997,PROD00088,5,32457.45,0.05,154172.89
ITEM00002963,ORD0001590,PROD00050,4,29435.69,0.0,117742.76
ITEM00002964,ORD0003615,PROD00052,1,3686.71,0.0,3686.71
ITEM00002965,ORD0000835,PROD00077,5,4512.83,0.1,20307.74
ITEM00002966,ORD0004163,PROD00016,5,39122.87,0.0,195614.35
ITEM00002967,ORD0003448,PROD00034,1,6989.97,0.15,5941.47
ITEM00002968,ORD0000339,PROD00056,2,23188.7,0.05,44058.53
ITEM00002969,ORD0002857,PROD00049,1,36803.75,0.0,36803.75
ITEM00002970,ORD0003518,PROD00027,4,6847.94,0.15,23283.0
ITEM00002971,ORD0002065,PROD00004,3,14185.5,0.0,42556.5
ITEM00002972,ORD0004182,PROD00037,3,10709.86,0.0,32129.58
ITEM00002973,ORD0002508,PROD00035,3,29473.68,0.0,88421.04
ITEM00002974,ORD0000337,PROD00073,4,22314.85,0.05,84796.43
ITEM00002975,ORD0001013,PROD00024,5,21256.79,0.05,100969.75
ITEM00002976,ORD0003094,PROD00084,1,33636.84,0.05,31955.0
ITEM00002977,ORD0000179,PROD00024,5,21256.79,0.15,90341.36
ITEM00002978,ORD0003427,PROD00012,4,41743.91,0.05,158626.86
ITEM00002979,ORD0002239,PROD00093,4,10532.57,0.0,42130.28
ITEM00002980,ORD0002678,PROD00033,2,14237.63,0.15,24203.97
ITEM00002981,ORD0004089,PROD00076,5,8213.19,0.0,41065.95
ITEM00002982,ORD0000810,PROD00093,5,10532.57,0.0,52662.85
ITEM00002983,ORD0001429,PROD00047,1,19432.07,0.1,17488.86
ITEM00002984,ORD0001053,PROD00038,1,11449.14,0.1,10304.23
ITEM00002985,ORD0000127,PROD00051,4,26642.17,0.05,101240.25
ITEM00002986,ORD0002641,PROD00095,4,2383.13,0.0,9532.52
ITEM00002987,ORD0002608,PROD00055,5,23334.75,0.0,116673.75
ITEM00002988,ORD0003008,PROD00019,3,21401.39,0.15,54573.54
ITEM00002989,ORD0003102,PROD00056,3,23188.7,0.1,62609.49
ITEM00002990,ORD0004010,PROD00091,2,36997.61,0.0,73995.22
ITEM00002991,ORD0003032,PROD00085,4,30956.16,0.15,105250.94
ITEM00002992,ORD0002736,PROD00033,4,14237.63,0.0,56950.52
ITEM00002993,ORD0001474,PROD00079,5,28032.28,0.0,140161.4
ITEM00002994,ORD0000940,PROD00099,5,1583.05,0.1,7123.72
ITEM00002995,ORD0001208,PROD00046,4,17992.73,0.0,71970.92
ITEM00002996,ORD0000060,PROD00003,3,4841.6,0.0,14524.8
ITEM00002997,ORD0000213,PROD00016,5,39122.87,0.2,156491.48
ITEM00002998,ORD0001765,PROD00042,4,28474.31,0.1,102507.52
ITEM00002999,ORD0001302,PROD00061,1,29654.17,0.05,28171.46
ITEM00003000,ORD0001421,PROD00086,1,7222.29,0.05,6861.18
ITEM00003001,ORD0000013,PROD00049,3,36803.75,0.05,104890.69
ITEM00003002,ORD0000218,PROD00023,5,10927.01,0.0,54635.05
ITEM00003003,ORD0001557,PROD00077,5,4512.83,0.1,20307.74
ITEM00003004,ORD0004015,PROD00027,4,6847.94,0.0,27391.76
ITEM00003005,ORD0003605,PROD00016,3,39122.87,0.0,117368.61
ITEM00003006,ORD0000154,PROD00072,4,4790.71,0.15,16288.41
ITEM00003007,ORD0001993,PROD00087,1,12584.23,0.05,11955.02
ITEM00003008,ORD0000855,PROD00058,2,18182.64,0.0,36365.28
ITEM00003009,ORD0000024,PROD00048,2,19471.18,0.15,33101.01
ITEM00003010,ORD0002257,PROD00006,4,6374.03,0.05,24221.31
ITEM00003011,ORD0002362,PROD00091,2,36997.61,0.05,70295.46
ITEM00003012,ORD0003935,PROD00002,3,9793.58,0.15,24973.63
ITEM00003013,ORD0000469,PROD00084,3,33636.84,0.05,95864.99
ITEM00003014,ORD0002223,PROD00089,3,38999.15,0.1,105297.71
ITEM00003015,ORD0000348,PROD00060,1,26022.82,0.15,22119.4
ITEM00003016,ORD0004030,PROD00067,1,9721.17,0.05,9235.11
ITEM00003017,ORD0003928,PROD00045,1,24509.37,0.0,24509.37
ITEM00003018,ORD0002864,PROD00014,1,32042.32,0.0,32042.32
ITEM00003019,ORD0000066,PROD00099,5,1583.05,0.0,7915.25
ITEM00003020,ORD0000273,PROD00065,5,15361.54,0.05,72967.32
ITEM00003021,ORD0000358,PROD00069,4,20171.63,0.1,72617.87
ITEM00003022,ORD0003561,PROD00084,3,33636.84,0.05,95864.99
ITEM00003023,ORD0000407,PROD00001,1,24639.04,0.0,24639.04
ITEM00003024,ORD0001451,PROD00058,3,18182.64,0.1,49093.13
ITEM00003025,ORD0004013,PROD00020,2,36266.39,0.0,72532.78
ITEM00003026,ORD0004165,PROD00057,1,31419.96,0.0,31419.96
ITEM00003027,ORD0002406,PROD00076,4,8213.19,0.05,31210.12
ITEM00003028,ORD0001550,PROD00012,3,41743.91,0.0,125231.73
ITEM00003029,ORD0003484,PROD00041,3,31482.01,0.1,85001.43
ITEM00003030,ORD0003847,PROD00085,5,30956.16,0.0,154780.8
ITEM00003031,ORD0000700,PROD00010,5,21479.33,0.1,96656.99
ITEM00003032,ORD0000248,PROD00007,2,3268.05,0.05,6209.3
ITEM00003033,ORD0003664,PROD00088,3,32457.45,0.05,92503.73
ITEM00003034,ORD0003033,PROD00046,2,17992.73,0.15,30587.64
ITEM00003035,ORD0000873,PROD00012,3,41743.91,0.0,125231.73
ITEM00003036,ORD0001423,PROD00045,1,24509.37,0.1,22058.43
ITEM00003037,ORD0002426,PROD00079,5,28032.28,0.1,126145.26
ITEM00003038,ORD0004190,PROD00091,3,36997.61,0.0,110992.83
ITEM00003039,ORD0002007,PROD00004,4,14185.5,0.15,48230.7
ITEM00003040,ORD0000824,PROD00033,2,14237.63,0.0,28475.26
ITEM00003041,ORD0002596,PROD00006,2,6374.03,0.15,10835.85
ITEM00003042,ORD0003049,PROD00100,2,5870.04,0.0,11740.08
ITEM00003043,ORD0001389,PROD00037,1,10709.86,0.05,10174.37
ITEM00003044,ORD0001954,PROD00047,1,19432.07,0.1,17488.86
ITEM00003045,ORD0000178,PROD00052,1,3686.71,0.05,3502.37
ITEM00003046,ORD0002878,PROD00093,3,10532.57,0.05,30017.82
ITEM00003047,ORD0000879,PROD00006,1,6374.03,0.0,6374.03
ITEM00003048,ORD0004161,PROD00098,5,11569.88,0.0,57849.4
ITEM00003049,ORD0003624,PROD00049,1,36803.75,0.1,33123.38
ITEM00003050,ORD0001014,PROD00066,1,45048.76,0.05,42796.32
ITEM00003051,ORD0000669,PROD00083,3,996.44,0.0,2989.32
ITEM00003052,ORD0001822,PROD00078,4,4156.2,0.0,16624.8
ITEM00003053,ORD0001557,PROD00091,5,36997.61,0.0,184988.05
ITEM00003054,ORD0002571,PROD00069,5,20171.63,0.1,90772.34
ITEM00003055,ORD0002131,PROD00002,4,9793.58,0.0,39174.32
ITEM00003056,ORD0003579,PROD00061,5,29654.17,0.0,148270.85
ITEM00003057,ORD0003519,PROD00065,2,15361.54,0.05,29186.93
ITEM00003058,ORD0002260,PROD00074,2,7552.65,0.05,14350.03
ITEM00003059,ORD0001222,PROD00081,1,11731.11,0.0,11731.11
ITEM00003060,ORD0003908,PROD00061,1,29654.17,0.1,26688.75
ITEM00003061,ORD0002208,PROD00076,5,8213.19,0.0,41065.95
ITEM00003062,ORD0001455,PROD00075,3,21538.55,0.0,64615.65
ITEM00003063,ORD0003193,PROD00071,3,10168.48,0.2,24404.35
ITEM00003064,ORD0003097,PROD00041,1,31482.01,0.0,31482.01
ITEM00003065,ORD0002818,PROD00090,5,24075.28,0.1,108338.76
ITEM00003066,ORD0003809,PROD00081,3,11731.11,0.15,29914.33
ITEM00003067,ORD0000515,PROD00057,5,31419.96,0.1,141389.82
ITEM00003068,ORD0000083,PROD00008,5,37921.27,0.05,180126.03
ITEM00003069,ORD0002339,PROD00087,5,12584.23,0.0,62921.15
ITEM00003070,ORD0002939,PROD00042,2,28474.31,0.2,45558.9
ITEM00003071,ORD0001270,PROD00005,3,25505.44,0.0,76516.32
ITEM00003072,ORD0003166,PROD00066,2,45048.76,0.0,90097.52
ITEM00003073,ORD0002304,PROD00023,1,10927.01,0.0,10927.01
ITEM00003074,ORD0002054,PROD00087,4,12584.23,0.05,47820.07
ITEM00003075,ORD0001380,PROD00099,5,1583.05,0.1,7123.72
ITEM00003076,ORD0001840,PROD00090,2,24075.28,0.15,40927.98
ITEM00003077,ORD0000042,PROD00090,3,24075.28,0.0,72225.84
ITEM00003078,ORD0001689,PROD00028,5,3343.12,0.15,14208.26
ITEM00003079,ORD0001066,PROD00025,4,14036.44,0.0,56145.76
ITEM00003080,ORD0002204,PROD00029,3,11616.0,0.1,31363.2
ITEM00003081,ORD0002742,PROD00082,3,24230.95,0.15,61788.92
ITEM00003082,ORD0004086,PROD00062,1,15772.0,0.0,15772.0
ITEM00003083,ORD0002063,PROD00040,3,26930.85,0.2,64634.04
ITEM00003084,ORD0000083,PROD00028,1,3343.12,0.15,2841.65
ITEM00003085,ORD0002176,PROD00076,4,8213.19,0.05,31210.12
ITEM00003086,ORD0002966,PROD00040,5,26930.85,0.1,121188.82
ITEM00003087,ORD0001002,PROD00026,5,20955.68,0.0,104778.4
ITEM00003088,ORD0001454,PROD00029,5,11616.0,0.05,55176.0
ITEM00003089,ORD0000634,PROD00029,2,11616.0,0.05,22070.4
ITEM00003090,ORD0001372,PROD00040,3,26930.85,0.05,76752.92
ITEM00003091,ORD0003186,PROD00067,2,9721.17,0.0,19442.34
ITEM00003092,ORD0000080,PROD00053,2,32924.49,0.05,62556.53
ITEM00003093,ORD0000671,PROD00048,5,19471.18,0.1,87620.31
ITEM00003094,ORD0001275,PROD00071,5,10168.48,0.1,45758.16
ITEM00003095,ORD0001247,PROD00020,4,36266.39,0.0,145065.56
ITEM00003096,ORD0003005,PROD00091,1,36997.61,0.05,35147.73
ITEM00003097,ORD0000904,PROD00037,5,10709.86,0.0,53549.3
ITEM00003098,ORD0002376,PROD00079,1,28032.28,0.1,25229.05
ITEM00003099,ORD0003329,PROD00049,3,36803.75,0.05,104890.69
ITEM00003100,ORD0000056,PROD00024,1,21256.79,0.1,19131.11
ITEM00003101,ORD0003578,PROD00006,2,6374.03,0.1,11473.25
ITEM00003102,ORD0002932,PROD00076,3,8213.19,0.0,24639.57
ITEM00003103,ORD0000176,PROD00039,1,5270.61,0.15,4480.02
ITEM00003104,ORD0001818,PROD00029,2,11616.0,0.0,23232.0
ITEM00003105,ORD0003960,PROD00036,2,25163.54,0.15,42778.02
ITEM00003106,ORD0000830,PROD00008,3,37921.27,0.0,113763.81
ITEM00003107,ORD0003279,PROD00073,1,22314.85,0.0,22314.85
ITEM00003108,ORD0001451,PROD00015,2,16977.12,0.0,33954.24
ITEM00003109,ORD0000363,PROD00004,5,14185.5,0.1,63834.75
ITEM00003110,ORD0003080,PROD00026,1,20955.68,0.05,19907.9
ITEM00003111,ORD0003302,PROD00052,3,3686.71,0.05,10507.12
ITEM00003112,ORD0001321,PROD00067,4,9721.17,0.05,36940.45
ITEM00003113,ORD0003238,PROD00059,3,12601.2,0.0,37803.6
ITEM00003114,ORD0000611,PROD00028,5,3343.12,0.1,15044.04
ITEM00003115,ORD0003373,PROD00027,5,6847.94,0.15,29103.74
ITEM00003116,ORD0000057,PROD00045,1,24509.37,0.0,24509.37
ITEM00003117,ORD0001864,PROD00083,4,996.44,0.1,3587.18
ITEM00003118,ORD0002433,PROD00029,2,11616.0,0.05,22070.4
ITEM00003119,ORD0000147,PROD00084,4,33636.84,0.15,114365.26
ITEM00003120,ORD0000657,PROD00035,3,29473.68,0.1,79578.94
ITEM00003121,ORD0000343,PROD00055,5,23334.75,0.0,116673.75
ITEM00003122,ORD0002953,PROD00008,1,37921.27,0.15,32233.08
ITEM00003123,ORD0002510,PROD00064,5,22156.12,0.15,94163.51
ITEM00003124,ORD0002601,PROD00046,5,17992.73,0.0,89963.65
ITEM00003125,ORD0003714,PROD00043,3,1033.45,0.05,2945.33
ITEM00003126,ORD0000646,PROD00048,3,19471.18,0.05,55492.86
ITEM00003127,ORD0000184,PROD00053,3,32924.49,0.1,88896.12
ITEM00003128,ORD0000754,PROD00043,2,1033.45,0.0,2066.9
ITEM00003129,ORD0003798,PROD00087,3,12584.23,0.15,32089.79
ITEM00003130,ORD0003596,PROD00076,4,8213.19,0.0,32852.76
ITEM00003131,ORD0003980,PROD00049,2,36803.75,0.1,66246.75
ITEM00003132,ORD0004193,PROD00019,5,21401.39,0.0,107006.95
ITEM00003133,ORD0004191,PROD00035,3,29473.68,0.1,79578.94
ITEM00003134,ORD0003976,PROD00038,3,11449.14,0.0,34347.42
ITEM00003135,ORD0001372,PROD00035,2,29473.68,0.05,55999.99
ITEM00003136,ORD0003583,PROD00044,2,25709.47,0.2,41135.15
ITEM00003137,ORD0001629,PROD00014,3,32042.32,0.15,81707.92
ITEM00003138,ORD0003032,PROD00086,5,7222.29,0.05,34305.88
ITEM00003139,ORD0003186,PROD00093,3,10532.57,0.15,26858.05
ITEM00003140,ORD0003342,PROD00071,3,10168.48,0.15,25929.62
ITEM00003141,ORD0001095,PROD00015,5,16977.12,0.1,76397.04
ITEM00003142,ORD0002911,PROD00042,2,28474.31,0.0,56948.62
ITEM00003143,ORD0001664,PROD00048,3,19471.18,0.0,58413.54
ITEM00003144,ORD0002281,PROD00024,4,21256.79,0.2,68021.73
ITEM00003145,ORD0001870,PROD00007,5,3268.05,0.0,16340.25
ITEM00003146,ORD0004083,PROD00082,5,24230.95,0.1,109039.28
ITEM00003147,ORD0001992,PROD00063,4,12483.91,0.0,49935.64
ITEM00003148,ORD0000994,PROD00097,4,31284.13,0.1,112622.87
ITEM00003149,ORD0000321,PROD00092,1,22785.65,0.0,22785.65
ITEM00003150,ORD0000043,PROD00097,5,31284.13,0.1,140778.58
ITEM00003151,ORD0001079,PROD00076,1,8213.19,0.1,7391.87
ITEM00003152,ORD0000873,PROD00014,2,32042.32,0.15,54471.94
ITEM00003153,ORD0000487,PROD00040,5,26930.85,0.05,127921.54
ITEM00003154,ORD0002962,PROD00097,2,31284.13,0.05,59439.85
ITEM00003155,ORD0001833,PROD00084,4,33636.84,0.05,127819.99
ITEM00003156,ORD0000975,PROD00055,1,23334.75,0.1,21001.28
ITEM00003157,ORD0001884,PROD00089,2,38999.15,0.0,77998.3
ITEM00003158,ORD0002056,PROD00062,2,15772.0,0.05,29966.8
ITEM00003159,ORD0000348,PROD00052,4,3686.71,0.15,12534.81
ITEM00003160,ORD0001449,PROD00039,1,5270.61,0.0,5270.61
ITEM00003161,ORD0002034,PROD00024,5,21256.79,0.05,100969.75
ITEM00003162,ORD0003522,PROD00013,4,12889.42,0.0,51557.68
ITEM00003163,ORD0003704,PROD00083,2,996.44,0.05,1893.24
ITEM00003164,ORD0000450,PROD00042,3,28474.31,0.05,81151.78
ITEM00003165,ORD0001234,PROD00009,2,28460.8,0.1,51229.44
ITEM00003166,ORD0002115,PROD00020,1,36266.39,0.15,30826.43
ITEM00003167,ORD0003588,PROD00041,4,31482.01,0.0,125928.04
ITEM00003168,ORD0002880,PROD00037,4,10709.86,0.0,42839.44
ITEM00003169,ORD0000565,PROD00083,1,996.44,0.05,946.62
ITEM00003170,ORD0002687,PROD00030,1,31849.17,0.05,30256.71
ITEM00003171,ORD0000533,PROD00049,3,36803.75,0.05,104890.69
ITEM00003172,ORD0002574,PROD00062,5,15772.0,0.0,78860.0
ITEM00003173,ORD0003867,PROD00014,4,32042.32,0.05,121760.82
ITEM00003174,ORD0002542,PROD00067,5,9721.17,0.05,46175.56
ITEM00003175,ORD0000836,PROD00090,3,24075.28,0.0,72225.84
ITEM00003176,ORD0001426,PROD00006,2,6374.03,0.1,11473.25
ITEM00003177,ORD0000812,PROD00006,4,6374.03,0.0,25496.12
ITEM00003178,ORD0000051,PROD00086,5,7222.29,0.15,30694.73
ITEM00003179,ORD0001430,PROD00044,3,25709.47,0.15,65559.15
ITEM00003180,ORD0001743,PROD00012,2,41743.91,0.2,66790.26
ITEM00003181,ORD0000168,PROD00075,5,21538.55,0.0,107692.75
ITEM00003182,ORD0002413,PROD00063,4,12483.91,0.0,49935.64
ITEM00003183,ORD0002034,PROD00009,2,28460.8,0.1,51229.44
ITEM00003184,ORD0004016,PROD00038,4,11449.14,0.1,41216.9
ITEM00003185,ORD0000356,PROD00058,3,18182.64,0.0,54547.92
ITEM00003186,ORD0001536,PROD00024,2,21256.79,0.0,42513.58
ITEM00003187,ORD0000766,PROD00032,5,21985.37,0.0,109926.85
ITEM00003188,ORD0003476,PROD00058,3,18182.64,0.0,54547.92
ITEM00003189,ORD0000628,PROD00039,2,5270.61,0.0,10541.22
ITEM00003190,ORD0000409,PROD00008,1,37921.27,0.0,37921.27
ITEM00003191,ORD0000528,PROD00096,1,8593.11,0.05,8163.45
ITEM00003192,ORD0004002,PROD00027,4,6847.94,0.0,27391.76
ITEM00003193,ORD0000815,PROD00039,2,5270.61,0.0,10541.22
ITEM00003194,ORD0001527,PROD00031,2,27602.46,0.05,52444.67
ITEM00003195,ORD0003511,PROD00003,4,4841.6,0.1,17429.76
ITEM00003196,ORD0002708,PROD00093,1,10532.57,0.15,8952.68
ITEM00003197,ORD0000109,PROD00099,1,1583.05,0.05,1503.9
ITEM00003198,ORD0002933,PROD00096,5,8593.11,0.0,42965.55
ITEM00003199,ORD0002473,PROD00054,1,36912.87,0.0,36912.87
ITEM00003200,ORD0000007,PROD00026,3,20955.68,0.0,62867.04
ITEM00003201,ORD0003108,PROD00018,4,18573.59,0.0,74294.36
ITEM00003202,ORD0003502,PROD00073,5,22314.85,0.0,111574.25
ITEM00003203,ORD0000881,PROD00042,2,28474.31,0.15,48406.33
ITEM00003204,ORD0001916,PROD00071,5,10168.48,0.2,40673.92
ITEM00003205,ORD0003263,PROD00060,5,26022.82,0.15,110596.98
ITEM00003206,ORD0003152,PROD00021,5,22045.15,0.0,110225.75
ITEM00003207,ORD0002758,PROD00096,2,8593.11,0.0,17186.22
ITEM00003208,ORD0001133,PROD00001,2,24639.04,0.0,49278.08
ITEM00003209,ORD0002165,PROD00081,2,11731.11,0.0,23462.22
ITEM00003210,ORD0004099,PROD00075,5,21538.55,0.2,86154.2
ITEM00003211,ORD0003186,PROD00001,3,24639.04,0.05,70221.26
ITEM00003212,ORD0000520,PROD00044,4,25709.47,0.0,102837.88
ITEM00003213,ORD0002408,PROD00030,4,31849.17,0.1,114657.01
ITEM00003214,ORD0000934,PROD00037,5,10709.86,0.1,48194.37
ITEM00003215,ORD0002778,PROD00001,1,24639.04,0.0,24639.04
ITEM00003216,ORD0003615,PROD00091,1,36997.61,0.1,33297.85
ITEM00003217,ORD0002349,PROD00072,1,4790.71,0.1,4311.64
ITEM00003218,ORD0000090,PROD00039,2,5270.61,0.15,8960.04
ITEM00003219,ORD0003901,PROD00014,4,32042.32,0.0,128169.28
ITEM00003220,ORD0000866,PROD00046,3,17992.73,0.1,48580.37
ITEM00003221,ORD0002645,PROD00051,2,26642.17,0.15,45291.69
ITEM00003222,ORD0000276,PROD00040,5,26930.85,0.05,127921.54
ITEM00003223,ORD0001915,PROD00061,2,29654.17,0.05,56342.92
ITEM00003224,ORD0003830,PROD00094,3,30366.64,0.1,81989.93
ITEM00003225,ORD0003863,PROD00045,4,24509.37,0.0,98037.48
ITEM00003226,ORD0003064,PROD00079,2,28032.28,0.05,53261.33
ITEM00003227,ORD0002052,PROD00060,5,26022.82,0.05,123608.4
ITEM00003228,ORD0002075,PROD00039,1,5270.61,0.0,5270.61
ITEM00003229,ORD0002236,PROD00019,1,21401.39,0.1,19261.25
ITEM00003230,ORD0002838,PROD00062,4,15772.0,0.0,63088.0
ITEM00003231,ORD0003004,PROD00016,4,39122.87,0.05,148666.91
ITEM00003232,ORD0002874,PROD00054,4,36912.87,0.0,147651.48
ITEM00003233,ORD0003421,PROD00084,4,33636.84,0.15,114365.26
ITEM00003234,ORD0000776,PROD00054,4,36912.87,0.0,147651.48
ITEM00003235,ORD0002868,PROD00043,1,1033.45,0.1,930.1
ITEM00003236,ORD0000867,PROD00036,4,25163.54,0.1,90588.74
ITEM00003237,ORD0002604,PROD00027,1,6847.94,0.05,6505.54
ITEM00003238,ORD0002912,PROD00027,4,6847.94,0.05,26022.17
ITEM00003239,ORD0002949,PROD00012,5,41743.91,0.05,198283.57
ITEM00003240,ORD0003420,PROD00009,1,28460.8,0.05,27037.76
ITEM00003241,ORD0000745,PROD00068,1,27586.06,0.0,27586.06
ITEM00003242,ORD0000504,PROD00072,5,4790.71,0.05,22755.87
ITEM00003243,ORD0001441,PROD00086,1,7222.29,0.05,6861.18
ITEM00003244,ORD0002118,PROD00018,2,18573.59,0.05,35289.82
ITEM00003245,ORD0001323,PROD00056,3,23188.7,0.15,59131.19
ITEM00003246,ORD0001402,PROD00006,3,6374.03,0.2,15297.67
ITEM00003247,ORD0001098,PROD00100,5,5870.04,0.05,27882.69
ITEM00003248,ORD0004152,PROD00090,1,24075.28,0.05,22871.52
ITEM00003249,ORD0001076,PROD00059,2,12601.2,0.1,22682.16
ITEM00003250,ORD0003834,PROD00021,5,22045.15,0.0,110225.75
ITEM00003251,ORD0003943,PROD00002,1,9793.58,0.05,9303.9
ITEM00003252,ORD0003464,PROD00051,5,26642.17,0.2,106568.68
ITEM00003253,ORD0003605,PROD00091,2,36997.61,0.1,66595.7
ITEM00003254,ORD0001362,PROD00030,4,31849.17,0.05,121026.85
ITEM00003255,ORD0002493,PROD00075,3,21538.55,0.1,58154.08
ITEM00003256,ORD0000054,PROD00037,2,10709.86,0.0,21419.72
ITEM00003257,ORD0000529,PROD00079,2,28032.28,0.0,56064.56
ITEM00003258,ORD0001709,PROD00012,2,41743.91,0.0,83487.82
ITEM00003259,ORD0002484,PROD00057,1,31419.96,0.2,25135.97
ITEM00003260,ORD0000155,PROD00081,1,11731.11,0.0,11731.11
ITEM00003261,ORD0002381,PROD00084,3,33636.84,0.2,80728.42
ITEM00003262,ORD0000776,PROD00003,5,4841.6,0.0,24208.0
ITEM00003263,ORD0003166,PROD00048,5,19471.18,0.1,87620.31
ITEM00003264,ORD0003902,PROD00057,5,31419.96,0.15,133534.83
ITEM00003265,ORD0002231,PROD00081,1,11731.11,0.05,11144.55
ITEM00003266,ORD0003644,PROD00023,3,10927.01,0.0,32781.03
ITEM00003267,ORD0003676,PROD00037,2,10709.86,0.15,18206.76
ITEM00003268,ORD0003242,PROD00032,3,21985.37,0.0,65956.11
ITEM00003269,ORD0001993,PROD00049,1,36803.75,0.0,36803.75
ITEM00003270,ORD0001561,PROD00063,1,12483.91,0.0,12483.91
ITEM00003271,ORD0001213,PROD00032,3,21985.37,0.0,65956.11
ITEM00003272,ORD0001922,PROD00077,2,4512.83,0.0,9025.66
ITEM00003273,ORD0002073,PROD00084,3,33636.84,0.0,100910.52
ITEM00003274,ORD0003713,PROD00066,3,45048.76,0.05,128388.97
ITEM00003275,ORD0001201,PROD00092,1,22785.65,0.1,20507.09
ITEM00003276,ORD0001538,PROD00074,4,7552.65,0.15,25679.01
ITEM00003277,ORD0001843,PROD00100,1,5870.04,0.1,5283.04
ITEM00003278,ORD0002700,PROD00058,2,18182.64,0.1,32728.75
ITEM00003279,ORD0000136,PROD00089,4,38999.15,0.0,155996.6
ITEM00003280,ORD0001926,PROD00053,4,32924.49,0.1,118528.16
ITEM00003281,ORD0002293,PROD00036,4,25163.54,0.05,95621.45
ITEM00003282,ORD0003283,PROD00024,3,21256.79,0.0,63770.37
ITEM00003283,ORD0004116,PROD00080,5,1983.77,0.1,8926.96
ITEM00003284,ORD0003402,PROD00056,2,23188.7,0.0,46377.4
ITEM00003285,ORD0000910,PROD00051,5,26642.17,0.0,133210.85
ITEM00003286,ORD0003330,PROD00029,1,11616.0,0.05,11035.2
ITEM00003287,ORD0002405,PROD00080,3,1983.77,0.1,5356.18
ITEM00003288,ORD0002831,PROD00086,1,7222.29,0.05,6861.18
ITEM00003289,ORD0002705,PROD00014,2,32042.32,0.05,60880.41
ITEM00003290,ORD0003320,PROD00081,2,11731.11,0.05,22289.11
ITEM00003291,ORD0000427,PROD00030,1,31849.17,0.0,31849.17
ITEM00003292,ORD0003981,PROD00071,2,10168.48,0.0,20336.96
ITEM00003293,ORD0000602,PROD00046,4,17992.73,0.0,71970.92
ITEM00003294,ORD0000012,PROD00075,2,21538.55,0.05,40923.24
ITEM00003295,ORD0004126,PROD00050,3,29435.69,0.15,75061.01
ITEM00003296,ORD0000871,PROD00009,3,28460.8,0.0,85382.4
ITEM00003297,ORD0003097,PROD00036,1,25163.54,0.0,25163.54
ITEM00003298,ORD0003777,PROD00095,5,2383.13,0.05,11319.87
ITEM00003299,ORD0000046,PROD00004,1,14185.5,0.15,12057.68
ITEM00003300,ORD0002139,PROD00010,1,21479.33,0.15,18257.43
ITEM00003301,ORD0002931,PROD00085,5,30956.16,0.0,154780.8
ITEM00003302,ORD0002936,PROD00019,3,21401.39,0.0,64204.17
ITEM00003303,ORD0002298,PROD00028,2,3343.12,0.0,6686.24
ITEM00003304,ORD0000270,PROD00073,2,22314.85,0.0,44629.7
ITEM00003305,ORD0001695,PROD00088,4,32457.45,0.15,110355.33
ITEM00003306,ORD0001430,PROD00081,2,11731.11,0.0,23462.22
ITEM00003307,ORD0001150,PROD00013,1,12889.42,0.05,12244.95
ITEM00003308,ORD0003667,PROD00041,2,31482.01,0.0,62964.02
ITEM00003309,ORD0000761,PROD00026,4,20955.68,0.0,83822.72
ITEM00003310,ORD0002304,PROD00083,5,996.44,0.05,4733.09
ITEM00003311,ORD0003077,PROD00083,1,996.44,0.2,797.15
ITEM00003312,ORD0000769,PROD00085,4,30956.16,0.1,111442.18
ITEM00003313,ORD0002029,PROD00025,1,14036.44,0.15,11930.97
ITEM00003314,ORD0002013,PROD00097,4,31284.13,0.05,118879.69
ITEM00003315,ORD0002652,PROD00023,5,10927.01,0.05,51903.3
ITEM00003316,ORD0001772,PROD00090,3,24075.28,0.0,72225.84
ITEM00003317,ORD0000535,PROD00086,4,7222.29,0.0,28889.16
ITEM00003318,ORD0004021,PROD00015,3,16977.12,0.2,40745.09
ITEM00003319,ORD0002060,PROD00079,5,28032.28,0.1,126145.26
ITEM00003320,ORD0003314,PROD00088,3,32457.45,0.05,92503.73
ITEM00003321,ORD0001528,PROD00024,5,21256.79,0.05,100969.75
ITEM00003322,ORD0001060,PROD00099,3,1583.05,0.1,4274.23
ITEM00003323,ORD0001806,PROD00085,5,30956.16,0.0,154780.8
ITEM00003324,ORD0003251,PROD00049,1,36803.75,0.0,36803.75
ITEM00003325,ORD0003924,PROD00011,2,39396.81,0.15,66974.58
ITEM00003326,ORD0002613,PROD00017,5,1380.2,0.1,6210.9
ITEM00003327,ORD0001604,PROD00021,4,22045.15,0.0,88180.6
ITEM00003328,ORD0002060,PROD00083,5,996.44,0.05,4733.09
ITEM00003329,ORD0003862,PROD00093,4,10532.57,0.0,42130.28
ITEM00003330,ORD0001724,PROD00011,4,39396.81,0.1,141828.52
ITEM00003331,ORD0000247,PROD00059,1,12601.2,0.0,12601.2
ITEM00003332,ORD0001030,PROD00098,1,11569.88,0.1,10412.89
ITEM00003333,ORD0003642,PROD00024,2,21256.79,0.05,40387.9
ITEM00003334,ORD0000702,PROD00048,3,19471.18,0.05,55492.86
ITEM00003335,ORD0000185,PROD00084,4,33636.84,0.0,134547.36
ITEM00003336,ORD0001021,PROD00078,5,4156.2,0.1,18702.9
ITEM00003337,ORD0002977,PROD00074,2,7552.65,0.1,13594.77
ITEM00003338,ORD0000284,PROD00080,3,1983.77,0.0,5951.31
ITEM00003339,ORD0001063,PROD00089,5,38999.15,0.15,165746.39
ITEM00003340,ORD0003033,PROD00019,3,21401.39,0.0,64204.17
ITEM00003341,ORD0001948,PROD00079,4,28032.28,0.05,106522.66
ITEM00003342,ORD0003920,PROD00026,3,20955.68,0.0,62867.04
ITEM00003343,ORD0001287,PROD00094,5,30366.64,0.0,151833.2
ITEM00003344,ORD0003955,PROD00064,5,22156.12,0.05,105241.57
ITEM00003345,ORD0001339,PROD00010,1,21479.33,0.0,21479.33
ITEM00003346,ORD0002968,PROD00026,4,20955.68,0.0,83822.72
ITEM00003347,ORD0001246,PROD00037,1,10709.86,0.0,10709.86
ITEM00003348,ORD0001326,PROD00010,3,21479.33,0.0,64437.99
ITEM00003349,ORD0001955,PROD00086,3,7222.29,0.0,21666.87
ITEM00003350,ORD0000655,PROD00011,1,39396.81,0.0,39396.81
ITEM00003351,ORD0002389,PROD00041,4,31482.01,0.0,125928.04
ITEM00003352,ORD0002620,PROD00003,4,4841.6,0.15,16461.44
ITEM00003353,ORD0002065,PROD00078,5,4156.2,0.0,20781.0
ITEM00003354,ORD0004095,PROD00059,3,12601.2,0.0,37803.6
ITEM00003355,ORD0000684,PROD00043,4,1033.45,0.0,4133.8
ITEM00003356,ORD0001834,PROD00098,3,11569.88,0.0,34709.64
ITEM00003357,ORD0002276,PROD00040,5,26930.85,0.0,134654.25
ITEM00003358,ORD0000792,PROD00063,5,12483.91,0.0,62419.55
ITEM00003359,ORD0002170,PROD00040,3,26930.85,0.1,72713.3
ITEM00003360,ORD0003164,PROD00003,3,4841.6,0.05,13798.56
ITEM00003361,ORD0002076,PROD00053,3,32924.49,0.2,79018.78
ITEM00003362,ORD0002825,PROD00011,1,39396.81,0.0,39396.81
ITEM00003363,ORD0002170,PROD00065,5,15361.54,0.05,72967.32
ITEM00003364,ORD0003083,PROD00074,5,7552.65,0.0,37763.25
ITEM00003365,ORD0000399,PROD00087,2,12584.23,0.0,25168.46
ITEM00003366,ORD0002949,PROD00099,3,1583.05,0.1,4274.23
ITEM00003367,ORD0003552,PROD00032,2,21985.37,0.0,43970.74
ITEM00003368,ORD0000050,PROD00011,3,39396.81,0.0,118190.43
ITEM00003369,ORD0001108,PROD00034,4,6989.97,0.0,27959.88
ITEM00003370,ORD0002609,PROD00038,3,11449.14,0.05,32630.05
ITEM00003371,ORD0000143,PROD00014,2,32042.32,0.0,64084.64
ITEM00003372,ORD0001280,PROD00017,1,1380.2,0.1,1242.18
ITEM00003373,ORD0000438,PROD00013,2,12889.42,0.0,25778.84
ITEM00003374,ORD0000008,PROD00012,3,41743.91,0.0,125231.73
ITEM00003375,ORD0003580,PROD00098,1,11569.88,0.0,11569.88
ITEM00003376,ORD0001462,PROD00059,2,12601.2,0.0,25202.4
ITEM00003377,ORD0001201,PROD00009,1,28460.8,0.1,25614.72
ITEM00003378,ORD0004182,PROD00059,3,12601.2,0.1,34023.24
ITEM00003379,ORD0002477,PROD00014,2,32042.32,0.0,64084.64
ITEM00003380,ORD0003282,PROD00045,2,24509.37,0.0,49018.74
ITEM00003381,ORD0001930,PROD00013,2,12889.42,0.0,25778.84
ITEM00003382,ORD0000824,PROD00085,2,30956.16,0.05,58816.7
ITEM00003383,ORD0001727,PROD00024,5,21256.79,0.1,95655.56
ITEM00003384,ORD0000691,PROD00013,3,12889.42,0.1,34801.43
ITEM00003385,ORD0002898,PROD00056,3,23188.7,0.05,66087.8
ITEM00003386,ORD0000637,PROD00033,5,14237.63,0.2,56950.52
ITEM00003387,ORD0002654,PROD00040,1,26930.85,0.1,24237.76
ITEM00003388,ORD0003956,PROD00067,1,9721.17,0.0,9721.17
ITEM00003389,ORD0002484,PROD00060,5,26022.82,0.15,110596.98
ITEM00003390,ORD0000815,PROD00066,4,45048.76,0.15,153165.78
ITEM00003391,ORD0002755,PROD00068,5,27586.06,0.0,137930.3
ITEM00003392,ORD0002889,PROD00001,2,24639.04,0.1,44350.27
ITEM00003393,ORD0001485,PROD00052,4,3686.71,0.0,14746.84
ITEM00003394,ORD0003367,PROD00041,1,31482.01,0.1,28333.81
ITEM00003395,ORD0003251,PROD00075,4,21538.55,0.0,86154.2
ITEM00003396,ORD0002242,PROD00097,2,31284.13,0.05,59439.85
ITEM00003397,ORD0002366,PROD00010,4,21479.33,0.0,85917.32
ITEM00003398,ORD0000270,PROD00079,5,28032.28,0.0,140161.4
ITEM00003399,ORD0003507,PROD00065,2,15361.54,0.05,29186.93
ITEM00003400,ORD0001456,PROD00049,3,36803.75,0.15,93849.56
ITEM00003401,ORD0000424,PROD00078,5,4156.2,0.0,20781.0
ITEM00003402,ORD0001001,PROD00056,2,23188.7,0.2,37101.92
ITEM00003403,ORD0000051,PROD00081,1,11731.11,0.05,11144.55
ITEM00003404,ORD0000181,PROD00085,5,30956.16,0.0,154780.8
ITEM00003405,ORD0000387,PROD00045,4,24509.37,0.1,88233.73
ITEM00003406,ORD0002329,PROD00033,5,14237.63,0.0,71188.15
ITEM00003407,ORD0003785,PROD00053,4,32924.49,0.15,111943.27
ITEM00003408,ORD0003369,PROD00089,2,38999.15,0.1,70198.47
ITEM00003409,ORD0001951,PROD00014,1,32042.32,0.2,25633.86
ITEM00003410,ORD0004125,PROD00098,4,11569.88,0.15,39337.59
ITEM00003411,ORD0002834,PROD00048,5,19471.18,0.1,87620.31
ITEM00003412,ORD0003522,PROD00010,5,21479.33,0.15,91287.15
ITEM00003413,ORD0003003,PROD00024,4,21256.79,0.2,68021.73
ITEM00003414,ORD0000904,PROD00062,2,15772.0,0.15,26812.4
ITEM00003415,ORD0000820,PROD00010,1,21479.33,0.15,18257.43
ITEM00003416,ORD0000719,PROD00025,5,14036.44,0.0,70182.2
ITEM00003417,ORD0000379,PROD00075,5,21538.55,0.05,102308.11
ITEM00003418,ORD0001849,PROD00072,3,4790.71,0.05,13653.52
ITEM00003419,ORD0003080,PROD00072,4,4790.71,0.0,19162.84
ITEM00003420,ORD0002200,PROD00006,4,6374.03,0.1,22946.51
ITEM00003421,ORD0001979,PROD00059,3,12601.2,0.05,35913.42
ITEM00003422,ORD0003328,PROD00022,4,36913.73,0.2,118123.94
ITEM00003423,ORD0002068,PROD00062,4,15772.0,0.0,63088.0
ITEM00003424,ORD0003620,PROD00075,1,21538.55,0.05,20461.62
ITEM00003425,ORD0003405,PROD00003,3,4841.6,0.05,13798.56
ITEM00003426,ORD0002399,PROD00080,5,1983.77,0.0,9918.85
ITEM00003427,ORD0003060,PROD00098,5,11569.88,0.05,54956.93
ITEM00003428,ORD0003871,PROD00100,1,5870.04,0.05,5576.54
ITEM00003429,ORD0003594,PROD00004,2,14185.5,0.05,26952.45
ITEM00003430,ORD0002882,PROD00003,2,4841.6,0.05,9199.04
ITEM00003431,ORD0000990,PROD00086,2,7222.29,0.05,13722.35
ITEM00003432,ORD0000809,PROD00058,4,18182.64,0.0,72730.56
ITEM00003433,ORD0003370,PROD00039,3,5270.61,0.05,15021.24
ITEM00003434,ORD0004192,PROD00068,1,27586.06,0.0,27586.06
ITEM00003435,ORD0003552,PROD00091,2,36997.61,0.05,70295.46
ITEM00003436,ORD0001286,PROD00042,4,28474.31,0.15,96812.65
ITEM00003437,ORD0001809,PROD00003,4,4841.6,0.05,18398.08
ITEM00003438,ORD0003854,PROD00030,3,31849.17,0.0,95547.51
ITEM00003439,ORD0001408,PROD00066,2,45048.76,0.1,81087.77
ITEM00003440,ORD0000274,PROD00063,1,12483.91,0.15,10611.32
ITEM00003441,ORD0003072,PROD00066,4,45048.76,0.0,180195.04
ITEM00003442,ORD0000650,PROD00042,1,28474.31,0.2,22779.45
ITEM00003443,ORD0000812,PROD00089,4,38999.15,0.05,148196.77
ITEM00003444,ORD0003403,PROD00057,1,31419.96,0.05,29848.96
ITEM00003445,ORD0003262,PROD00044,4,25709.47,0.1,92554.09
ITEM00003446,ORD0000474,PROD00082,3,24230.95,0.1,65423.57
ITEM00003447,ORD0003507,PROD00083,4,996.44,0.0,3985.76
ITEM00003448,ORD0001926,PROD00025,4,14036.44,0.1,50531.18
ITEM00003449,ORD0003196,PROD00020,5,36266.39,0.0,181331.95
ITEM00003450,ORD0001815,PROD00029,2,11616.0,0.05,22070.4
ITEM00003451,ORD0000457,PROD00077,1,4512.83,0.15,3835.91
ITEM00003452,ORD0001882,PROD00070,1,2111.98,0.0,2111.98
ITEM00003453,ORD0001148,PROD00008,5,37921.27,0.05,180126.03
ITEM00003454,ORD0003352,PROD00086,1,7222.29,0.1,6500.06
ITEM00003455,ORD0001504,PROD00058,1,18182.64,0.0,18182.64
ITEM00003456,ORD0002775,PROD00034,1,6989.97,0.1,6290.97
ITEM00003457,ORD0003487,PROD00024,5,21256.79,0.0,106283.95
ITEM00003458,ORD0002782,PROD00089,3,38999.15,0.0,116997.45
ITEM00003459,ORD0002781,PROD00085,2,30956.16,0.1,55721.09
ITEM00003460,ORD0002616,PROD00041,2,31482.01,0.0,62964.02
ITEM00003461,ORD0003320,PROD00037,5,10709.86,0.0,53549.3
ITEM00003462,ORD0003308,PROD00004,4,14185.5,0.1,51067.8
ITEM00003463,ORD0000037,PROD00095,2,2383.13,0.05,4527.95
ITEM00003464,ORD0002176,PROD00076,1,8213.19,0.1,7391.87
ITEM00003465,ORD0001613,PROD00088,4,32457.45,0.15,110355.33
ITEM00003466,ORD0000289,PROD00092,4,22785.65,0.1,82028.34
ITEM00003467,ORD0001479,PROD00071,4,10168.48,0.1,36606.53
ITEM00003468,ORD0001380,PROD00065,2,15361.54,0.15,26114.62
ITEM00003469,ORD0001828,PROD00004,3,14185.5,0.05,40428.67
ITEM00003470,ORD0003821,PROD00015,5,16977.12,0.15,72152.76
ITEM00003471,ORD0002476,PROD00007,3,3268.05,0.05,9313.94
ITEM00003472,ORD0001779,PROD00086,1,7222.29,0.05,6861.18
ITEM00003473,ORD0000190,PROD00020,1,36266.39,0.05,34453.07
ITEM00003474,ORD0001276,PROD00029,2,11616.0,0.05,22070.4
ITEM00003475,ORD0000183,PROD00001,1,24639.04,0.15,20943.18
ITEM00003476,ORD0003439,PROD00056,3,23188.7,0.1,62609.49
ITEM00003477,ORD0000558,PROD00065,1,15361.54,0.1,13825.39
ITEM00003478,ORD0003638,PROD00047,2,19432.07,0.1,34977.73
ITEM00003479,ORD0001546,PROD00006,5,6374.03,0.1,28683.14
ITEM00003480,ORD0000559,PROD00077,2,4512.83,0.15,7671.81
ITEM00003481,ORD0002890,PROD00076,3,8213.19,0.1,22175.61
ITEM00003482,ORD0003243,PROD00029,2,11616.0,0.2,18585.6
ITEM00003483,ORD0001566,PROD00005,4,25505.44,0.05,96920.67
ITEM00003484,ORD0004096,PROD00081,2,11731.11,0.15,19942.89
ITEM00003485,ORD0002219,PROD00002,1,9793.58,0.05,9303.9
ITEM00003486,ORD0003409,PROD00049,3,36803.75,0.0,110411.25
ITEM00003487,ORD0003750,PROD00097,1,31284.13,0.0,31284.13
ITEM00003488,ORD0003786,PROD00086,2,7222.29,0.05,13722.35
ITEM00003489,ORD0001112,PROD00001,4,24639.04,0.0,98556.16
ITEM00003490,ORD0002884,PROD00038,3,11449.14,0.15,29195.31
ITEM00003491,ORD0003673,PROD00011,2,39396.81,0.15,66974.58
ITEM00003492,ORD0002407,PROD00019,5,21401.39,0.05,101656.6
ITEM00003493,ORD0001594,PROD00062,4,15772.0,0.05,59933.6
ITEM00003494,ORD0001580,PROD00012,4,41743.91,0.0,166975.64
ITEM00003495,ORD0003755,PROD00056,3,23188.7,0.05,66087.8
ITEM00003496,ORD0000962,PROD00044,3,25709.47,0.05,73271.99
ITEM00003497,ORD0003179,PROD00086,3,7222.29,0.15,18416.84
ITEM00003498,ORD0001908,PROD00098,5,11569.88,0.2,46279.52
ITEM00003499,ORD0001675,PROD00060,3,26022.82,0.0,78068.46
ITEM00003500,ORD0004136,PROD00062,5,15772.0,0.05,74917.0
ITEM00003501,ORD0002984,PROD00092,4,22785.65,0.1,82028.34
ITEM00003502,ORD0003736,PROD00024,1,21256.79,0.0,21256.79
ITEM00003503,ORD0001363,PROD00069,3,20171.63,0.1,54463.4
ITEM00003504,ORD0001761,PROD00028,4,3343.12,0.2,10697.98
ITEM00003505,ORD0002238,PROD00031,4,27602.46,0.0,110409.84
ITEM00003506,ORD0001184,PROD00083,3,996.44,0.1,2690.39
ITEM00003507,ORD0003376,PROD00037,4,10709.86,0.05,40697.47
ITEM00003508,ORD0003429,PROD00016,4,39122.87,0.15,133017.76
ITEM00003509,ORD0001367,PROD00013,3,12889.42,0.0,38668.26
ITEM00003510,ORD0000248,PROD00068,2,27586.06,0.0,55172.12
ITEM00003511,ORD0001229,PROD00100,2,5870.04,0.05,11153.08
ITEM00003512,ORD0003965,PROD00086,5,7222.29,0.1,32500.3
ITEM00003513,ORD0003695,PROD00065,1,15361.54,0.0,15361.54
ITEM00003514,ORD0002451,PROD00056,1,23188.7,0.1,20869.83
ITEM00003515,ORD0002317,PROD00072,3,4790.71,0.0,14372.13
ITEM00003516,ORD0000459,PROD00016,5,39122.87,0.15,166272.2
ITEM00003517,ORD0000121,PROD00083,5,996.44,0.0,4982.2
ITEM00003518,ORD0002430,PROD00030,4,31849.17,0.15,108287.18
ITEM00003519,ORD0001267,PROD00033,5,14237.63,0.1,64069.34
ITEM00003520,ORD0002879,PROD00029,4,11616.0,0.15,39494.4
ITEM00003521,ORD0002015,PROD00009,3,28460.8,0.15,72575.04
ITEM00003522,ORD0003735,PROD00008,2,37921.27,0.0,75842.54
ITEM00003523,ORD0001405,PROD00079,3,28032.28,0.1,75687.16
ITEM00003524,ORD0002309,PROD00037,1,10709.86,0.0,10709.86
ITEM00003525,ORD0000921,PROD00034,2,6989.97,0.1,12581.95
ITEM00003526,ORD0002505,PROD00004,4,14185.5,0.1,51067.8
ITEM00003527,ORD0003264,PROD00035,5,29473.68,0.0,147368.4
ITEM00003528,ORD0003182,PROD00029,2,11616.0,0.0,23232.0
ITEM00003529,ORD0001834,PROD00088,2,32457.45,0.05,61669.16
ITEM00003530,ORD0003778,PROD00062,3,15772.0,0.0,47316.0
ITEM00003531,ORD0000119,PROD00060,1,26022.82,0.1,23420.54
ITEM00003532,ORD0000122,PROD00018,4,18573.59,0.05,70579.64
ITEM00003533,ORD0002969,PROD00009,3,28460.8,0.0,85382.4
ITEM00003534,ORD0001512,PROD00018,1,18573.59,0.0,18573.59
ITEM00003535,ORD0004121,PROD00099,3,1583.05,0.2,3799.32
ITEM00003536,ORD0000252,PROD00072,4,4790.71,0.0,19162.84
ITEM00003537,ORD0000644,PROD00079,5,28032.28,0.1,126145.26
ITEM00003538,ORD0000756,PROD00006,2,6374.03,0.15,10835.85
ITEM00003539,ORD0000411,PROD00052,1,3686.71,0.0,3686.71
ITEM00003540,ORD0002630,PROD00087,5,12584.23,0.0,62921.15
ITEM00003541,ORD0001198,PROD00018,3,18573.59,0.05,52934.73
ITEM00003542,ORD0001009,PROD00060,5,26022.82,0.0,130114.1
ITEM00003543,ORD0001873,PROD00036,4,25163.54,0.0,100654.16
ITEM00003544,ORD0002362,PROD00074,3,7552.65,0.2,18126.36
ITEM00003545,ORD0003304,PROD00032,3,21985.37,0.0,65956.11
ITEM00003546,ORD0002137,PROD00070,2,2111.98,0.0,4223.96
ITEM00003547,ORD0000857,PROD00062,5,15772.0,0.05,74917.0
ITEM00003548,ORD0001077,PROD00093,5,10532.57,0.0,52662.85
ITEM00003549,ORD0001642,PROD00095,3,2383.13,0.0,7149.39
ITEM00003550,ORD0002188,PROD00044,2,25709.47,0.1,46277.05
ITEM00003551,ORD0001280,PROD00039,3,5270.61,0.1,14230.65
ITEM00003552,ORD0003207,PROD00063,4,12483.91,0.05,47438.86
ITEM00003553,ORD0001555,PROD00023,4,10927.01,0.05,41522.64
ITEM00003554,ORD0000707,PROD00042,2,28474.31,0.0,56948.62
ITEM00003555,ORD0000813,PROD00058,4,18182.64,0.1,65457.5
ITEM00003556,ORD0000076,PROD00014,1,32042.32,0.0,32042.32
ITEM00003557,ORD0003412,PROD00015,4,16977.12,0.05,64513.06
ITEM00003558,ORD0002503,PROD00095,1,2383.13,0.0,2383.13
ITEM00003559,ORD0001503,PROD00062,5,15772.0,0.0,78860.0
ITEM00003560,ORD0003898,PROD00034,2,6989.97,0.05,13280.94
ITEM00003561,ORD0000898,PROD00069,5,20171.63,0.05,95815.24
ITEM00003562,ORD0000102,PROD00037,5,10709.86,0.05,50871.84
ITEM00003563,ORD0001759,PROD00027,1,6847.94,0.05,6505.54
ITEM00003564,ORD0001902,PROD00064,4,22156.12,0.05,84193.26
ITEM00003565,ORD0002833,PROD00004,4,14185.5,0.0,56742.0
ITEM00003566,ORD0000317,PROD00027,3,6847.94,0.1,18489.44
ITEM00003567,ORD0001979,PROD00016,2,39122.87,0.2,62596.59
ITEM00003568,ORD0001751,PROD00055,3,23334.75,0.0,70004.25
ITEM00003569,ORD0001425,PROD00083,5,996.44,0.05,4733.09
ITEM00003570,ORD0003616,PROD00019,1,21401.39,0.0,21401.39
ITEM00003571,ORD0001821,PROD00039,1,5270.61,0.0,5270.61
ITEM00003572,ORD0000930,PROD00055,3,23334.75,0.05,66504.04
ITEM00003573,ORD0002650,PROD00039,2,5270.61,0.05,10014.16
ITEM00003574,ORD0000022,PROD00016,5,39122.87,0.1,176052.92
ITEM00003575,ORD0004148,PROD00014,5,32042.32,0.0,160211.6
ITEM00003576,ORD0000892,PROD00041,5,31482.01,0.0,157410.05
ITEM00003577,ORD0000740,PROD00074,2,7552.65,0.0,15105.3
ITEM00003578,ORD0001632,PROD00097,3,31284.13,0.0,93852.39
ITEM00003579,ORD0003352,PROD00087,3,12584.23,0.15,32089.79
ITEM00003580,ORD0003013,PROD00014,1,32042.32,0.1,28838.09
ITEM00003581,ORD0002375,PROD00088,2,32457.45,0.15,55177.66
ITEM00003582,ORD0001305,PROD00014,4,32042.32,0.0,128169.28
ITEM00003583,ORD0003213,PROD00033,2,14237.63,0.05,27051.5
ITEM00003584,ORD0000825,PROD00054,4,36912.87,0.0,147651.48
ITEM00003585,ORD0000539,PROD00038,3,11449.14,0.0,34347.42
ITEM00003586,ORD0000993,PROD00100,4,5870.04,0.15,19958.14
ITEM00003587,ORD0003569,PROD00091,4,36997.61,0.0,147990.44
ITEM00003588,ORD0000500,PROD00031,5,27602.46,0.1,124211.07
ITEM00003589,ORD0000880,PROD00086,2,7222.29,0.1,13000.12
ITEM00003590,ORD0000390,PROD00020,4,36266.39,0.0,145065.56
ITEM00003591,ORD0000264,PROD00023,4,10927.01,0.1,39337.24
ITEM00003592,ORD0001201,PROD00088,4,32457.45,0.05,123338.31
ITEM00003593,ORD0002985,PROD00002,5,9793.58,0.0,48967.9
ITEM00003594,ORD0004098,PROD00094,1,30366.64,0.05,28848.31
ITEM00003595,ORD0001404,PROD00084,1,33636.84,0.0,33636.84
ITEM00003596,ORD0002739,PROD00042,2,28474.31,0.1,51253.76
ITEM00003597,ORD0003033,PROD00097,2,31284.13,0.0,62568.26
ITEM00003598,ORD0001285,PROD00002,5,9793.58,0.05,46519.5
ITEM00003599,ORD0002398,PROD00095,5,2383.13,0.05,11319.87
ITEM00003600,ORD0002814,PROD00086,1,7222.29,0.0,7222.29
ITEM00003601,ORD0002133,PROD00064,2,22156.12,0.1,39881.02
ITEM00003602,ORD0003052,PROD00092,2,22785.65,0.05,43292.74
ITEM00003603,ORD0002297,PROD00066,5,45048.76,0.05,213981.61
ITEM00003604,ORD0002417,PROD00074,2,7552.65,0.1,13594.77
ITEM00003605,ORD0001059,PROD00042,5,28474.31,0.15,121015.82
ITEM00003606,ORD0001346,PROD00093,4,10532.57,0.05,40023.77
ITEM00003607,ORD0001089,PROD00035,2,29473.68,0.2,47157.89
ITEM00003608,ORD0003780,PROD00084,2,33636.84,0.0,67273.68
ITEM00003609,ORD0002019,PROD00023,1,10927.01,0.0,10927.01
ITEM00003610,ORD0003834,PROD00035,5,29473.68,0.05,139999.98
ITEM00003611,ORD0000964,PROD00029,1,11616.0,0.05,11035.2
ITEM00003612,ORD0001663,PROD00017,2,1380.2,0.05,2622.38
ITEM00003613,ORD0001894,PROD00063,3,12483.91,0.05,35579.14
ITEM00003614,ORD0000605,PROD00056,4,23188.7,0.05,88117.06
ITEM00003615,ORD0002654,PROD00080,5,1983.77,0.0,9918.85
ITEM00003616,ORD0002232,PROD00064,1,22156.12,0.0,22156.12
ITEM00003617,ORD0001134,PROD00047,2,19432.07,0.0,38864.14
ITEM00003618,ORD0002913,PROD00085,2,30956.16,0.1,55721.09
ITEM00003619,ORD0002214,PROD00037,4,10709.86,0.0,42839.44
ITEM00003620,ORD0003109,PROD00080,5,1983.77,0.1,8926.96
ITEM00003621,ORD0001775,PROD00074,4,7552.65,0.1,27189.54
ITEM00003622,ORD0000630,PROD00091,5,36997.61,0.0,184988.05
ITEM00003623,ORD0003455,PROD00028,1,3343.12,0.15,2841.65
ITEM00003624,ORD0000402,PROD00077,1,4512.83,0.1,4061.55
ITEM00003625,ORD0000272,PROD00055,1,23334.75,0.0,23334.75
ITEM00003626,ORD0003693,PROD00023,2,10927.01,0.05,20761.32
ITEM00003627,ORD0002173,PROD00050,3,29435.69,0.0,88307.07
ITEM00003628,ORD0000190,PROD00067,2,9721.17,0.0,19442.34
ITEM00003629,ORD0001347,PROD00041,1,31482.01,0.0,31482.01
ITEM00003630,ORD0002991,PROD00065,5,15361.54,0.2,61446.16
ITEM00003631,ORD0002411,PROD00085,1,30956.16,0.0,30956.16
ITEM00003632,ORD0000335,PROD00066,1,45048.76,0.05,42796.32
ITEM00003633,ORD0003414,PROD00004,2,14185.5,0.05,26952.45
ITEM00003634,ORD0001875,PROD00018,3,18573.59,0.1,50148.69
ITEM00003635,ORD0002719,PROD00078,2,4156.2,0.1,7481.16
ITEM00003636,ORD0001239,PROD00072,3,4790.71,0.05,13653.52
ITEM00003637,ORD0002499,PROD00075,3,21538.55,0.15,54923.3
ITEM00003638,ORD0000714,PROD00078,4,4156.2,0.1,14962.32
ITEM00003639,ORD0000090,PROD00038,1,11449.14,0.0,11449.14
ITEM00003640,ORD0004110,PROD00032,4,21985.37,0.0,87941.48
ITEM00003641,ORD0002049,PROD00078,2,4156.2,0.0,8312.4
ITEM00003642,ORD0003861,PROD00031,3,27602.46,0.1,74526.64
ITEM00003643,ORD0001337,PROD00072,4,4790.71,0.0,19162.84
ITEM00003644,ORD0003217,PROD00094,3,30366.64,0.1,81989.93
ITEM00003645,ORD0002236,PROD00038,3,11449.14,0.05,32630.05
ITEM00003646,ORD0000686,PROD00095,3,2383.13,0.0,7149.39
ITEM00003647,ORD0002679,PROD00062,1,15772.0,0.1,14194.8
ITEM00003648,ORD0000486,PROD00034,5,6989.97,0.05,33202.36
ITEM00003649,ORD0001476,PROD00018,2,18573.59,0.0,37147.18
ITEM00003650,ORD0000570,PROD00096,3,8593.11,0.05,24490.36
ITEM00003651,ORD0003959,PROD00062,5,15772.0,0.05,74917.0
ITEM00003652,ORD0001301,PROD00024,3,21256.79,0.0,63770.37
ITEM00003653,ORD0003396,PROD00098,5,11569.88,0.0,57849.4
ITEM00003654,ORD0001022,PROD00026,2,20955.68,0.1,37720.22
ITEM00003655,ORD0002928,PROD00031,2,27602.46,0.05,52444.67
ITEM00003656,ORD0001530,PROD00005,1,25505.44,0.0,25505.44
ITEM00003657,ORD0004155,PROD00087,3,12584.23,0.1,33977.42
ITEM00003658,ORD0000602,PROD00051,4,26642.17,0.05,101240.25
ITEM00003659,ORD0003672,PROD00093,2,10532.57,0.05,20011.88
ITEM00003660,ORD0001604,PROD00043,1,1033.45,0.05,981.78
ITEM00003661,ORD0001047,PROD00083,2,996.44,0.0,1992.88
ITEM00003662,ORD0003025,PROD00003,5,4841.6,0.05,22997.6
ITEM00003663,ORD0001750,PROD00053,5,32924.49,0.0,164622.45
ITEM00003664,ORD0000862,PROD00016,2,39122.87,0.1,70421.17
ITEM00003665,ORD0002785,PROD00073,4,22314.85,0.2,71407.52
ITEM00003666,ORD0001564,PROD00067,2,9721.17,0.0,19442.34
ITEM00003667,ORD0003965,PROD00012,2,41743.91,0.05,79313.43
ITEM00003668,ORD0003513,PROD00007,5,3268.05,0.0,16340.25
ITEM00003669,ORD0001404,PROD00012,1,41743.91,0.05,39656.71
ITEM00003670,ORD0004154,PROD00014,1,32042.32,0.0,32042.32
ITEM00003671,ORD0004176,PROD00009,3,28460.8,0.1,76844.16
ITEM00003672,ORD0001392,PROD00044,4,25709.47,0.05,97695.99
ITEM00003673,ORD0002444,PROD00059,4,12601.2,0.05,47884.56
ITEM00003674,ORD0003558,PROD00087,5,12584.23,0.05,59775.09
ITEM00003675,ORD0000408,PROD00077,2,4512.83,0.2,7220.53
ITEM00003676,ORD0003939,PROD00019,2,21401.39,0.0,42802.78
ITEM00003677,ORD0002300,PROD00037,4,10709.86,0.0,42839.44
ITEM00003678,ORD0000348,PROD00082,4,24230.95,0.0,96923.8
ITEM00003679,ORD0003835,PROD00057,5,31419.96,0.1,141389.82
ITEM00003680,ORD0000722,PROD00055,3,23334.75,0.1,63003.82
ITEM00003681,ORD0000816,PROD00085,4,30956.16,0.15,105250.94
ITEM00003682,ORD0002648,PROD00016,5,39122.87,0.15,166272.2
ITEM00003683,ORD0003558,PROD00050,1,29435.69,0.0,29435.69
ITEM00003684,ORD0000865,PROD00045,1,24509.37,0.0,24509.37
ITEM00003685,ORD0002245,PROD00088,2,32457.45,0.05,61669.16
ITEM00003686,ORD0002427,PROD00050,5,29435.69,0.05,139819.53
ITEM00003687,ORD0000684,PROD00063,2,12483.91,0.05,23719.43
ITEM00003688,ORD0001873,PROD00075,5,21538.55,0.1,96923.48
ITEM00003689,ORD0000954,PROD00073,1,22314.85,0.0,22314.85
ITEM00003690,ORD0000351,PROD00100,4,5870.04,0.1,21132.14
ITEM00003691,ORD0000357,PROD00024,4,21256.79,0.05,80775.8
ITEM00003692,ORD0002400,PROD00073,4,22314.85,0.1,80333.46
ITEM00003693,ORD0004063,PROD00074,4,7552.65,0.1,27189.54
ITEM00003694,ORD0000970,PROD00047,2,19432.07,0.1,34977.73
ITEM00003695,ORD0001797,PROD00046,4,17992.73,0.05,68372.37
ITEM00003696,ORD0001243,PROD00058,3,18182.64,0.15,46365.73
ITEM00003697,ORD0001440,PROD00033,1,14237.63,0.0,14237.63
ITEM00003698,ORD0001930,PROD00070,2,2111.98,0.05,4012.76
ITEM00003699,ORD0002565,PROD00030,1,31849.17,0.0,31849.17
ITEM00003700,ORD0003824,PROD00093,2,10532.57,0.0,21065.14
ITEM00003701,ORD0001823,PROD00062,1,15772.0,0.05,14983.4
ITEM00003702,ORD0003326,PROD00004,4,14185.5,0.1,51067.8
ITEM00003703,ORD0002513,PROD00065,3,15361.54,0.1,41476.16
ITEM00003704,ORD0002627,PROD00060,5,26022.82,0.1,117102.69
ITEM00003705,ORD0001113,PROD00097,2,31284.13,0.1,56311.43
ITEM00003706,ORD0003193,PROD00054,5,36912.87,0.0,184564.35
ITEM00003707,ORD0000063,PROD00052,5,3686.71,0.05,17511.87
ITEM00003708,ORD0002668,PROD00007,2,3268.05,0.0,6536.1
ITEM00003709,ORD0000132,PROD00012,1,41743.91,0.0,41743.91
ITEM00003710,ORD0000782,PROD00032,1,21985.37,0.05,20886.1
ITEM00003711,ORD0003174,PROD00059,2,12601.2,0.0,25202.4
ITEM00003712,ORD0000595,PROD00034,2,6989.97,0.0,13979.94
ITEM00003713,ORD0002483,PROD00013,1,12889.42,0.05,12244.95
ITEM00003714,ORD0000116,PROD00032,1,21985.37,0.15,18687.56
ITEM00003715,ORD0000765,PROD00010,2,21479.33,0.05,40810.73
ITEM00003716,ORD0000409,PROD00043,3,1033.45,0.1,2790.32
ITEM00003717,ORD0002878,PROD00040,5,26930.85,0.15,114456.11
ITEM00003718,ORD0002745,PROD00036,1,25163.54,0.0,25163.54
ITEM00003719,ORD0000959,PROD00058,5,18182.64,0.0,90913.2
ITEM00003720,ORD0001292,PROD00015,4,16977.12,0.05,64513.06
ITEM00003721,ORD0001037,PROD00019,1,21401.39,0.1,19261.25
ITEM00003722,ORD0002866,PROD00031,1,27602.46,0.0,27602.46
ITEM00003723,ORD0002400,PROD00052,5,3686.71,0.15,15668.52
ITEM00003724,ORD0001515,PROD00064,2,22156.12,0.0,44312.24
ITEM00003725,ORD0000394,PROD00073,3,22314.85,0.05,63597.32
ITEM00003726,ORD0003556,PROD00086,3,7222.29,0.0,21666.87
ITEM00003727,ORD0003202,PROD00003,5,4841.6,0.05,22997.6
ITEM00003728,ORD0001650,PROD00057,5,31419.96,0.0,157099.8
ITEM00003729,ORD0003116,PROD00002,1,9793.58,0.0,9793.58
ITEM00003730,ORD0002091,PROD00095,1,2383.13,0.0,2383.13
ITEM00003731,ORD0001621,PROD00007,5,3268.05,0.0,16340.25
ITEM00003732,ORD0003086,PROD00090,5,24075.28,0.0,120376.4
ITEM00003733,ORD0002679,PROD00087,5,12584.23,0.0,62921.15
ITEM00003734,ORD0003142,PROD00001,3,24639.04,0.0,73917.12
ITEM00003735,ORD0001483,PROD00008,3,37921.27,0.0,113763.81
ITEM00003736,ORD0000156,PROD00084,4,33636.84,0.0,134547.36
ITEM00003737,ORD0002827,PROD00035,3,29473.68,0.0,88421.04
ITEM00003738,ORD0003699,PROD00031,3,27602.46,0.15,70386.27
ITEM00003739,ORD0000313,PROD00006,1,6374.03,0.0,6374.03
ITEM00003740,ORD0003481,PROD00023,5,10927.01,0.0,54635.05
ITEM00003741,ORD0000171,PROD00047,5,19432.07,0.1,87444.32
ITEM00003742,ORD0004115,PROD00070,1,2111.98,0.15,1795.18
ITEM00003743,ORD0001107,PROD00055,4,23334.75,0.05,88672.05
ITEM00003744,ORD0003282,PROD00046,5,17992.73,0.05,85465.47
ITEM00003745,ORD0002751,PROD00069,5,20171.63,0.0,100858.15
ITEM00003746,ORD0003845,PROD00067,5,9721.17,0.0,48605.85
ITEM00003747,ORD0001353,PROD00067,1,9721.17,0.2,7776.94
ITEM00003748,ORD0003981,PROD00078,1,4156.2,0.05,3948.39
ITEM00003749,ORD0001933,PROD00062,5,15772.0,0.05,74917.0
ITEM00003750,ORD0001934,PROD00008,5,37921.27,0.0,189606.35
ITEM00003751,ORD0003859,PROD00086,5,7222.29,0.15,30694.73
ITEM00003752,ORD0002849,PROD00023,3,10927.01,0.0,32781.03
ITEM00003753,ORD0002968,PROD00067,2,9721.17,0.15,16525.99
ITEM00003754,ORD0003744,PROD00035,4,29473.68,0.0,117894.72
ITEM00003755,ORD0000032,PROD00091,1,36997.61,0.0,36997.61
ITEM00003756,ORD0001509,PROD00077,3,4512.83,0.1,12184.64
ITEM00003757,ORD0001574,PROD00095,4,2383.13,0.0,9532.52
ITEM00003758,ORD0000660,PROD00077,4,4512.83,0.1,16246.19
ITEM00003759,ORD0001747,PROD00038,5,11449.14,0.05,54383.41
ITEM00003760,ORD0001017,PROD00058,2,18182.64,0.1,32728.75
ITEM00003761,ORD0000902,PROD00037,4,10709.86,0.0,42839.44
ITEM00003762,ORD0002532,PROD00091,1,36997.61,0.0,36997.61
ITEM00003763,ORD0001160,PROD00097,1,31284.13,0.0,31284.13
ITEM00003764,ORD0002644,PROD00068,3,27586.06,0.0,82758.18
ITEM00003765,ORD0003346,PROD00081,4,11731.11,0.0,46924.44
ITEM00003766,ORD0001661,PROD00039,4,5270.61,0.15,17920.07
ITEM00003767,ORD0001615,PROD00065,3,15361.54,0.0,46084.62
ITEM00003768,ORD0001340,PROD00024,3,21256.79,0.05,60581.85
ITEM00003769,ORD0001237,PROD00048,5,19471.18,0.0,97355.9
ITEM00003770,ORD0002796,PROD00033,5,14237.63,0.05,67628.74
ITEM00003771,ORD0000360,PROD00044,3,25709.47,0.05,73271.99
ITEM00003772,ORD0003699,PROD00013,2,12889.42,0.0,25778.84
ITEM00003773,ORD0004147,PROD00010,4,21479.33,0.0,85917.32
ITEM00003774,ORD0001986,PROD00044,2,25709.47,0.05,48847.99
ITEM00003775,ORD0001717,PROD00033,1,14237.63,0.15,12101.99
ITEM00003776,ORD0004080,PROD00087,2,12584.23,0.1,22651.61
ITEM00003777,ORD0001404,PROD00085,5,30956.16,0.15,131563.68
ITEM00003778,ORD0003848,PROD00010,3,21479.33,0.0,64437.99
ITEM00003779,ORD0003980,PROD00014,2,32042.32,0.0,64084.64
ITEM00003780,ORD0003796,PROD00086,3,7222.29,0.05,20583.53
ITEM00003781,ORD0003446,PROD00058,2,18182.64,0.05,34547.02
ITEM00003782,ORD0001121,PROD00012,3,41743.91,0.0,125231.73
ITEM00003783,ORD0004038,PROD00090,3,24075.28,0.05,68614.55
ITEM00003784,ORD0000498,PROD00049,5,36803.75,0.0,184018.75
ITEM00003785,ORD0004011,PROD00018,5,18573.59,0.0,92867.95
ITEM00003786,ORD0002834,PROD00092,2,22785.65,0.05,43292.74
ITEM00003787,ORD0001219,PROD00010,4,21479.33,0.1,77325.59
ITEM00003788,ORD0003732,PROD00005,3,25505.44,0.0,76516.32
ITEM00003789,ORD0002849,PROD00082,3,24230.95,0.0,72692.85
ITEM00003790,ORD0000098,PROD00062,4,15772.0,0.2,50470.4
ITEM00003791,ORD0003493,PROD00065,4,15361.54,0.05,58373.85
ITEM00003792,ORD0000568,PROD00090,1,24075.28,0.0,24075.28
ITEM00003793,ORD0000674,PROD00079,2,28032.28,0.1,50458.1
ITEM00003794,ORD0004147,PROD00075,3,21538.55,0.15,54923.3
ITEM00003795,ORD0003410,PROD00088,4,32457.45,0.1,116846.82
ITEM00003796,ORD0003033,PROD00018,2,18573.59,0.0,37147.18
ITEM00003797,ORD0001148,PROD00070,1,2111.98,0.0,2111.98
ITEM00003798,ORD0002278,PROD00090,4,24075.28,0.05,91486.06
ITEM00003799,ORD0000214,PROD00066,2,45048.76,0.1,81087.77
ITEM00003800,ORD0000382,PROD00096,5,8593.11,0.1,38669.0
ITEM00003801,ORD0001498,PROD00033,4,14237.63,0.0,56950.52
ITEM00003802,ORD0001439,PROD00099,2,1583.05,0.2,2532.88
ITEM00003803,ORD0003478,PROD00099,2,1583.05,0.15,2691.18
ITEM00003804,ORD0003598,PROD00046,3,17992.73,0.15,45881.46
ITEM00003805,ORD0003583,PROD00044,5,25709.47,0.0,128547.35
ITEM00003806,ORD0000131,PROD00094,2,30366.64,0.0,60733.28
ITEM00003807,ORD0002028,PROD00079,3,28032.28,0.0,84096.84
ITEM00003808,ORD0001911,PROD00009,4,28460.8,0.15,96766.72
ITEM00003809,ORD0001261,PROD00060,2,26022.82,0.15,44238.79
ITEM00003810,ORD0001178,PROD00090,2,24075.28,0.0,48150.56
ITEM00003811,ORD0003972,PROD00020,1,36266.39,0.0,36266.39
ITEM00003812,ORD0003584,PROD00081,1,11731.11,0.1,10558.0
ITEM00003813,ORD0001753,PROD00004,2,14185.5,0.0,28371.0
ITEM00003814,ORD0000153,PROD00032,1,21985.37,0.0,21985.37
ITEM00003815,ORD0003621,PROD00074,1,7552.65,0.05,7175.02
ITEM00003816,ORD0003706,PROD00001,2,24639.04,0.05,46814.18
ITEM00003817,ORD0000589,PROD00067,3,9721.17,0.05,27705.33
ITEM00003818,ORD0001034,PROD00068,3,27586.06,0.0,82758.18
ITEM00003819,ORD0000771,PROD00025,2,14036.44,0.0,28072.88
ITEM00003820,ORD0002458,PROD00011,1,39396.81,0.05,37426.97
ITEM00003821,ORD0003128,PROD00078,4,4156.2,0.05,15793.56
ITEM00003822,ORD0003534,PROD00021,1,22045.15,0.05,20942.89
ITEM00003823,ORD0002729,PROD00033,2,14237.63,0.1,25627.73
ITEM00003824,ORD0000579,PROD00009,4,28460.8,0.15,96766.72
ITEM00003825,ORD0000100,PROD00042,4,28474.31,0.1,102507.52
ITEM00003826,ORD0000325,PROD00001,3,24639.04,0.05,70221.26
ITEM00003827,ORD0002041,PROD00017,1,1380.2,0.05,1311.19
ITEM00003828,ORD0003960,PROD00014,5,32042.32,0.05,152201.02
ITEM00003829,ORD0000680,PROD00013,5,12889.42,0.1,58002.39
ITEM00003830,ORD0001310,PROD00013,1,12889.42,0.15,10956.01
ITEM00003831,ORD0003258,PROD00017,3,1380.2,0.05,3933.57
ITEM00003832,ORD0003153,PROD00039,1,5270.61,0.1,4743.55
ITEM00003833,ORD0001999,PROD00001,2,24639.04,0.05,46814.18
ITEM00003834,ORD0000315,PROD00065,3,15361.54,0.0,46084.62
ITEM00003835,ORD0001240,PROD00024,2,21256.79,0.1,38262.22
ITEM00003836,ORD0000907,PROD00080,5,1983.77,0.05,9422.91
ITEM00003837,ORD0003266,PROD00010,5,21479.33,0.05,102026.82
ITEM00003838,ORD0002031,PROD00017,5,1380.2,0.15,5865.85
ITEM00003839,ORD0002452,PROD00081,1,11731.11,0.1,10558.0
ITEM00003840,ORD0002888,PROD00029,2,11616.0,0.15,19747.2
ITEM00003841,ORD0000376,PROD00009,5,28460.8,0.15,120958.4
ITEM00003842,ORD0003051,PROD00010,1,21479.33,0.05,20405.36
ITEM00003843,ORD0000885,PROD00067,2,9721.17,0.1,17498.11
ITEM00003844,ORD0001191,PROD00028,4,3343.12,0.1,12035.23
ITEM00003845,ORD0000026,PROD00100,2,5870.04,0.0,11740.08
ITEM00003846,ORD0002656,PROD00008,3,37921.27,0.05,108075.62
ITEM00003847,ORD0000468,PROD00067,1,9721.17,0.0,9721.17
ITEM00003848,ORD0000472,PROD00067,5,9721.17,0.05,46175.56
ITEM00003849,ORD0001527,PROD00081,5,11731.11,0.05,55722.77
ITEM00003850,ORD0003156,PROD00068,2,27586.06,0.1,49654.91
ITEM00003851,ORD0000871,PROD00059,1,12601.2,0.15,10711.02
ITEM00003852,ORD0003690,PROD00088,1,32457.45,0.0,32457.45
ITEM00003853,ORD0000383,PROD00053,3,32924.49,0.1,88896.12
ITEM00003854,ORD0003370,PROD00039,5,5270.61,0.0,26353.05
ITEM00003855,ORD0003533,PROD00007,4,3268.05,0.0,13072.2
ITEM00003856,ORD0000278,PROD00003,4,4841.6,0.05,18398.08
ITEM00003857,ORD0000551,PROD00067,1,9721.17,0.1,8749.05
ITEM00003858,ORD0002263,PROD00055,4,23334.75,0.0,93339.0
ITEM00003859,ORD0003636,PROD00058,5,18182.64,0.1,81821.88
ITEM00003860,ORD0002078,PROD00062,5,15772.0,0.0,78860.0
ITEM00003861,ORD0001375,PROD00047,5,19432.07,0.15,82586.3
ITEM00003862,ORD0001446,PROD00098,1,11569.88,0.0,11569.88
ITEM00003863,ORD0001588,PROD00047,5,19432.07,0.1,87444.32
ITEM00003864,ORD0001773,PROD00100,1,5870.04,0.05,5576.54
ITEM00003865,ORD0000577,PROD00084,1,33636.84,0.0,33636.84
ITEM00003866,ORD0000923,PROD00053,2,32924.49,0.0,65848.98
ITEM00003867,ORD0004005,PROD00072,2,4790.71,0.05,9102.35
ITEM00003868,ORD0000654,PROD00065,4,15361.54,0.0,61446.16
ITEM00003869,ORD0003554,PROD00018,2,18573.59,0.0,37147.18
ITEM00003870,ORD0003006,PROD00063,4,12483.91,0.0,49935.64
ITEM00003871,ORD0000312,PROD00093,3,10532.57,0.05,30017.82
ITEM00003872,ORD0003097,PROD00047,1,19432.07,0.05,18460.47
ITEM00003873,ORD0002407,PROD00005,4,25505.44,0.1,91819.58
ITEM00003874,ORD0000621,PROD00031,3,27602.46,0.05,78667.01
ITEM00003875,ORD0001214,PROD00043,1,1033.45,0.05,981.78
ITEM00003876,ORD0000813,PROD00090,1,24075.28,0.05,22871.52
ITEM00003877,ORD0002244,PROD00022,5,36913.73,0.05,175340.22
ITEM00003878,ORD0003013,PROD00060,4,26022.82,0.0,104091.28
ITEM00003879,ORD0003198,PROD00068,4,27586.06,0.1,99309.82
ITEM00003880,ORD0002039,PROD00031,4,27602.46,0.1,99368.86
ITEM00003881,ORD0002416,PROD00073,3,22314.85,0.05,63597.32
ITEM00003882,ORD0001567,PROD00045,1,24509.37,0.1,22058.43
ITEM00003883,ORD0003358,PROD00052,5,3686.71,0.1,16590.2
ITEM00003884,ORD0001928,PROD00066,1,45048.76,0.1,40543.88
ITEM00003885,ORD0004066,PROD00096,4,8593.11,0.0,34372.44
ITEM00003886,ORD0000175,PROD00006,3,6374.03,0.2,15297.67
ITEM00003887,ORD0003596,PROD00051,2,26642.17,0.05,50620.12
ITEM00003888,ORD0003518,PROD00077,3,4512.83,0.1,12184.64
ITEM00003889,ORD0003288,PROD00004,1,14185.5,0.15,12057.68
ITEM00003890,ORD0001150,PROD00099,4,1583.05,0.05,6015.59
ITEM00003891,ORD0003758,PROD00072,1,4790.71,0.15,4072.1
ITEM00003892,ORD0003296,PROD00021,5,22045.15,0.0,110225.75
ITEM00003893,ORD0000943,PROD00023,4,10927.01,0.1,39337.24
ITEM00003894,ORD0004186,PROD00056,2,23188.7,0.05,44058.53
ITEM00003895,ORD0003473,PROD00079,1,28032.28,0.05,26630.67
ITEM00003896,ORD0001306,PROD00063,5,12483.91,0.2,49935.64
ITEM00003897,ORD0004018,PROD00039,4,5270.61,0.1,18974.2
ITEM00003898,ORD0003899,PROD00016,4,39122.87,0.0,156491.48
ITEM00003899,ORD0002886,PROD00059,1,12601.2,0.05,11971.14
ITEM00003900,ORD0003407,PROD00076,1,8213.19,0.15,6981.21
ITEM00003901,ORD0002914,PROD00027,3,6847.94,0.0,20543.82
ITEM00003902,ORD0000920,PROD00049,2,36803.75,0.05,69927.12
ITEM00003903,ORD0004154,PROD00055,4,23334.75,0.0,93339.0
ITEM00003904,ORD0001980,PROD00012,3,41743.91,0.05,118970.14
ITEM00003905,ORD0002392,PROD00004,1,14185.5,0.05,13476.22
ITEM00003906,ORD0000871,PROD00037,5,10709.86,0.0,53549.3
ITEM00003907,ORD0000011,PROD00042,2,28474.31,0.05,54101.19
ITEM00003908,ORD0000075,PROD00006,4,6374.03,0.1,22946.51
ITEM00003909,ORD0000189,PROD00029,3,11616.0,0.0,34848.0
ITEM00003910,ORD0004043,PROD00043,1,1033.45,0.1,930.1
ITEM00003911,ORD0002803,PROD00043,1,1033.45,0.0,1033.45
ITEM00003912,ORD0002553,PROD00013,4,12889.42,0.1,46401.91
ITEM00003913,ORD0003250,PROD00002,4,9793.58,0.05,37215.6
ITEM00003914,ORD0003172,PROD00033,3,14237.63,0.05,40577.25
ITEM00003915,ORD0002338,PROD00091,1,36997.61,0.05,35147.73
ITEM00003916,ORD0002187,PROD00093,2,10532.57,0.15,17905.37
ITEM00003917,ORD0002791,PROD00079,4,28032.28,0.0,112129.12
ITEM00003918,ORD0002173,PROD00067,4,9721.17,0.15,33051.98
ITEM00003919,ORD0002493,PROD00026,3,20955.68,0.0,62867.04
ITEM00003920,ORD0003918,PROD00069,1,20171.63,0.0,20171.63
ITEM00003921,ORD0001867,PROD00078,1,4156.2,0.0,4156.2
ITEM00003922,ORD0003742,PROD00043,3,1033.45,0.15,2635.3
ITEM00003923,ORD0000825,PROD00072,5,4790.71,0.0,23953.55
ITEM00003924,ORD0000347,PROD00026,3,20955.68,0.0,62867.04
ITEM00003925,ORD0000102,PROD00072,2,4790.71,0.05,9102.35
ITEM00003926,ORD0000423,PROD00059,5,12601.2,0.0,63006.0
ITEM00003927,ORD0000386,PROD00094,2,30366.64,0.0,60733.28
ITEM00003928,ORD0000512,PROD00002,2,9793.58,0.05,18607.8
ITEM00003929,ORD0000648,PROD00031,2,27602.46,0.2,44163.94
ITEM00003930,ORD0000351,PROD00044,3,25709.47,0.1,69415.57
ITEM00003931,ORD0002846,PROD00030,5,31849.17,0.15,135358.97
ITEM00003932,ORD0002084,PROD00013,4,12889.42,0.0,51557.68
ITEM00003933,ORD0000837,PROD00037,1,10709.86,0.0,10709.86
ITEM00003934,ORD0004059,PROD00082,2,24230.95,0.15,41192.62
ITEM00003935,ORD0001140,PROD00030,3,31849.17,0.0,95547.51
ITEM00003936,ORD0003059,PROD00062,5,15772.0,0.05,74917.0
ITEM00003937,ORD0003901,PROD00086,5,7222.29,0.0,36111.45
ITEM00003938,ORD0003462,PROD00037,1,10709.86,0.0,10709.86
ITEM00003939,ORD0004082,PROD00036,1,25163.54,0.05,23905.36
ITEM00003940,ORD0002047,PROD00052,4,3686.71,0.0,14746.84
ITEM00003941,ORD0000891,PROD00057,3,31419.96,0.0,94259.88
ITEM00003942,ORD0002045,PROD00008,5,37921.27,0.05,180126.03
ITEM00003943,ORD0000969,PROD00087,2,12584.23,0.0,25168.46
ITEM00003944,ORD0000640,PROD00026,1,20955.68,0.0,20955.68
ITEM00003945,ORD0000753,PROD00030,2,31849.17,0.0,63698.34
ITEM00003946,ORD0000912,PROD00073,3,22314.85,0.0,66944.55
ITEM00003947,ORD0000887,PROD00017,5,1380.2,0.0,6901.0
ITEM00003948,ORD0003094,PROD00038,5,11449.14,0.05,54383.41
ITEM00003949,ORD0004090,PROD00063,4,12483.91,0.1,44942.08
ITEM00003950,ORD0001145,PROD00069,5,20171.63,0.05,95815.24
ITEM00003951,ORD0002549,PROD00090,5,24075.28,0.05,114357.58
ITEM00003952,ORD0000593,PROD00046,1,17992.73,0.0,17992.73
ITEM00003953,ORD0001654,PROD00094,4,30366.64,0.2,97173.25
ITEM00003954,ORD0000825,PROD00025,1,14036.44,0.1,12632.8
ITEM00003955,ORD0002628,PROD00013,3,12889.42,0.0,38668.26
ITEM00003956,ORD0003850,PROD00031,4,27602.46,0.1,99368.86
ITEM00003957,ORD0004017,PROD00044,3,25709.47,0.0,77128.41
ITEM00003958,ORD0001990,PROD00078,1,4156.2,0.1,3740.58
ITEM00003959,ORD0002756,PROD00010,4,21479.33,0.15,73029.72
ITEM00003960,ORD0001033,PROD00095,5,2383.13,0.15,10128.3
ITEM00003961,ORD0001709,PROD00055,3,23334.75,0.0,70004.25
ITEM00003962,ORD0004056,PROD00080,5,1983.77,0.15,8431.02
ITEM00003963,ORD0003175,PROD00091,4,36997.61,0.0,147990.44
ITEM00003964,ORD0003527,PROD00063,1,12483.91,0.2,9987.13
ITEM00003965,ORD0003252,PROD00063,5,12483.91,0.1,56177.6
ITEM00003966,ORD0000218,PROD00008,4,37921.27,0.05,144100.83
ITEM00003967,ORD0000635,PROD00060,1,26022.82,0.0,26022.82
ITEM00003968,ORD0004138,PROD00099,3,1583.05,0.1,4274.23
ITEM00003969,ORD0000170,PROD00063,2,12483.91,0.0,24967.82
ITEM00003970,ORD0004174,PROD00011,5,39396.81,0.15,167436.44
ITEM00003971,ORD0000806,PROD00059,3,12601.2,0.0,37803.6
ITEM00003972,ORD0000249,PROD00009,3,28460.8,0.1,76844.16
ITEM00003973,ORD0003390,PROD00009,5,28460.8,0.0,142304.0
ITEM00003974,ORD0002208,PROD00096,2,8593.11,0.15,14608.29
ITEM00003975,ORD0002922,PROD00002,4,9793.58,0.1,35256.89
ITEM00003976,ORD0003332,PROD00090,4,24075.28,0.05,91486.06
ITEM00003977,ORD0002866,PROD00018,5,18573.59,0.15,78937.76
ITEM00003978,ORD0002984,PROD00008,2,37921.27,0.05,72050.41
ITEM00003979,ORD0002065,PROD00067,5,9721.17,0.05,46175.56
ITEM00003980,ORD0002829,PROD00035,2,29473.68,0.0,58947.36
ITEM00003981,ORD0001034,PROD00037,3,10709.86,0.15,27310.14
ITEM00003982,ORD0003897,PROD00070,4,2111.98,0.05,8025.52
ITEM00003983,ORD0003546,PROD00076,2,8213.19,0.1,14783.74
ITEM00003984,ORD0003939,PROD00092,3,22785.65,0.0,68356.95
ITEM00003985,ORD0000180,PROD00092,1,22785.65,0.0,22785.65
ITEM00003986,ORD0002347,PROD00032,2,21985.37,0.15,37375.13
ITEM00003987,ORD0001766,PROD00086,2,7222.29,0.1,13000.12
ITEM00003988,ORD0002816,PROD00046,2,17992.73,0.0,35985.46
ITEM00003989,ORD0001941,PROD00067,2,9721.17,0.0,19442.34
ITEM00003990,ORD0003001,PROD00013,4,12889.42,0.0,51557.68
ITEM00003991,ORD0000777,PROD00024,5,21256.79,0.1,95655.56
ITEM00003992,ORD0000500,PROD00090,3,24075.28,0.0,72225.84
ITEM00003993,ORD0000813,PROD00069,2,20171.63,0.2,32274.61
ITEM00003994,ORD0002230,PROD00001,4,24639.04,0.05,93628.35
ITEM00003995,ORD0000196,PROD00094,3,30366.64,0.05,86544.92
ITEM00003996,ORD0003288,PROD00079,4,28032.28,0.2,89703.3
ITEM00003997,ORD0000415,PROD00002,2,9793.58,0.05,18607.8
ITEM00003998,ORD0002047,PROD00022,5,36913.73,0.0,184568.65
ITEM00003999,ORD0003815,PROD00020,2,36266.39,0.15,61652.86
ITEM00004000,ORD0002967,PROD00008,5,37921.27,0.15,161165.4
